USUBJID,GFTESTCD,GFTEST,GFTSTDTL,GFORRES,GFORREF,GFSTREFC,GFCHROM,GFSYM,GFSYMTYP,GFGENLOC,GFPVRID,VISIT,GFDTC,GFDY
01-701-1015,SNV,Single Nucleotide Variation,GENOTYPE,T/C,T/T,T/T,19,APOE,GENE WITH PROTEIN PRODUCT,19:44908684,rs429358,SCREENING 1,2013-12-26,-7
01-701-1015,SNV,Single Nucleotide Variation,GENOTYPE,C/C,C/C,C/C,19,APOE,GENE WITH PROTEIN PRODUCT,19:44908822,rs7412,SCREENING 1,2013-12-26,-7
01-701-1015,SNV,Single Nucleotide Variation,GENOTYPE,T/G,T/T,T/T,19,ABCA7,GENE WITH PROTEIN PRODUCT,19:1046521,rs3764650,SCREENING 1,2013-12-26,-7
01-701-1015,SNV,Single Nucleotide Variation,GENOTYPE,G/G,A/A,A/A,2,BIN1,GENE WITH PROTEIN PRODUCT,2:127137039,rs744373,SCREENING 1,2013-12-26,-7
01-701-1015,SNV,Single Nucleotide Variation,GENOTYPE,T/C,T/T,T/T,8,CLU,GENE WITH PROTEIN PRODUCT,8:27607002,rs11136000,SCREENING 1,2013-12-26,-7
01-701-1015,SNV,Single Nucleotide Variation,GENOTYPE,A/A,A/A,A/A,1,CR1,GENE WITH PROTEIN PRODUCT,1:207518704,rs6656401,SCREENING 1,2013-12-26,-7
01-701-1015,SNV,Single Nucleotide Variation,GENOTYPE,T/T,T/T,T/T,7,EPHA1,GENE WITH PROTEIN PRODUCT,7:143412046,rs11767557,SCREENING 1,2013-12-26,-7
01-701-1015,SNV,Single Nucleotide Variation,GENOTYPE,T/T,T/T,T/T,11,MS4A6A,GENE WITH PROTEIN PRODUCT,11:60171834,rs610932,SCREENING 1,2013-12-26,-7
01-701-1015,SNV,Single Nucleotide Variation,GENOTYPE,C/C,T/T,T/T,11,PICALM,GENE WITH PROTEIN PRODUCT,11:86157598,rs3851179,SCREENING 1,2013-12-26,-7
01-701-1015,SNV,Single Nucleotide Variation,GENOTYPE,T/T,T/T,T/T,11,SORL1,GENE WITH PROTEIN PRODUCT,11:121564878,rs11218343,SCREENING 1,2013-12-26,-7
01-701-1015,SNV,Single Nucleotide Variation,GENOTYPE,C/C,C/C,C/C,6,TREM2,GENE WITH PROTEIN PRODUCT,6:41161514,rs75932628,SCREENING 1,2013-12-26,-7
01-701-1015,SNV,Single Nucleotide Variation,GENOTYPE,C/A,C/C,C/C,19,CD33,GENE WITH PROTEIN PRODUCT,19:51224706,rs3865444,SCREENING 1,2013-12-26,-7
01-701-1023,SNV,Single Nucleotide Variation,GENOTYPE,T/C,T/T,T/T,19,APOE,GENE WITH PROTEIN PRODUCT,19:44908684,rs429358,SCREENING 1,2012-07-22,-14
01-701-1023,SNV,Single Nucleotide Variation,GENOTYPE,C/C,C/C,C/C,19,APOE,GENE WITH PROTEIN PRODUCT,19:44908822,rs7412,SCREENING 1,2012-07-22,-14
01-701-1023,SNV,Single Nucleotide Variation,GENOTYPE,T/T,T/T,T/T,19,ABCA7,GENE WITH PROTEIN PRODUCT,19:1046521,rs3764650,SCREENING 1,2012-07-22,-14
01-701-1023,SNV,Single Nucleotide Variation,GENOTYPE,A/G,A/A,A/A,2,BIN1,GENE WITH PROTEIN PRODUCT,2:127137039,rs744373,SCREENING 1,2012-07-22,-14
01-701-1023,SNV,Single Nucleotide Variation,GENOTYPE,T/C,T/T,T/T,8,CLU,GENE WITH PROTEIN PRODUCT,8:27607002,rs11136000,SCREENING 1,2012-07-22,-14
01-701-1023,SNV,Single Nucleotide Variation,GENOTYPE,A/A,A/A,A/A,1,CR1,GENE WITH PROTEIN PRODUCT,1:207518704,rs6656401,SCREENING 1,2012-07-22,-14
01-701-1023,SNV,Single Nucleotide Variation,GENOTYPE,T/C,T/T,T/T,7,EPHA1,GENE WITH PROTEIN PRODUCT,7:143412046,rs11767557,SCREENING 1,2012-07-22,-14
01-701-1023,SNV,Single Nucleotide Variation,GENOTYPE,T/C,T/T,T/T,11,MS4A6A,GENE WITH PROTEIN PRODUCT,11:60171834,rs610932,SCREENING 1,2012-07-22,-14
01-701-1023,SNV,Single Nucleotide Variation,GENOTYPE,T/T,T/T,T/T,11,PICALM,GENE WITH PROTEIN PRODUCT,11:86157598,rs3851179,SCREENING 1,2012-07-22,-14
01-701-1023,SNV,Single Nucleotide Variation,GENOTYPE,T/T,T/T,T/T,11,SORL1,GENE WITH PROTEIN PRODUCT,11:121564878,rs11218343,SCREENING 1,2012-07-22,-14
01-701-1023,SNV,Single Nucleotide Variation,GENOTYPE,C/C,C/C,C/C,6,TREM2,GENE WITH PROTEIN PRODUCT,6:41161514,rs75932628,SCREENING 1,2012-07-22,-14
01-701-1023,SNV,Single Nucleotide Variation,GENOTYPE,C/A,C/C,C/C,19,CD33,GENE WITH PROTEIN PRODUCT,19:51224706,rs3865444,SCREENING 1,2012-07-22,-14
01-701-1028,SNV,Single Nucleotide Variation,GENOTYPE,T/T,T/T,T/T,19,APOE,GENE WITH PROTEIN PRODUCT,19:44908684,rs429358,SCREENING 1,2013-07-11,-8
01-701-1028,SNV,Single Nucleotide Variation,GENOTYPE,C/T,C/C,C/C,19,APOE,GENE WITH PROTEIN PRODUCT,19:44908822,rs7412,SCREENING 1,2013-07-11,-8
01-701-1028,SNV,Single Nucleotide Variation,GENOTYPE,T/G,T/T,T/T,19,ABCA7,GENE WITH PROTEIN PRODUCT,19:1046521,rs3764650,SCREENING 1,2013-07-11,-8
01-701-1028,SNV,Single Nucleotide Variation,GENOTYPE,A/G,A/A,A/A,2,BIN1,GENE WITH PROTEIN PRODUCT,2:127137039,rs744373,SCREENING 1,2013-07-11,-8
01-701-1028,SNV,Single Nucleotide Variation,GENOTYPE,T/C,T/T,T/T,8,CLU,GENE WITH PROTEIN PRODUCT,8:27607002,rs11136000,SCREENING 1,2013-07-11,-8
01-701-1028,SNV,Single Nucleotide Variation,GENOTYPE,A/A,A/A,A/A,1,CR1,GENE WITH PROTEIN PRODUCT,1:207518704,rs6656401,SCREENING 1,2013-07-11,-8
01-701-1028,SNV,Single Nucleotide Variation,GENOTYPE,T/T,T/T,T/T,7,EPHA1,GENE WITH PROTEIN PRODUCT,7:143412046,rs11767557,SCREENING 1,2013-07-11,-8
01-701-1028,SNV,Single Nucleotide Variation,GENOTYPE,T/T,T/T,T/T,11,MS4A6A,GENE WITH PROTEIN PRODUCT,11:60171834,rs610932,SCREENING 1,2013-07-11,-8
01-701-1028,SNV,Single Nucleotide Variation,GENOTYPE,T/T,T/T,T/T,11,PICALM,GENE WITH PROTEIN PRODUCT,11:86157598,rs3851179,SCREENING 1,2013-07-11,-8
01-701-1028,SNV,Single Nucleotide Variation,GENOTYPE,T/T,T/T,T/T,11,SORL1,GENE WITH PROTEIN PRODUCT,11:121564878,rs11218343,SCREENING 1,2013-07-11,-8
01-701-1028,SNV,Single Nucleotide Variation,GENOTYPE,C/C,C/C,C/C,6,TREM2,GENE WITH PROTEIN PRODUCT,6:41161514,rs75932628,SCREENING 1,2013-07-11,-8
01-701-1028,SNV,Single Nucleotide Variation,GENOTYPE,C/C,C/C,C/C,19,CD33,GENE WITH PROTEIN PRODUCT,19:51224706,rs3865444,SCREENING 1,2013-07-11,-8
01-701-1033,SNV,Single Nucleotide Variation,GENOTYPE,T/C,T/T,T/T,19,APOE,GENE WITH PROTEIN PRODUCT,19:44908684,rs429358,SCREENING 1,2014-03-10,-8
01-701-1033,SNV,Single Nucleotide Variation,GENOTYPE,C/C,C/C,C/C,19,APOE,GENE WITH PROTEIN PRODUCT,19:44908822,rs7412,SCREENING 1,2014-03-10,-8
01-701-1033,SNV,Single Nucleotide Variation,GENOTYPE,T/G,T/T,T/T,19,ABCA7,GENE WITH PROTEIN PRODUCT,19:1046521,rs3764650,SCREENING 1,2014-03-10,-8
01-701-1033,SNV,Single Nucleotide Variation,GENOTYPE,A/G,A/A,A/A,2,BIN1,GENE WITH PROTEIN PRODUCT,2:127137039,rs744373,SCREENING 1,2014-03-10,-8
01-701-1033,SNV,Single Nucleotide Variation,GENOTYPE,T/T,T/T,T/T,8,CLU,GENE WITH PROTEIN PRODUCT,8:27607002,rs11136000,SCREENING 1,2014-03-10,-8
01-701-1033,SNV,Single Nucleotide Variation,GENOTYPE,A/A,A/A,A/A,1,CR1,GENE WITH PROTEIN PRODUCT,1:207518704,rs6656401,SCREENING 1,2014-03-10,-8
01-701-1033,SNV,Single Nucleotide Variation,GENOTYPE,T/C,T/T,T/T,7,EPHA1,GENE WITH PROTEIN PRODUCT,7:143412046,rs11767557,SCREENING 1,2014-03-10,-8
01-701-1033,SNV,Single Nucleotide Variation,GENOTYPE,T/C,T/T,T/T,11,MS4A6A,GENE WITH PROTEIN PRODUCT,11:60171834,rs610932,SCREENING 1,2014-03-10,-8
01-701-1033,SNV,Single Nucleotide Variation,GENOTYPE,T/C,T/T,T/T,11,PICALM,GENE WITH PROTEIN PRODUCT,11:86157598,rs3851179,SCREENING 1,2014-03-10,-8
01-701-1033,SNV,Single Nucleotide Variation,GENOTYPE,T/C,T/T,T/T,11,SORL1,GENE WITH PROTEIN PRODUCT,11:121564878,rs11218343,SCREENING 1,2014-03-10,-8
01-701-1033,SNV,Single Nucleotide Variation,GENOTYPE,C/C,C/C,C/C,6,TREM2,GENE WITH PROTEIN PRODUCT,6:41161514,rs75932628,SCREENING 1,2014-03-10,-8
01-701-1033,SNV,Single Nucleotide Variation,GENOTYPE,A/A,C/C,C/C,19,CD33,GENE WITH PROTEIN PRODUCT,19:51224706,rs3865444,SCREENING 1,2014-03-10,-8
01-701-1034,SNV,Single Nucleotide Variation,GENOTYPE,T/C,T/T,T/T,19,APOE,GENE WITH PROTEIN PRODUCT,19:44908684,rs429358,SCREENING 1,2014-06-24,-7
01-701-1034,SNV,Single Nucleotide Variation,GENOTYPE,C/C,C/C,C/C,19,APOE,GENE WITH PROTEIN PRODUCT,19:44908822,rs7412,SCREENING 1,2014-06-24,-7
01-701-1034,SNV,Single Nucleotide Variation,GENOTYPE,T/G,T/T,T/T,19,ABCA7,GENE WITH PROTEIN PRODUCT,19:1046521,rs3764650,SCREENING 1,2014-06-24,-7
01-701-1034,SNV,Single Nucleotide Variation,GENOTYPE,A/A,A/A,A/A,2,BIN1,GENE WITH PROTEIN PRODUCT,2:127137039,rs744373,SCREENING 1,2014-06-24,-7
01-701-1034,SNV,Single Nucleotide Variation,GENOTYPE,T/C,T/T,T/T,8,CLU,GENE WITH PROTEIN PRODUCT,8:27607002,rs11136000,SCREENING 1,2014-06-24,-7
01-701-1034,SNV,Single Nucleotide Variation,GENOTYPE,A/A,A/A,A/A,1,CR1,GENE WITH PROTEIN PRODUCT,1:207518704,rs6656401,SCREENING 1,2014-06-24,-7
01-701-1034,SNV,Single Nucleotide Variation,GENOTYPE,T/T,T/T,T/T,7,EPHA1,GENE WITH PROTEIN PRODUCT,7:143412046,rs11767557,SCREENING 1,2014-06-24,-7
01-701-1034,SNV,Single Nucleotide Variation,GENOTYPE,T/C,T/T,T/T,11,MS4A6A,GENE WITH PROTEIN PRODUCT,11:60171834,rs610932,SCREENING 1,2014-06-24,-7
01-701-1034,SNV,Single Nucleotide Variation,GENOTYPE,T/T,T/T,T/T,11,PICALM,GENE WITH PROTEIN PRODUCT,11:86157598,rs3851179,SCREENING 1,2014-06-24,-7
01-701-1034,SNV,Single Nucleotide Variation,GENOTYPE,T/C,T/T,T/T,11,SORL1,GENE WITH PROTEIN PRODUCT,11:121564878,rs11218343,SCREENING 1,2014-06-24,-7
01-701-1034,SNV,Single Nucleotide Variation,GENOTYPE,C/C,C/C,C/C,6,TREM2,GENE WITH PROTEIN PRODUCT,6:41161514,rs75932628,SCREENING 1,2014-06-24,-7
01-701-1034,SNV,Single Nucleotide Variation,GENOTYPE,C/A,C/C,C/C,19,CD33,GENE WITH PROTEIN PRODUCT,19:51224706,rs3865444,SCREENING 1,2014-06-24,-7
01-701-1047,SNV,Single Nucleotide Variation,GENOTYPE,T/T,T/T,T/T,19,APOE,GENE WITH PROTEIN PRODUCT,19:44908684,rs429358,SCREENING 1,2013-01-22,-21
01-701-1047,SNV,Single Nucleotide Variation,GENOTYPE,C/T,C/C,C/C,19,APOE,GENE WITH PROTEIN PRODUCT,19:44908822,rs7412,SCREENING 1,2013-01-22,-21
01-701-1047,SNV,Single Nucleotide Variation,GENOTYPE,T/T,T/T,T/T,19,ABCA7,GENE WITH PROTEIN PRODUCT,19:1046521,rs3764650,SCREENING 1,2013-01-22,-21
01-701-1047,SNV,Single Nucleotide Variation,GENOTYPE,A/A,A/A,A/A,2,BIN1,GENE WITH PROTEIN PRODUCT,2:127137039,rs744373,SCREENING 1,2013-01-22,-21
01-701-1047,SNV,Single Nucleotide Variation,GENOTYPE,T/T,T/T,T/T,8,CLU,GENE WITH PROTEIN PRODUCT,8:27607002,rs11136000,SCREENING 1,2013-01-22,-21
01-701-1047,SNV,Single Nucleotide Variation,GENOTYPE,A/A,A/A,A/A,1,CR1,GENE WITH PROTEIN PRODUCT,1:207518704,rs6656401,SCREENING 1,2013-01-22,-21
01-701-1047,SNV,Single Nucleotide Variation,GENOTYPE,T/C,T/T,T/T,7,EPHA1,GENE WITH PROTEIN PRODUCT,7:143412046,rs11767557,SCREENING 1,2013-01-22,-21
01-701-1047,SNV,Single Nucleotide Variation,GENOTYPE,T/C,T/T,T/T,11,MS4A6A,GENE WITH PROTEIN PRODUCT,11:60171834,rs610932,SCREENING 1,2013-01-22,-21
01-701-1047,SNV,Single Nucleotide Variation,GENOTYPE,T/C,T/T,T/T,11,PICALM,GENE WITH PROTEIN PRODUCT,11:86157598,rs3851179,SCREENING 1,2013-01-22,-21
01-701-1047,SNV,Single Nucleotide Variation,GENOTYPE,T/T,T/T,T/T,11,SORL1,GENE WITH PROTEIN PRODUCT,11:121564878,rs11218343,SCREENING 1,2013-01-22,-21
01-701-1047,SNV,Single Nucleotide Variation,GENOTYPE,C/C,C/C,C/C,6,TREM2,GENE WITH PROTEIN PRODUCT,6:41161514,rs75932628,SCREENING 1,2013-01-22,-21
01-701-1047,SNV,Single Nucleotide Variation,GENOTYPE,C/C,C/C,C/C,19,CD33,GENE WITH PROTEIN PRODUCT,19:51224706,rs3865444,SCREENING 1,2013-01-22,-21
01-701-1097,SNV,Single Nucleotide Variation,GENOTYPE,T/T,T/T,T/T,19,APOE,GENE WITH PROTEIN PRODUCT,19:44908684,rs429358,SCREENING 1,2013-12-23,-9
01-701-1097,SNV,Single Nucleotide Variation,GENOTYPE,C/C,C/C,C/C,19,APOE,GENE WITH PROTEIN PRODUCT,19:44908822,rs7412,SCREENING 1,2013-12-23,-9
01-701-1097,SNV,Single Nucleotide Variation,GENOTYPE,T/G,T/T,T/T,19,ABCA7,GENE WITH PROTEIN PRODUCT,19:1046521,rs3764650,SCREENING 1,2013-12-23,-9
01-701-1097,SNV,Single Nucleotide Variation,GENOTYPE,A/A,A/A,A/A,2,BIN1,GENE WITH PROTEIN PRODUCT,2:127137039,rs744373,SCREENING 1,2013-12-23,-9
01-701-1097,SNV,Single Nucleotide Variation,GENOTYPE,T/T,T/T,T/T,8,CLU,GENE WITH PROTEIN PRODUCT,8:27607002,rs11136000,SCREENING 1,2013-12-23,-9
01-701-1097,SNV,Single Nucleotide Variation,GENOTYPE,A/A,A/A,A/A,1,CR1,GENE WITH PROTEIN PRODUCT,1:207518704,rs6656401,SCREENING 1,2013-12-23,-9
01-701-1097,SNV,Single Nucleotide Variation,GENOTYPE,T/T,T/T,T/T,7,EPHA1,GENE WITH PROTEIN PRODUCT,7:143412046,rs11767557,SCREENING 1,2013-12-23,-9
01-701-1097,SNV,Single Nucleotide Variation,GENOTYPE,T/T,T/T,T/T,11,MS4A6A,GENE WITH PROTEIN PRODUCT,11:60171834,rs610932,SCREENING 1,2013-12-23,-9
01-701-1097,SNV,Single Nucleotide Variation,GENOTYPE,T/C,T/T,T/T,11,PICALM,GENE WITH PROTEIN PRODUCT,11:86157598,rs3851179,SCREENING 1,2013-12-23,-9
01-701-1097,SNV,Single Nucleotide Variation,GENOTYPE,T/T,T/T,T/T,11,SORL1,GENE WITH PROTEIN PRODUCT,11:121564878,rs11218343,SCREENING 1,2013-12-23,-9
01-701-1097,SNV,Single Nucleotide Variation,GENOTYPE,C/C,C/C,C/C,6,TREM2,GENE WITH PROTEIN PRODUCT,6:41161514,rs75932628,SCREENING 1,2013-12-23,-9
01-701-1097,SNV,Single Nucleotide Variation,GENOTYPE,A/A,C/C,C/C,19,CD33,GENE WITH PROTEIN PRODUCT,19:51224706,rs3865444,SCREENING 1,2013-12-23,-9
01-701-1111,SNV,Single Nucleotide Variation,GENOTYPE,T/T,T/T,T/T,19,APOE,GENE WITH PROTEIN PRODUCT,19:44908684,rs429358,SCREENING 1,2012-08-25,-13
01-701-1111,SNV,Single Nucleotide Variation,GENOTYPE,C/C,C/C,C/C,19,APOE,GENE WITH PROTEIN PRODUCT,19:44908822,rs7412,SCREENING 1,2012-08-25,-13
01-701-1111,SNV,Single Nucleotide Variation,GENOTYPE,T/T,T/T,T/T,19,ABCA7,GENE WITH PROTEIN PRODUCT,19:1046521,rs3764650,SCREENING 1,2012-08-25,-13
01-701-1111,SNV,Single Nucleotide Variation,GENOTYPE,G/G,A/A,A/A,2,BIN1,GENE WITH PROTEIN PRODUCT,2:127137039,rs744373,SCREENING 1,2012-08-25,-13
01-701-1111,SNV,Single Nucleotide Variation,GENOTYPE,T/C,T/T,T/T,8,CLU,GENE WITH PROTEIN PRODUCT,8:27607002,rs11136000,SCREENING 1,2012-08-25,-13
01-701-1111,SNV,Single Nucleotide Variation,GENOTYPE,A/A,A/A,A/A,1,CR1,GENE WITH PROTEIN PRODUCT,1:207518704,rs6656401,SCREENING 1,2012-08-25,-13
01-701-1111,SNV,Single Nucleotide Variation,GENOTYPE,T/T,T/T,T/T,7,EPHA1,GENE WITH PROTEIN PRODUCT,7:143412046,rs11767557,SCREENING 1,2012-08-25,-13
01-701-1111,SNV,Single Nucleotide Variation,GENOTYPE,C/C,T/T,T/T,11,MS4A6A,GENE WITH PROTEIN PRODUCT,11:60171834,rs610932,SCREENING 1,2012-08-25,-13
01-701-1111,SNV,Single Nucleotide Variation,GENOTYPE,C/C,T/T,T/T,11,PICALM,GENE WITH PROTEIN PRODUCT,11:86157598,rs3851179,SCREENING 1,2012-08-25,-13
01-701-1111,SNV,Single Nucleotide Variation,GENOTYPE,T/T,T/T,T/T,11,SORL1,GENE WITH PROTEIN PRODUCT,11:121564878,rs11218343,SCREENING 1,2012-08-25,-13
01-701-1111,SNV,Single Nucleotide Variation,GENOTYPE,C/C,C/C,C/C,6,TREM2,GENE WITH PROTEIN PRODUCT,6:41161514,rs75932628,SCREENING 1,2012-08-25,-13
01-701-1111,SNV,Single Nucleotide Variation,GENOTYPE,C/A,C/C,C/C,19,CD33,GENE WITH PROTEIN PRODUCT,19:51224706,rs3865444,SCREENING 1,2012-08-25,-13
01-701-1115,SNV,Single Nucleotide Variation,GENOTYPE,T/C,T/T,T/T,19,APOE,GENE WITH PROTEIN PRODUCT,19:44908684,rs429358,SCREENING 1,2012-11-23,-7
01-701-1115,SNV,Single Nucleotide Variation,GENOTYPE,C/T,C/C,C/C,19,APOE,GENE WITH PROTEIN PRODUCT,19:44908822,rs7412,SCREENING 1,2012-11-23,-7
01-701-1115,SNV,Single Nucleotide Variation,GENOTYPE,T/G,T/T,T/T,19,ABCA7,GENE WITH PROTEIN PRODUCT,19:1046521,rs3764650,SCREENING 1,2012-11-23,-7
01-701-1115,SNV,Single Nucleotide Variation,GENOTYPE,A/G,A/A,A/A,2,BIN1,GENE WITH PROTEIN PRODUCT,2:127137039,rs744373,SCREENING 1,2012-11-23,-7
01-701-1115,SNV,Single Nucleotide Variation,GENOTYPE,C/C,T/T,T/T,8,CLU,GENE WITH PROTEIN PRODUCT,8:27607002,rs11136000,SCREENING 1,2012-11-23,-7
01-701-1115,SNV,Single Nucleotide Variation,GENOTYPE,A/A,A/A,A/A,1,CR1,GENE WITH PROTEIN PRODUCT,1:207518704,rs6656401,SCREENING 1,2012-11-23,-7
01-701-1115,SNV,Single Nucleotide Variation,GENOTYPE,T/T,T/T,T/T,7,EPHA1,GENE WITH PROTEIN PRODUCT,7:143412046,rs11767557,SCREENING 1,2012-11-23,-7
01-701-1115,SNV,Single Nucleotide Variation,GENOTYPE,T/C,T/T,T/T,11,MS4A6A,GENE WITH PROTEIN PRODUCT,11:60171834,rs610932,SCREENING 1,2012-11-23,-7
01-701-1115,SNV,Single Nucleotide Variation,GENOTYPE,T/C,T/T,T/T,11,PICALM,GENE WITH PROTEIN PRODUCT,11:86157598,rs3851179,SCREENING 1,2012-11-23,-7
01-701-1115,SNV,Single Nucleotide Variation,GENOTYPE,T/T,T/T,T/T,11,SORL1,GENE WITH PROTEIN PRODUCT,11:121564878,rs11218343,SCREENING 1,2012-11-23,-7
01-701-1115,SNV,Single Nucleotide Variation,GENOTYPE,C/C,C/C,C/C,6,TREM2,GENE WITH PROTEIN PRODUCT,6:41161514,rs75932628,SCREENING 1,2012-11-23,-7
01-701-1115,SNV,Single Nucleotide Variation,GENOTYPE,C/A,C/C,C/C,19,CD33,GENE WITH PROTEIN PRODUCT,19:51224706,rs3865444,SCREENING 1,2012-11-23,-7
01-701-1118,SNV,Single Nucleotide Variation,GENOTYPE,T/C,T/T,T/T,19,APOE,GENE WITH PROTEIN PRODUCT,19:44908684,rs429358,SCREENING 1,2014-02-27,-13
01-701-1118,SNV,Single Nucleotide Variation,GENOTYPE,C/C,C/C,C/C,19,APOE,GENE WITH PROTEIN PRODUCT,19:44908822,rs7412,SCREENING 1,2014-02-27,-13
01-701-1118,SNV,Single Nucleotide Variation,GENOTYPE,T/T,T/T,T/T,19,ABCA7,GENE WITH PROTEIN PRODUCT,19:1046521,rs3764650,SCREENING 1,2014-02-27,-13
01-701-1118,SNV,Single Nucleotide Variation,GENOTYPE,A/G,A/A,A/A,2,BIN1,GENE WITH PROTEIN PRODUCT,2:127137039,rs744373,SCREENING 1,2014-02-27,-13
01-701-1118,SNV,Single Nucleotide Variation,GENOTYPE,T/T,T/T,T/T,8,CLU,GENE WITH PROTEIN PRODUCT,8:27607002,rs11136000,SCREENING 1,2014-02-27,-13
01-701-1118,SNV,Single Nucleotide Variation,GENOTYPE,A/A,A/A,A/A,1,CR1,GENE WITH PROTEIN PRODUCT,1:207518704,rs6656401,SCREENING 1,2014-02-27,-13
01-701-1118,SNV,Single Nucleotide Variation,GENOTYPE,T/T,T/T,T/T,7,EPHA1,GENE WITH PROTEIN PRODUCT,7:143412046,rs11767557,SCREENING 1,2014-02-27,-13
01-701-1118,SNV,Single Nucleotide Variation,GENOTYPE,C/C,T/T,T/T,11,MS4A6A,GENE WITH PROTEIN PRODUCT,11:60171834,rs610932,SCREENING 1,2014-02-27,-13
01-701-1118,SNV,Single Nucleotide Variation,GENOTYPE,T/T,T/T,T/T,11,PICALM,GENE WITH PROTEIN PRODUCT,11:86157598,rs3851179,SCREENING 1,2014-02-27,-13
01-701-1118,SNV,Single Nucleotide Variation,GENOTYPE,T/T,T/T,T/T,11,SORL1,GENE WITH PROTEIN PRODUCT,11:121564878,rs11218343,SCREENING 1,2014-02-27,-13
01-701-1118,SNV,Single Nucleotide Variation,GENOTYPE,C/T,C/C,C/C,6,TREM2,GENE WITH PROTEIN PRODUCT,6:41161514,rs75932628,SCREENING 1,2014-02-27,-13
01-701-1118,SNV,Single Nucleotide Variation,GENOTYPE,C/C,C/C,C/C,19,CD33,GENE WITH PROTEIN PRODUCT,19:51224706,rs3865444,SCREENING 1,2014-02-27,-13
01-701-1130,SNV,Single Nucleotide Variation,GENOTYPE,T/T,T/T,T/T,19,APOE,GENE WITH PROTEIN PRODUCT,19:44908684,rs429358,SCREENING 1,2014-02-09,-6
01-701-1130,SNV,Single Nucleotide Variation,GENOTYPE,C/C,C/C,C/C,19,APOE,GENE WITH PROTEIN PRODUCT,19:44908822,rs7412,SCREENING 1,2014-02-09,-6
01-701-1130,SNV,Single Nucleotide Variation,GENOTYPE,T/T,T/T,T/T,19,ABCA7,GENE WITH PROTEIN PRODUCT,19:1046521,rs3764650,SCREENING 1,2014-02-09,-6
01-701-1130,SNV,Single Nucleotide Variation,GENOTYPE,A/G,A/A,A/A,2,BIN1,GENE WITH PROTEIN PRODUCT,2:127137039,rs744373,SCREENING 1,2014-02-09,-6
01-701-1130,SNV,Single Nucleotide Variation,GENOTYPE,C/C,T/T,T/T,8,CLU,GENE WITH PROTEIN PRODUCT,8:27607002,rs11136000,SCREENING 1,2014-02-09,-6
01-701-1130,SNV,Single Nucleotide Variation,GENOTYPE,A/G,A/A,A/A,1,CR1,GENE WITH PROTEIN PRODUCT,1:207518704,rs6656401,SCREENING 1,2014-02-09,-6
01-701-1130,SNV,Single Nucleotide Variation,GENOTYPE,T/T,T/T,T/T,7,EPHA1,GENE WITH PROTEIN PRODUCT,7:143412046,rs11767557,SCREENING 1,2014-02-09,-6
01-701-1130,SNV,Single Nucleotide Variation,GENOTYPE,T/T,T/T,T/T,11,MS4A6A,GENE WITH PROTEIN PRODUCT,11:60171834,rs610932,SCREENING 1,2014-02-09,-6
01-701-1130,SNV,Single Nucleotide Variation,GENOTYPE,T/C,T/T,T/T,11,PICALM,GENE WITH PROTEIN PRODUCT,11:86157598,rs3851179,SCREENING 1,2014-02-09,-6
01-701-1130,SNV,Single Nucleotide Variation,GENOTYPE,T/T,T/T,T/T,11,SORL1,GENE WITH PROTEIN PRODUCT,11:121564878,rs11218343,SCREENING 1,2014-02-09,-6
01-701-1130,SNV,Single Nucleotide Variation,GENOTYPE,C/C,C/C,C/C,6,TREM2,GENE WITH PROTEIN PRODUCT,6:41161514,rs75932628,SCREENING 1,2014-02-09,-6
01-701-1130,SNV,Single Nucleotide Variation,GENOTYPE,C/C,C/C,C/C,19,CD33,GENE WITH PROTEIN PRODUCT,19:51224706,rs3865444,SCREENING 1,2014-02-09,-6
01-701-1133,SNV,Single Nucleotide Variation,GENOTYPE,T/C,T/T,T/T,19,APOE,GENE WITH PROTEIN PRODUCT,19:44908684,rs429358,SCREENING 1,2012-10-23,-5
01-701-1133,SNV,Single Nucleotide Variation,GENOTYPE,C/C,C/C,C/C,19,APOE,GENE WITH PROTEIN PRODUCT,19:44908822,rs7412,SCREENING 1,2012-10-23,-5
01-701-1133,SNV,Single Nucleotide Variation,GENOTYPE,T/T,T/T,T/T,19,ABCA7,GENE WITH PROTEIN PRODUCT,19:1046521,rs3764650,SCREENING 1,2012-10-23,-5
01-701-1133,SNV,Single Nucleotide Variation,GENOTYPE,A/A,A/A,A/A,2,BIN1,GENE WITH PROTEIN PRODUCT,2:127137039,rs744373,SCREENING 1,2012-10-23,-5
01-701-1133,SNV,Single Nucleotide Variation,GENOTYPE,T/C,T/T,T/T,8,CLU,GENE WITH PROTEIN PRODUCT,8:27607002,rs11136000,SCREENING 1,2012-10-23,-5
01-701-1133,SNV,Single Nucleotide Variation,GENOTYPE,A/A,A/A,A/A,1,CR1,GENE WITH PROTEIN PRODUCT,1:207518704,rs6656401,SCREENING 1,2012-10-23,-5
01-701-1133,SNV,Single Nucleotide Variation,GENOTYPE,T/C,T/T,T/T,7,EPHA1,GENE WITH PROTEIN PRODUCT,7:143412046,rs11767557,SCREENING 1,2012-10-23,-5
01-701-1133,SNV,Single Nucleotide Variation,GENOTYPE,T/C,T/T,T/T,11,MS4A6A,GENE WITH PROTEIN PRODUCT,11:60171834,rs610932,SCREENING 1,2012-10-23,-5
01-701-1133,SNV,Single Nucleotide Variation,GENOTYPE,T/C,T/T,T/T,11,PICALM,GENE WITH PROTEIN PRODUCT,11:86157598,rs3851179,SCREENING 1,2012-10-23,-5
01-701-1133,SNV,Single Nucleotide Variation,GENOTYPE,T/T,T/T,T/T,11,SORL1,GENE WITH PROTEIN PRODUCT,11:121564878,rs11218343,SCREENING 1,2012-10-23,-5
01-701-1133,SNV,Single Nucleotide Variation,GENOTYPE,C/C,C/C,C/C,6,TREM2,GENE WITH PROTEIN PRODUCT,6:41161514,rs75932628,SCREENING 1,2012-10-23,-5
01-701-1133,SNV,Single Nucleotide Variation,GENOTYPE,C/A,C/C,C/C,19,CD33,GENE WITH PROTEIN PRODUCT,19:51224706,rs3865444,SCREENING 1,2012-10-23,-5
01-701-1146,SNV,Single Nucleotide Variation,GENOTYPE,T/T,T/T,T/T,19,APOE,GENE WITH PROTEIN PRODUCT,19:44908684,rs429358,SCREENING 1,2013-05-07,-13
01-701-1146,SNV,Single Nucleotide Variation,GENOTYPE,T/T,C/C,C/C,19,APOE,GENE WITH PROTEIN PRODUCT,19:44908822,rs7412,SCREENING 1,2013-05-07,-13
01-701-1146,SNV,Single Nucleotide Variation,GENOTYPE,T/T,T/T,T/T,19,ABCA7,GENE WITH PROTEIN PRODUCT,19:1046521,rs3764650,SCREENING 1,2013-05-07,-13
01-701-1146,SNV,Single Nucleotide Variation,GENOTYPE,A/A,A/A,A/A,2,BIN1,GENE WITH PROTEIN PRODUCT,2:127137039,rs744373,SCREENING 1,2013-05-07,-13
01-701-1146,SNV,Single Nucleotide Variation,GENOTYPE,T/T,T/T,T/T,8,CLU,GENE WITH PROTEIN PRODUCT,8:27607002,rs11136000,SCREENING 1,2013-05-07,-13
01-701-1146,SNV,Single Nucleotide Variation,GENOTYPE,A/G,A/A,A/A,1,CR1,GENE WITH PROTEIN PRODUCT,1:207518704,rs6656401,SCREENING 1,2013-05-07,-13
01-701-1146,SNV,Single Nucleotide Variation,GENOTYPE,T/C,T/T,T/T,7,EPHA1,GENE WITH PROTEIN PRODUCT,7:143412046,rs11767557,SCREENING 1,2013-05-07,-13
01-701-1146,SNV,Single Nucleotide Variation,GENOTYPE,T/T,T/T,T/T,11,MS4A6A,GENE WITH PROTEIN PRODUCT,11:60171834,rs610932,SCREENING 1,2013-05-07,-13
01-701-1146,SNV,Single Nucleotide Variation,GENOTYPE,C/C,T/T,T/T,11,PICALM,GENE WITH PROTEIN PRODUCT,11:86157598,rs3851179,SCREENING 1,2013-05-07,-13
01-701-1146,SNV,Single Nucleotide Variation,GENOTYPE,T/T,T/T,T/T,11,SORL1,GENE WITH PROTEIN PRODUCT,11:121564878,rs11218343,SCREENING 1,2013-05-07,-13
01-701-1146,SNV,Single Nucleotide Variation,GENOTYPE,C/C,C/C,C/C,6,TREM2,GENE WITH PROTEIN PRODUCT,6:41161514,rs75932628,SCREENING 1,2013-05-07,-13
01-701-1146,SNV,Single Nucleotide Variation,GENOTYPE,C/A,C/C,C/C,19,CD33,GENE WITH PROTEIN PRODUCT,19:51224706,rs3865444,SCREENING 1,2013-05-07,-13
01-701-1148,SNV,Single Nucleotide Variation,GENOTYPE,T/C,T/T,T/T,19,APOE,GENE WITH PROTEIN PRODUCT,19:44908684,rs429358,SCREENING 1,2013-08-14,-9
01-701-1148,SNV,Single Nucleotide Variation,GENOTYPE,C/C,C/C,C/C,19,APOE,GENE WITH PROTEIN PRODUCT,19:44908822,rs7412,SCREENING 1,2013-08-14,-9
01-701-1148,SNV,Single Nucleotide Variation,GENOTYPE,T/G,T/T,T/T,19,ABCA7,GENE WITH PROTEIN PRODUCT,19:1046521,rs3764650,SCREENING 1,2013-08-14,-9
01-701-1148,SNV,Single Nucleotide Variation,GENOTYPE,A/G,A/A,A/A,2,BIN1,GENE WITH PROTEIN PRODUCT,2:127137039,rs744373,SCREENING 1,2013-08-14,-9
01-701-1148,SNV,Single Nucleotide Variation,GENOTYPE,T/C,T/T,T/T,8,CLU,GENE WITH PROTEIN PRODUCT,8:27607002,rs11136000,SCREENING 1,2013-08-14,-9
01-701-1148,SNV,Single Nucleotide Variation,GENOTYPE,A/A,A/A,A/A,1,CR1,GENE WITH PROTEIN PRODUCT,1:207518704,rs6656401,SCREENING 1,2013-08-14,-9
01-701-1148,SNV,Single Nucleotide Variation,GENOTYPE,T/C,T/T,T/T,7,EPHA1,GENE WITH PROTEIN PRODUCT,7:143412046,rs11767557,SCREENING 1,2013-08-14,-9
01-701-1148,SNV,Single Nucleotide Variation,GENOTYPE,T/C,T/T,T/T,11,MS4A6A,GENE WITH PROTEIN PRODUCT,11:60171834,rs610932,SCREENING 1,2013-08-14,-9
01-701-1148,SNV,Single Nucleotide Variation,GENOTYPE,T/T,T/T,T/T,11,PICALM,GENE WITH PROTEIN PRODUCT,11:86157598,rs3851179,SCREENING 1,2013-08-14,-9
01-701-1148,SNV,Single Nucleotide Variation,GENOTYPE,T/C,T/T,T/T,11,SORL1,GENE WITH PROTEIN PRODUCT,11:121564878,rs11218343,SCREENING 1,2013-08-14,-9
01-701-1148,SNV,Single Nucleotide Variation,GENOTYPE,C/C,C/C,C/C,6,TREM2,GENE WITH PROTEIN PRODUCT,6:41161514,rs75932628,SCREENING 1,2013-08-14,-9
01-701-1148,SNV,Single Nucleotide Variation,GENOTYPE,C/A,C/C,C/C,19,CD33,GENE WITH PROTEIN PRODUCT,19:51224706,rs3865444,SCREENING 1,2013-08-14,-9
01-701-1153,SNV,Single Nucleotide Variation,GENOTYPE,T/C,T/T,T/T,19,APOE,GENE WITH PROTEIN PRODUCT,19:44908684,rs429358,SCREENING 1,2013-09-06,-17
01-701-1153,SNV,Single Nucleotide Variation,GENOTYPE,C/T,C/C,C/C,19,APOE,GENE WITH PROTEIN PRODUCT,19:44908822,rs7412,SCREENING 1,2013-09-06,-17
01-701-1153,SNV,Single Nucleotide Variation,GENOTYPE,T/T,T/T,T/T,19,ABCA7,GENE WITH PROTEIN PRODUCT,19:1046521,rs3764650,SCREENING 1,2013-09-06,-17
01-701-1153,SNV,Single Nucleotide Variation,GENOTYPE,A/A,A/A,A/A,2,BIN1,GENE WITH PROTEIN PRODUCT,2:127137039,rs744373,SCREENING 1,2013-09-06,-17
01-701-1153,SNV,Single Nucleotide Variation,GENOTYPE,T/C,T/T,T/T,8,CLU,GENE WITH PROTEIN PRODUCT,8:27607002,rs11136000,SCREENING 1,2013-09-06,-17
01-701-1153,SNV,Single Nucleotide Variation,GENOTYPE,A/G,A/A,A/A,1,CR1,GENE WITH PROTEIN PRODUCT,1:207518704,rs6656401,SCREENING 1,2013-09-06,-17
01-701-1153,SNV,Single Nucleotide Variation,GENOTYPE,T/C,T/T,T/T,7,EPHA1,GENE WITH PROTEIN PRODUCT,7:143412046,rs11767557,SCREENING 1,2013-09-06,-17
01-701-1153,SNV,Single Nucleotide Variation,GENOTYPE,T/T,T/T,T/T,11,MS4A6A,GENE WITH PROTEIN PRODUCT,11:60171834,rs610932,SCREENING 1,2013-09-06,-17
01-701-1153,SNV,Single Nucleotide Variation,GENOTYPE,C/C,T/T,T/T,11,PICALM,GENE WITH PROTEIN PRODUCT,11:86157598,rs3851179,SCREENING 1,2013-09-06,-17
01-701-1153,SNV,Single Nucleotide Variation,GENOTYPE,T/T,T/T,T/T,11,SORL1,GENE WITH PROTEIN PRODUCT,11:121564878,rs11218343,SCREENING 1,2013-09-06,-17
01-701-1153,SNV,Single Nucleotide Variation,GENOTYPE,C/C,C/C,C/C,6,TREM2,GENE WITH PROTEIN PRODUCT,6:41161514,rs75932628,SCREENING 1,2013-09-06,-17
01-701-1153,SNV,Single Nucleotide Variation,GENOTYPE,C/C,C/C,C/C,19,CD33,GENE WITH PROTEIN PRODUCT,19:51224706,rs3865444,SCREENING 1,2013-09-06,-17
01-701-1180,SNV,Single Nucleotide Variation,GENOTYPE,T/T,T/T,T/T,19,APOE,GENE WITH PROTEIN PRODUCT,19:44908684,rs429358,SCREENING 1,2013-01-28,-15
01-701-1180,SNV,Single Nucleotide Variation,GENOTYPE,C/C,C/C,C/C,19,APOE,GENE WITH PROTEIN PRODUCT,19:44908822,rs7412,SCREENING 1,2013-01-28,-15
01-701-1180,SNV,Single Nucleotide Variation,GENOTYPE,T/T,T/T,T/T,19,ABCA7,GENE WITH PROTEIN PRODUCT,19:1046521,rs3764650,SCREENING 1,2013-01-28,-15
01-701-1180,SNV,Single Nucleotide Variation,GENOTYPE,A/G,A/A,A/A,2,BIN1,GENE WITH PROTEIN PRODUCT,2:127137039,rs744373,SCREENING 1,2013-01-28,-15
01-701-1180,SNV,Single Nucleotide Variation,GENOTYPE,T/C,T/T,T/T,8,CLU,GENE WITH PROTEIN PRODUCT,8:27607002,rs11136000,SCREENING 1,2013-01-28,-15
01-701-1180,SNV,Single Nucleotide Variation,GENOTYPE,A/G,A/A,A/A,1,CR1,GENE WITH PROTEIN PRODUCT,1:207518704,rs6656401,SCREENING 1,2013-01-28,-15
01-701-1180,SNV,Single Nucleotide Variation,GENOTYPE,T/T,T/T,T/T,7,EPHA1,GENE WITH PROTEIN PRODUCT,7:143412046,rs11767557,SCREENING 1,2013-01-28,-15
01-701-1180,SNV,Single Nucleotide Variation,GENOTYPE,T/T,T/T,T/T,11,MS4A6A,GENE WITH PROTEIN PRODUCT,11:60171834,rs610932,SCREENING 1,2013-01-28,-15
01-701-1180,SNV,Single Nucleotide Variation,GENOTYPE,T/T,T/T,T/T,11,PICALM,GENE WITH PROTEIN PRODUCT,11:86157598,rs3851179,SCREENING 1,2013-01-28,-15
01-701-1180,SNV,Single Nucleotide Variation,GENOTYPE,T/C,T/T,T/T,11,SORL1,GENE WITH PROTEIN PRODUCT,11:121564878,rs11218343,SCREENING 1,2013-01-28,-15
01-701-1180,SNV,Single Nucleotide Variation,GENOTYPE,C/C,C/C,C/C,6,TREM2,GENE WITH PROTEIN PRODUCT,6:41161514,rs75932628,SCREENING 1,2013-01-28,-15
01-701-1180,SNV,Single Nucleotide Variation,GENOTYPE,C/C,C/C,C/C,19,CD33,GENE WITH PROTEIN PRODUCT,19:51224706,rs3865444,SCREENING 1,2013-01-28,-15
01-701-1181,SNV,Single Nucleotide Variation,GENOTYPE,T/T,T/T,T/T,19,APOE,GENE WITH PROTEIN PRODUCT,19:44908684,rs429358,SCREENING 1,2013-11-26,-9
01-701-1181,SNV,Single Nucleotide Variation,GENOTYPE,C/C,C/C,C/C,19,APOE,GENE WITH PROTEIN PRODUCT,19:44908822,rs7412,SCREENING 1,2013-11-26,-9
01-701-1181,SNV,Single Nucleotide Variation,GENOTYPE,T/T,T/T,T/T,19,ABCA7,GENE WITH PROTEIN PRODUCT,19:1046521,rs3764650,SCREENING 1,2013-11-26,-9
01-701-1181,SNV,Single Nucleotide Variation,GENOTYPE,A/G,A/A,A/A,2,BIN1,GENE WITH PROTEIN PRODUCT,2:127137039,rs744373,SCREENING 1,2013-11-26,-9
01-701-1181,SNV,Single Nucleotide Variation,GENOTYPE,C/C,T/T,T/T,8,CLU,GENE WITH PROTEIN PRODUCT,8:27607002,rs11136000,SCREENING 1,2013-11-26,-9
01-701-1181,SNV,Single Nucleotide Variation,GENOTYPE,A/A,A/A,A/A,1,CR1,GENE WITH PROTEIN PRODUCT,1:207518704,rs6656401,SCREENING 1,2013-11-26,-9
01-701-1181,SNV,Single Nucleotide Variation,GENOTYPE,T/T,T/T,T/T,7,EPHA1,GENE WITH PROTEIN PRODUCT,7:143412046,rs11767557,SCREENING 1,2013-11-26,-9
01-701-1181,SNV,Single Nucleotide Variation,GENOTYPE,T/T,T/T,T/T,11,MS4A6A,GENE WITH PROTEIN PRODUCT,11:60171834,rs610932,SCREENING 1,2013-11-26,-9
01-701-1181,SNV,Single Nucleotide Variation,GENOTYPE,T/C,T/T,T/T,11,PICALM,GENE WITH PROTEIN PRODUCT,11:86157598,rs3851179,SCREENING 1,2013-11-26,-9
01-701-1181,SNV,Single Nucleotide Variation,GENOTYPE,T/T,T/T,T/T,11,SORL1,GENE WITH PROTEIN PRODUCT,11:121564878,rs11218343,SCREENING 1,2013-11-26,-9
01-701-1181,SNV,Single Nucleotide Variation,GENOTYPE,C/C,C/C,C/C,6,TREM2,GENE WITH PROTEIN PRODUCT,6:41161514,rs75932628,SCREENING 1,2013-11-26,-9
01-701-1181,SNV,Single Nucleotide Variation,GENOTYPE,C/C,C/C,C/C,19,CD33,GENE WITH PROTEIN PRODUCT,19:51224706,rs3865444,SCREENING 1,2013-11-26,-9
01-701-1188,SNV,Single Nucleotide Variation,GENOTYPE,T/C,T/T,T/T,19,APOE,GENE WITH PROTEIN PRODUCT,19:44908684,rs429358,SCREENING 1,2013-02-03,-12
01-701-1188,SNV,Single Nucleotide Variation,GENOTYPE,C/C,C/C,C/C,19,APOE,GENE WITH PROTEIN PRODUCT,19:44908822,rs7412,SCREENING 1,2013-02-03,-12
01-701-1188,SNV,Single Nucleotide Variation,GENOTYPE,T/G,T/T,T/T,19,ABCA7,GENE WITH PROTEIN PRODUCT,19:1046521,rs3764650,SCREENING 1,2013-02-03,-12
01-701-1188,SNV,Single Nucleotide Variation,GENOTYPE,G/G,A/A,A/A,2,BIN1,GENE WITH PROTEIN PRODUCT,2:127137039,rs744373,SCREENING 1,2013-02-03,-12
01-701-1188,SNV,Single Nucleotide Variation,GENOTYPE,T/C,T/T,T/T,8,CLU,GENE WITH PROTEIN PRODUCT,8:27607002,rs11136000,SCREENING 1,2013-02-03,-12
01-701-1188,SNV,Single Nucleotide Variation,GENOTYPE,A/A,A/A,A/A,1,CR1,GENE WITH PROTEIN PRODUCT,1:207518704,rs6656401,SCREENING 1,2013-02-03,-12
01-701-1188,SNV,Single Nucleotide Variation,GENOTYPE,T/T,T/T,T/T,7,EPHA1,GENE WITH PROTEIN PRODUCT,7:143412046,rs11767557,SCREENING 1,2013-02-03,-12
01-701-1188,SNV,Single Nucleotide Variation,GENOTYPE,T/T,T/T,T/T,11,MS4A6A,GENE WITH PROTEIN PRODUCT,11:60171834,rs610932,SCREENING 1,2013-02-03,-12
01-701-1188,SNV,Single Nucleotide Variation,GENOTYPE,T/T,T/T,T/T,11,PICALM,GENE WITH PROTEIN PRODUCT,11:86157598,rs3851179,SCREENING 1,2013-02-03,-12
01-701-1188,SNV,Single Nucleotide Variation,GENOTYPE,T/C,T/T,T/T,11,SORL1,GENE WITH PROTEIN PRODUCT,11:121564878,rs11218343,SCREENING 1,2013-02-03,-12
01-701-1188,SNV,Single Nucleotide Variation,GENOTYPE,C/C,C/C,C/C,6,TREM2,GENE WITH PROTEIN PRODUCT,6:41161514,rs75932628,SCREENING 1,2013-02-03,-12
01-701-1188,SNV,Single Nucleotide Variation,GENOTYPE,C/A,C/C,C/C,19,CD33,GENE WITH PROTEIN PRODUCT,19:51224706,rs3865444,SCREENING 1,2013-02-03,-12
01-701-1192,SNV,Single Nucleotide Variation,GENOTYPE,T/C,T/T,T/T,19,APOE,GENE WITH PROTEIN PRODUCT,19:44908684,rs429358,SCREENING 1,2012-07-08,-14
01-701-1192,SNV,Single Nucleotide Variation,GENOTYPE,C/C,C/C,C/C,19,APOE,GENE WITH PROTEIN PRODUCT,19:44908822,rs7412,SCREENING 1,2012-07-08,-14
01-701-1192,SNV,Single Nucleotide Variation,GENOTYPE,T/T,T/T,T/T,19,ABCA7,GENE WITH PROTEIN PRODUCT,19:1046521,rs3764650,SCREENING 1,2012-07-08,-14
01-701-1192,SNV,Single Nucleotide Variation,GENOTYPE,A/G,A/A,A/A,2,BIN1,GENE WITH PROTEIN PRODUCT,2:127137039,rs744373,SCREENING 1,2012-07-08,-14
01-701-1192,SNV,Single Nucleotide Variation,GENOTYPE,T/C,T/T,T/T,8,CLU,GENE WITH PROTEIN PRODUCT,8:27607002,rs11136000,SCREENING 1,2012-07-08,-14
01-701-1192,SNV,Single Nucleotide Variation,GENOTYPE,A/G,A/A,A/A,1,CR1,GENE WITH PROTEIN PRODUCT,1:207518704,rs6656401,SCREENING 1,2012-07-08,-14
01-701-1192,SNV,Single Nucleotide Variation,GENOTYPE,T/T,T/T,T/T,7,EPHA1,GENE WITH PROTEIN PRODUCT,7:143412046,rs11767557,SCREENING 1,2012-07-08,-14
01-701-1192,SNV,Single Nucleotide Variation,GENOTYPE,T/T,T/T,T/T,11,MS4A6A,GENE WITH PROTEIN PRODUCT,11:60171834,rs610932,SCREENING 1,2012-07-08,-14
01-701-1192,SNV,Single Nucleotide Variation,GENOTYPE,T/T,T/T,T/T,11,PICALM,GENE WITH PROTEIN PRODUCT,11:86157598,rs3851179,SCREENING 1,2012-07-08,-14
01-701-1192,SNV,Single Nucleotide Variation,GENOTYPE,T/T,T/T,T/T,11,SORL1,GENE WITH PROTEIN PRODUCT,11:121564878,rs11218343,SCREENING 1,2012-07-08,-14
01-701-1192,SNV,Single Nucleotide Variation,GENOTYPE,C/C,C/C,C/C,6,TREM2,GENE WITH PROTEIN PRODUCT,6:41161514,rs75932628,SCREENING 1,2012-07-08,-14
01-701-1192,SNV,Single Nucleotide Variation,GENOTYPE,C/C,C/C,C/C,19,CD33,GENE WITH PROTEIN PRODUCT,19:51224706,rs3865444,SCREENING 1,2012-07-08,-14
01-701-1203,SNV,Single Nucleotide Variation,GENOTYPE,T/C,T/T,T/T,19,APOE,GENE WITH PROTEIN PRODUCT,19:44908684,rs429358,SCREENING 1,2013-01-25,-8
01-701-1203,SNV,Single Nucleotide Variation,GENOTYPE,C/C,C/C,C/C,19,APOE,GENE WITH PROTEIN PRODUCT,19:44908822,rs7412,SCREENING 1,2013-01-25,-8
01-701-1203,SNV,Single Nucleotide Variation,GENOTYPE,T/G,T/T,T/T,19,ABCA7,GENE WITH PROTEIN PRODUCT,19:1046521,rs3764650,SCREENING 1,2013-01-25,-8
01-701-1203,SNV,Single Nucleotide Variation,GENOTYPE,A/A,A/A,A/A,2,BIN1,GENE WITH PROTEIN PRODUCT,2:127137039,rs744373,SCREENING 1,2013-01-25,-8
01-701-1203,SNV,Single Nucleotide Variation,GENOTYPE,T/C,T/T,T/T,8,CLU,GENE WITH PROTEIN PRODUCT,8:27607002,rs11136000,SCREENING 1,2013-01-25,-8
01-701-1203,SNV,Single Nucleotide Variation,GENOTYPE,A/A,A/A,A/A,1,CR1,GENE WITH PROTEIN PRODUCT,1:207518704,rs6656401,SCREENING 1,2013-01-25,-8
01-701-1203,SNV,Single Nucleotide Variation,GENOTYPE,T/T,T/T,T/T,7,EPHA1,GENE WITH PROTEIN PRODUCT,7:143412046,rs11767557,SCREENING 1,2013-01-25,-8
01-701-1203,SNV,Single Nucleotide Variation,GENOTYPE,T/T,T/T,T/T,11,MS4A6A,GENE WITH PROTEIN PRODUCT,11:60171834,rs610932,SCREENING 1,2013-01-25,-8
01-701-1203,SNV,Single Nucleotide Variation,GENOTYPE,T/T,T/T,T/T,11,PICALM,GENE WITH PROTEIN PRODUCT,11:86157598,rs3851179,SCREENING 1,2013-01-25,-8
01-701-1203,SNV,Single Nucleotide Variation,GENOTYPE,T/T,T/T,T/T,11,SORL1,GENE WITH PROTEIN PRODUCT,11:121564878,rs11218343,SCREENING 1,2013-01-25,-8
01-701-1203,SNV,Single Nucleotide Variation,GENOTYPE,C/C,C/C,C/C,6,TREM2,GENE WITH PROTEIN PRODUCT,6:41161514,rs75932628,SCREENING 1,2013-01-25,-8
01-701-1203,SNV,Single Nucleotide Variation,GENOTYPE,C/A,C/C,C/C,19,CD33,GENE WITH PROTEIN PRODUCT,19:51224706,rs3865444,SCREENING 1,2013-01-25,-8
01-701-1211,SNV,Single Nucleotide Variation,GENOTYPE,T/T,T/T,T/T,19,APOE,GENE WITH PROTEIN PRODUCT,19:44908684,rs429358,SCREENING 1,2012-10-30,-16
01-701-1211,SNV,Single Nucleotide Variation,GENOTYPE,C/T,C/C,C/C,19,APOE,GENE WITH PROTEIN PRODUCT,19:44908822,rs7412,SCREENING 1,2012-10-30,-16
01-701-1211,SNV,Single Nucleotide Variation,GENOTYPE,T/T,T/T,T/T,19,ABCA7,GENE WITH PROTEIN PRODUCT,19:1046521,rs3764650,SCREENING 1,2012-10-30,-16
01-701-1211,SNV,Single Nucleotide Variation,GENOTYPE,A/A,A/A,A/A,2,BIN1,GENE WITH PROTEIN PRODUCT,2:127137039,rs744373,SCREENING 1,2012-10-30,-16
01-701-1211,SNV,Single Nucleotide Variation,GENOTYPE,T/T,T/T,T/T,8,CLU,GENE WITH PROTEIN PRODUCT,8:27607002,rs11136000,SCREENING 1,2012-10-30,-16
01-701-1211,SNV,Single Nucleotide Variation,GENOTYPE,A/G,A/A,A/A,1,CR1,GENE WITH PROTEIN PRODUCT,1:207518704,rs6656401,SCREENING 1,2012-10-30,-16
01-701-1211,SNV,Single Nucleotide Variation,GENOTYPE,T/T,T/T,T/T,7,EPHA1,GENE WITH PROTEIN PRODUCT,7:143412046,rs11767557,SCREENING 1,2012-10-30,-16
01-701-1211,SNV,Single Nucleotide Variation,GENOTYPE,T/T,T/T,T/T,11,MS4A6A,GENE WITH PROTEIN PRODUCT,11:60171834,rs610932,SCREENING 1,2012-10-30,-16
01-701-1211,SNV,Single Nucleotide Variation,GENOTYPE,T/C,T/T,T/T,11,PICALM,GENE WITH PROTEIN PRODUCT,11:86157598,rs3851179,SCREENING 1,2012-10-30,-16
01-701-1211,SNV,Single Nucleotide Variation,GENOTYPE,T/T,T/T,T/T,11,SORL1,GENE WITH PROTEIN PRODUCT,11:121564878,rs11218343,SCREENING 1,2012-10-30,-16
01-701-1211,SNV,Single Nucleotide Variation,GENOTYPE,C/C,C/C,C/C,6,TREM2,GENE WITH PROTEIN PRODUCT,6:41161514,rs75932628,SCREENING 1,2012-10-30,-16
01-701-1211,SNV,Single Nucleotide Variation,GENOTYPE,C/A,C/C,C/C,19,CD33,GENE WITH PROTEIN PRODUCT,19:51224706,rs3865444,SCREENING 1,2012-10-30,-16
01-701-1234,SNV,Single Nucleotide Variation,GENOTYPE,T/C,T/T,T/T,19,APOE,GENE WITH PROTEIN PRODUCT,19:44908684,rs429358,SCREENING 1,2013-03-20,-10
01-701-1234,SNV,Single Nucleotide Variation,GENOTYPE,C/C,C/C,C/C,19,APOE,GENE WITH PROTEIN PRODUCT,19:44908822,rs7412,SCREENING 1,2013-03-20,-10
01-701-1234,SNV,Single Nucleotide Variation,GENOTYPE,T/T,T/T,T/T,19,ABCA7,GENE WITH PROTEIN PRODUCT,19:1046521,rs3764650,SCREENING 1,2013-03-20,-10
01-701-1234,SNV,Single Nucleotide Variation,GENOTYPE,G/G,A/A,A/A,2,BIN1,GENE WITH PROTEIN PRODUCT,2:127137039,rs744373,SCREENING 1,2013-03-20,-10
01-701-1234,SNV,Single Nucleotide Variation,GENOTYPE,T/T,T/T,T/T,8,CLU,GENE WITH PROTEIN PRODUCT,8:27607002,rs11136000,SCREENING 1,2013-03-20,-10
01-701-1234,SNV,Single Nucleotide Variation,GENOTYPE,A/A,A/A,A/A,1,CR1,GENE WITH PROTEIN PRODUCT,1:207518704,rs6656401,SCREENING 1,2013-03-20,-10
01-701-1234,SNV,Single Nucleotide Variation,GENOTYPE,T/T,T/T,T/T,7,EPHA1,GENE WITH PROTEIN PRODUCT,7:143412046,rs11767557,SCREENING 1,2013-03-20,-10
01-701-1234,SNV,Single Nucleotide Variation,GENOTYPE,T/T,T/T,T/T,11,MS4A6A,GENE WITH PROTEIN PRODUCT,11:60171834,rs610932,SCREENING 1,2013-03-20,-10
01-701-1234,SNV,Single Nucleotide Variation,GENOTYPE,C/C,T/T,T/T,11,PICALM,GENE WITH PROTEIN PRODUCT,11:86157598,rs3851179,SCREENING 1,2013-03-20,-10
01-701-1234,SNV,Single Nucleotide Variation,GENOTYPE,T/T,T/T,T/T,11,SORL1,GENE WITH PROTEIN PRODUCT,11:121564878,rs11218343,SCREENING 1,2013-03-20,-10
01-701-1234,SNV,Single Nucleotide Variation,GENOTYPE,C/C,C/C,C/C,6,TREM2,GENE WITH PROTEIN PRODUCT,6:41161514,rs75932628,SCREENING 1,2013-03-20,-10
01-701-1234,SNV,Single Nucleotide Variation,GENOTYPE,C/A,C/C,C/C,19,CD33,GENE WITH PROTEIN PRODUCT,19:51224706,rs3865444,SCREENING 1,2013-03-20,-10
01-701-1239,SNV,Single Nucleotide Variation,GENOTYPE,T/C,T/T,T/T,19,APOE,GENE WITH PROTEIN PRODUCT,19:44908684,rs429358,SCREENING 1,2013-12-28,-14
01-701-1239,SNV,Single Nucleotide Variation,GENOTYPE,C/C,C/C,C/C,19,APOE,GENE WITH PROTEIN PRODUCT,19:44908822,rs7412,SCREENING 1,2013-12-28,-14
01-701-1239,SNV,Single Nucleotide Variation,GENOTYPE,T/T,T/T,T/T,19,ABCA7,GENE WITH PROTEIN PRODUCT,19:1046521,rs3764650,SCREENING 1,2013-12-28,-14
01-701-1239,SNV,Single Nucleotide Variation,GENOTYPE,A/A,A/A,A/A,2,BIN1,GENE WITH PROTEIN PRODUCT,2:127137039,rs744373,SCREENING 1,2013-12-28,-14
01-701-1239,SNV,Single Nucleotide Variation,GENOTYPE,T/C,T/T,T/T,8,CLU,GENE WITH PROTEIN PRODUCT,8:27607002,rs11136000,SCREENING 1,2013-12-28,-14
01-701-1239,SNV,Single Nucleotide Variation,GENOTYPE,A/G,A/A,A/A,1,CR1,GENE WITH PROTEIN PRODUCT,1:207518704,rs6656401,SCREENING 1,2013-12-28,-14
01-701-1239,SNV,Single Nucleotide Variation,GENOTYPE,T/T,T/T,T/T,7,EPHA1,GENE WITH PROTEIN PRODUCT,7:143412046,rs11767557,SCREENING 1,2013-12-28,-14
01-701-1239,SNV,Single Nucleotide Variation,GENOTYPE,T/T,T/T,T/T,11,MS4A6A,GENE WITH PROTEIN PRODUCT,11:60171834,rs610932,SCREENING 1,2013-12-28,-14
01-701-1239,SNV,Single Nucleotide Variation,GENOTYPE,T/C,T/T,T/T,11,PICALM,GENE WITH PROTEIN PRODUCT,11:86157598,rs3851179,SCREENING 1,2013-12-28,-14
01-701-1239,SNV,Single Nucleotide Variation,GENOTYPE,T/C,T/T,T/T,11,SORL1,GENE WITH PROTEIN PRODUCT,11:121564878,rs11218343,SCREENING 1,2013-12-28,-14
01-701-1239,SNV,Single Nucleotide Variation,GENOTYPE,C/C,C/C,C/C,6,TREM2,GENE WITH PROTEIN PRODUCT,6:41161514,rs75932628,SCREENING 1,2013-12-28,-14
01-701-1239,SNV,Single Nucleotide Variation,GENOTYPE,C/C,C/C,C/C,19,CD33,GENE WITH PROTEIN PRODUCT,19:51224706,rs3865444,SCREENING 1,2013-12-28,-14
01-701-1275,SNV,Single Nucleotide Variation,GENOTYPE,T/C,T/T,T/T,19,APOE,GENE WITH PROTEIN PRODUCT,19:44908684,rs429358,SCREENING 1,2014-01-25,-13
01-701-1275,SNV,Single Nucleotide Variation,GENOTYPE,C/C,C/C,C/C,19,APOE,GENE WITH PROTEIN PRODUCT,19:44908822,rs7412,SCREENING 1,2014-01-25,-13
01-701-1275,SNV,Single Nucleotide Variation,GENOTYPE,T/T,T/T,T/T,19,ABCA7,GENE WITH PROTEIN PRODUCT,19:1046521,rs3764650,SCREENING 1,2014-01-25,-13
01-701-1275,SNV,Single Nucleotide Variation,GENOTYPE,A/G,A/A,A/A,2,BIN1,GENE WITH PROTEIN PRODUCT,2:127137039,rs744373,SCREENING 1,2014-01-25,-13
01-701-1275,SNV,Single Nucleotide Variation,GENOTYPE,T/C,T/T,T/T,8,CLU,GENE WITH PROTEIN PRODUCT,8:27607002,rs11136000,SCREENING 1,2014-01-25,-13
01-701-1275,SNV,Single Nucleotide Variation,GENOTYPE,A/A,A/A,A/A,1,CR1,GENE WITH PROTEIN PRODUCT,1:207518704,rs6656401,SCREENING 1,2014-01-25,-13
01-701-1275,SNV,Single Nucleotide Variation,GENOTYPE,C/C,T/T,T/T,7,EPHA1,GENE WITH PROTEIN PRODUCT,7:143412046,rs11767557,SCREENING 1,2014-01-25,-13
01-701-1275,SNV,Single Nucleotide Variation,GENOTYPE,T/C,T/T,T/T,11,MS4A6A,GENE WITH PROTEIN PRODUCT,11:60171834,rs610932,SCREENING 1,2014-01-25,-13
01-701-1275,SNV,Single Nucleotide Variation,GENOTYPE,C/C,T/T,T/T,11,PICALM,GENE WITH PROTEIN PRODUCT,11:86157598,rs3851179,SCREENING 1,2014-01-25,-13
01-701-1275,SNV,Single Nucleotide Variation,GENOTYPE,T/T,T/T,T/T,11,SORL1,GENE WITH PROTEIN PRODUCT,11:121564878,rs11218343,SCREENING 1,2014-01-25,-13
01-701-1275,SNV,Single Nucleotide Variation,GENOTYPE,C/C,C/C,C/C,6,TREM2,GENE WITH PROTEIN PRODUCT,6:41161514,rs75932628,SCREENING 1,2014-01-25,-13
01-701-1275,SNV,Single Nucleotide Variation,GENOTYPE,C/C,C/C,C/C,19,CD33,GENE WITH PROTEIN PRODUCT,19:51224706,rs3865444,SCREENING 1,2014-01-25,-13
01-701-1287,SNV,Single Nucleotide Variation,GENOTYPE,T/T,T/T,T/T,19,APOE,GENE WITH PROTEIN PRODUCT,19:44908684,rs429358,SCREENING 1,2014-01-17,-8
01-701-1287,SNV,Single Nucleotide Variation,GENOTYPE,C/C,C/C,C/C,19,APOE,GENE WITH PROTEIN PRODUCT,19:44908822,rs7412,SCREENING 1,2014-01-17,-8
01-701-1287,SNV,Single Nucleotide Variation,GENOTYPE,T/T,T/T,T/T,19,ABCA7,GENE WITH PROTEIN PRODUCT,19:1046521,rs3764650,SCREENING 1,2014-01-17,-8
01-701-1287,SNV,Single Nucleotide Variation,GENOTYPE,A/G,A/A,A/A,2,BIN1,GENE WITH PROTEIN PRODUCT,2:127137039,rs744373,SCREENING 1,2014-01-17,-8
01-701-1287,SNV,Single Nucleotide Variation,GENOTYPE,T/T,T/T,T/T,8,CLU,GENE WITH PROTEIN PRODUCT,8:27607002,rs11136000,SCREENING 1,2014-01-17,-8
01-701-1287,SNV,Single Nucleotide Variation,GENOTYPE,A/G,A/A,A/A,1,CR1,GENE WITH PROTEIN PRODUCT,1:207518704,rs6656401,SCREENING 1,2014-01-17,-8
01-701-1287,SNV,Single Nucleotide Variation,GENOTYPE,T/T,T/T,T/T,7,EPHA1,GENE WITH PROTEIN PRODUCT,7:143412046,rs11767557,SCREENING 1,2014-01-17,-8
01-701-1287,SNV,Single Nucleotide Variation,GENOTYPE,T/T,T/T,T/T,11,MS4A6A,GENE WITH PROTEIN PRODUCT,11:60171834,rs610932,SCREENING 1,2014-01-17,-8
01-701-1287,SNV,Single Nucleotide Variation,GENOTYPE,T/C,T/T,T/T,11,PICALM,GENE WITH PROTEIN PRODUCT,11:86157598,rs3851179,SCREENING 1,2014-01-17,-8
01-701-1287,SNV,Single Nucleotide Variation,GENOTYPE,T/T,T/T,T/T,11,SORL1,GENE WITH PROTEIN PRODUCT,11:121564878,rs11218343,SCREENING 1,2014-01-17,-8
01-701-1287,SNV,Single Nucleotide Variation,GENOTYPE,C/C,C/C,C/C,6,TREM2,GENE WITH PROTEIN PRODUCT,6:41161514,rs75932628,SCREENING 1,2014-01-17,-8
01-701-1287,SNV,Single Nucleotide Variation,GENOTYPE,C/A,C/C,C/C,19,CD33,GENE WITH PROTEIN PRODUCT,19:51224706,rs3865444,SCREENING 1,2014-01-17,-8
01-701-1294,SNV,Single Nucleotide Variation,GENOTYPE,T/C,T/T,T/T,19,APOE,GENE WITH PROTEIN PRODUCT,19:44908684,rs429358,SCREENING 1,2013-03-17,-7
01-701-1294,SNV,Single Nucleotide Variation,GENOTYPE,C/C,C/C,C/C,19,APOE,GENE WITH PROTEIN PRODUCT,19:44908822,rs7412,SCREENING 1,2013-03-17,-7
01-701-1294,SNV,Single Nucleotide Variation,GENOTYPE,T/T,T/T,T/T,19,ABCA7,GENE WITH PROTEIN PRODUCT,19:1046521,rs3764650,SCREENING 1,2013-03-17,-7
01-701-1294,SNV,Single Nucleotide Variation,GENOTYPE,A/G,A/A,A/A,2,BIN1,GENE WITH PROTEIN PRODUCT,2:127137039,rs744373,SCREENING 1,2013-03-17,-7
01-701-1294,SNV,Single Nucleotide Variation,GENOTYPE,T/T,T/T,T/T,8,CLU,GENE WITH PROTEIN PRODUCT,8:27607002,rs11136000,SCREENING 1,2013-03-17,-7
01-701-1294,SNV,Single Nucleotide Variation,GENOTYPE,A/G,A/A,A/A,1,CR1,GENE WITH PROTEIN PRODUCT,1:207518704,rs6656401,SCREENING 1,2013-03-17,-7
01-701-1294,SNV,Single Nucleotide Variation,GENOTYPE,T/C,T/T,T/T,7,EPHA1,GENE WITH PROTEIN PRODUCT,7:143412046,rs11767557,SCREENING 1,2013-03-17,-7
01-701-1294,SNV,Single Nucleotide Variation,GENOTYPE,T/C,T/T,T/T,11,MS4A6A,GENE WITH PROTEIN PRODUCT,11:60171834,rs610932,SCREENING 1,2013-03-17,-7
01-701-1294,SNV,Single Nucleotide Variation,GENOTYPE,T/T,T/T,T/T,11,PICALM,GENE WITH PROTEIN PRODUCT,11:86157598,rs3851179,SCREENING 1,2013-03-17,-7
01-701-1294,SNV,Single Nucleotide Variation,GENOTYPE,T/T,T/T,T/T,11,SORL1,GENE WITH PROTEIN PRODUCT,11:121564878,rs11218343,SCREENING 1,2013-03-17,-7
01-701-1294,SNV,Single Nucleotide Variation,GENOTYPE,C/C,C/C,C/C,6,TREM2,GENE WITH PROTEIN PRODUCT,6:41161514,rs75932628,SCREENING 1,2013-03-17,-7
01-701-1294,SNV,Single Nucleotide Variation,GENOTYPE,C/A,C/C,C/C,19,CD33,GENE WITH PROTEIN PRODUCT,19:51224706,rs3865444,SCREENING 1,2013-03-17,-7
01-701-1302,SNV,Single Nucleotide Variation,GENOTYPE,T/T,T/T,T/T,19,APOE,GENE WITH PROTEIN PRODUCT,19:44908684,rs429358,SCREENING 1,2013-08-20,-9
01-701-1302,SNV,Single Nucleotide Variation,GENOTYPE,C/C,C/C,C/C,19,APOE,GENE WITH PROTEIN PRODUCT,19:44908822,rs7412,SCREENING 1,2013-08-20,-9
01-701-1302,SNV,Single Nucleotide Variation,GENOTYPE,T/G,T/T,T/T,19,ABCA7,GENE WITH PROTEIN PRODUCT,19:1046521,rs3764650,SCREENING 1,2013-08-20,-9
01-701-1302,SNV,Single Nucleotide Variation,GENOTYPE,G/G,A/A,A/A,2,BIN1,GENE WITH PROTEIN PRODUCT,2:127137039,rs744373,SCREENING 1,2013-08-20,-9
01-701-1302,SNV,Single Nucleotide Variation,GENOTYPE,T/C,T/T,T/T,8,CLU,GENE WITH PROTEIN PRODUCT,8:27607002,rs11136000,SCREENING 1,2013-08-20,-9
01-701-1302,SNV,Single Nucleotide Variation,GENOTYPE,A/G,A/A,A/A,1,CR1,GENE WITH PROTEIN PRODUCT,1:207518704,rs6656401,SCREENING 1,2013-08-20,-9
01-701-1302,SNV,Single Nucleotide Variation,GENOTYPE,T/T,T/T,T/T,7,EPHA1,GENE WITH PROTEIN PRODUCT,7:143412046,rs11767557,SCREENING 1,2013-08-20,-9
01-701-1302,SNV,Single Nucleotide Variation,GENOTYPE,T/T,T/T,T/T,11,MS4A6A,GENE WITH PROTEIN PRODUCT,11:60171834,rs610932,SCREENING 1,2013-08-20,-9
01-701-1302,SNV,Single Nucleotide Variation,GENOTYPE,T/T,T/T,T/T,11,PICALM,GENE WITH PROTEIN PRODUCT,11:86157598,rs3851179,SCREENING 1,2013-08-20,-9
01-701-1302,SNV,Single Nucleotide Variation,GENOTYPE,T/T,T/T,T/T,11,SORL1,GENE WITH PROTEIN PRODUCT,11:121564878,rs11218343,SCREENING 1,2013-08-20,-9
01-701-1302,SNV,Single Nucleotide Variation,GENOTYPE,C/C,C/C,C/C,6,TREM2,GENE WITH PROTEIN PRODUCT,6:41161514,rs75932628,SCREENING 1,2013-08-20,-9
01-701-1302,SNV,Single Nucleotide Variation,GENOTYPE,C/A,C/C,C/C,19,CD33,GENE WITH PROTEIN PRODUCT,19:51224706,rs3865444,SCREENING 1,2013-08-20,-9
01-701-1317,SNV,Single Nucleotide Variation,GENOTYPE,T/T,T/T,T/T,19,APOE,GENE WITH PROTEIN PRODUCT,19:44908684,rs429358,SCREENING 1,2014-05-10,-12
01-701-1317,SNV,Single Nucleotide Variation,GENOTYPE,C/T,C/C,C/C,19,APOE,GENE WITH PROTEIN PRODUCT,19:44908822,rs7412,SCREENING 1,2014-05-10,-12
01-701-1317,SNV,Single Nucleotide Variation,GENOTYPE,T/G,T/T,T/T,19,ABCA7,GENE WITH PROTEIN PRODUCT,19:1046521,rs3764650,SCREENING 1,2014-05-10,-12
01-701-1317,SNV,Single Nucleotide Variation,GENOTYPE,A/A,A/A,A/A,2,BIN1,GENE WITH PROTEIN PRODUCT,2:127137039,rs744373,SCREENING 1,2014-05-10,-12
01-701-1317,SNV,Single Nucleotide Variation,GENOTYPE,C/C,T/T,T/T,8,CLU,GENE WITH PROTEIN PRODUCT,8:27607002,rs11136000,SCREENING 1,2014-05-10,-12
01-701-1317,SNV,Single Nucleotide Variation,GENOTYPE,A/G,A/A,A/A,1,CR1,GENE WITH PROTEIN PRODUCT,1:207518704,rs6656401,SCREENING 1,2014-05-10,-12
01-701-1317,SNV,Single Nucleotide Variation,GENOTYPE,T/T,T/T,T/T,7,EPHA1,GENE WITH PROTEIN PRODUCT,7:143412046,rs11767557,SCREENING 1,2014-05-10,-12
01-701-1317,SNV,Single Nucleotide Variation,GENOTYPE,T/C,T/T,T/T,11,MS4A6A,GENE WITH PROTEIN PRODUCT,11:60171834,rs610932,SCREENING 1,2014-05-10,-12
01-701-1317,SNV,Single Nucleotide Variation,GENOTYPE,T/T,T/T,T/T,11,PICALM,GENE WITH PROTEIN PRODUCT,11:86157598,rs3851179,SCREENING 1,2014-05-10,-12
01-701-1317,SNV,Single Nucleotide Variation,GENOTYPE,T/T,T/T,T/T,11,SORL1,GENE WITH PROTEIN PRODUCT,11:121564878,rs11218343,SCREENING 1,2014-05-10,-12
01-701-1317,SNV,Single Nucleotide Variation,GENOTYPE,C/C,C/C,C/C,6,TREM2,GENE WITH PROTEIN PRODUCT,6:41161514,rs75932628,SCREENING 1,2014-05-10,-12
01-701-1317,SNV,Single Nucleotide Variation,GENOTYPE,C/C,C/C,C/C,19,CD33,GENE WITH PROTEIN PRODUCT,19:51224706,rs3865444,SCREENING 1,2014-05-10,-12
01-701-1324,SNV,Single Nucleotide Variation,GENOTYPE,T/C,T/T,T/T,19,APOE,GENE WITH PROTEIN PRODUCT,19:44908684,rs429358,SCREENING 1,2012-09-16,-16
01-701-1324,SNV,Single Nucleotide Variation,GENOTYPE,C/C,C/C,C/C,19,APOE,GENE WITH PROTEIN PRODUCT,19:44908822,rs7412,SCREENING 1,2012-09-16,-16
01-701-1324,SNV,Single Nucleotide Variation,GENOTYPE,T/T,T/T,T/T,19,ABCA7,GENE WITH PROTEIN PRODUCT,19:1046521,rs3764650,SCREENING 1,2012-09-16,-16
01-701-1324,SNV,Single Nucleotide Variation,GENOTYPE,A/G,A/A,A/A,2,BIN1,GENE WITH PROTEIN PRODUCT,2:127137039,rs744373,SCREENING 1,2012-09-16,-16
01-701-1324,SNV,Single Nucleotide Variation,GENOTYPE,T/C,T/T,T/T,8,CLU,GENE WITH PROTEIN PRODUCT,8:27607002,rs11136000,SCREENING 1,2012-09-16,-16
01-701-1324,SNV,Single Nucleotide Variation,GENOTYPE,A/A,A/A,A/A,1,CR1,GENE WITH PROTEIN PRODUCT,1:207518704,rs6656401,SCREENING 1,2012-09-16,-16
01-701-1324,SNV,Single Nucleotide Variation,GENOTYPE,T/T,T/T,T/T,7,EPHA1,GENE WITH PROTEIN PRODUCT,7:143412046,rs11767557,SCREENING 1,2012-09-16,-16
01-701-1324,SNV,Single Nucleotide Variation,GENOTYPE,T/T,T/T,T/T,11,MS4A6A,GENE WITH PROTEIN PRODUCT,11:60171834,rs610932,SCREENING 1,2012-09-16,-16
01-701-1324,SNV,Single Nucleotide Variation,GENOTYPE,T/C,T/T,T/T,11,PICALM,GENE WITH PROTEIN PRODUCT,11:86157598,rs3851179,SCREENING 1,2012-09-16,-16
01-701-1324,SNV,Single Nucleotide Variation,GENOTYPE,T/T,T/T,T/T,11,SORL1,GENE WITH PROTEIN PRODUCT,11:121564878,rs11218343,SCREENING 1,2012-09-16,-16
01-701-1324,SNV,Single Nucleotide Variation,GENOTYPE,C/C,C/C,C/C,6,TREM2,GENE WITH PROTEIN PRODUCT,6:41161514,rs75932628,SCREENING 1,2012-09-16,-16
01-701-1324,SNV,Single Nucleotide Variation,GENOTYPE,C/C,C/C,C/C,19,CD33,GENE WITH PROTEIN PRODUCT,19:51224706,rs3865444,SCREENING 1,2012-09-16,-16
01-701-1341,SNV,Single Nucleotide Variation,GENOTYPE,T/C,T/T,T/T,19,APOE,GENE WITH PROTEIN PRODUCT,19:44908684,rs429358,SCREENING 1,2012-12-22,-14
01-701-1341,SNV,Single Nucleotide Variation,GENOTYPE,C/T,C/C,C/C,19,APOE,GENE WITH PROTEIN PRODUCT,19:44908822,rs7412,SCREENING 1,2012-12-22,-14
01-701-1341,SNV,Single Nucleotide Variation,GENOTYPE,T/T,T/T,T/T,19,ABCA7,GENE WITH PROTEIN PRODUCT,19:1046521,rs3764650,SCREENING 1,2012-12-22,-14
01-701-1341,SNV,Single Nucleotide Variation,GENOTYPE,A/A,A/A,A/A,2,BIN1,GENE WITH PROTEIN PRODUCT,2:127137039,rs744373,SCREENING 1,2012-12-22,-14
01-701-1341,SNV,Single Nucleotide Variation,GENOTYPE,T/T,T/T,T/T,8,CLU,GENE WITH PROTEIN PRODUCT,8:27607002,rs11136000,SCREENING 1,2012-12-22,-14
01-701-1341,SNV,Single Nucleotide Variation,GENOTYPE,A/A,A/A,A/A,1,CR1,GENE WITH PROTEIN PRODUCT,1:207518704,rs6656401,SCREENING 1,2012-12-22,-14
01-701-1341,SNV,Single Nucleotide Variation,GENOTYPE,T/C,T/T,T/T,7,EPHA1,GENE WITH PROTEIN PRODUCT,7:143412046,rs11767557,SCREENING 1,2012-12-22,-14
01-701-1341,SNV,Single Nucleotide Variation,GENOTYPE,T/T,T/T,T/T,11,MS4A6A,GENE WITH PROTEIN PRODUCT,11:60171834,rs610932,SCREENING 1,2012-12-22,-14
01-701-1341,SNV,Single Nucleotide Variation,GENOTYPE,T/C,T/T,T/T,11,PICALM,GENE WITH PROTEIN PRODUCT,11:86157598,rs3851179,SCREENING 1,2012-12-22,-14
01-701-1341,SNV,Single Nucleotide Variation,GENOTYPE,T/C,T/T,T/T,11,SORL1,GENE WITH PROTEIN PRODUCT,11:121564878,rs11218343,SCREENING 1,2012-12-22,-14
01-701-1341,SNV,Single Nucleotide Variation,GENOTYPE,C/C,C/C,C/C,6,TREM2,GENE WITH PROTEIN PRODUCT,6:41161514,rs75932628,SCREENING 1,2012-12-22,-14
01-701-1341,SNV,Single Nucleotide Variation,GENOTYPE,C/A,C/C,C/C,19,CD33,GENE WITH PROTEIN PRODUCT,19:51224706,rs3865444,SCREENING 1,2012-12-22,-14
01-701-1345,SNV,Single Nucleotide Variation,GENOTYPE,T/T,T/T,T/T,19,APOE,GENE WITH PROTEIN PRODUCT,19:44908684,rs429358,SCREENING 1,2013-10-01,-7
01-701-1345,SNV,Single Nucleotide Variation,GENOTYPE,C/C,C/C,C/C,19,APOE,GENE WITH PROTEIN PRODUCT,19:44908822,rs7412,SCREENING 1,2013-10-01,-7
01-701-1345,SNV,Single Nucleotide Variation,GENOTYPE,T/G,T/T,T/T,19,ABCA7,GENE WITH PROTEIN PRODUCT,19:1046521,rs3764650,SCREENING 1,2013-10-01,-7
01-701-1345,SNV,Single Nucleotide Variation,GENOTYPE,A/A,A/A,A/A,2,BIN1,GENE WITH PROTEIN PRODUCT,2:127137039,rs744373,SCREENING 1,2013-10-01,-7
01-701-1345,SNV,Single Nucleotide Variation,GENOTYPE,C/C,T/T,T/T,8,CLU,GENE WITH PROTEIN PRODUCT,8:27607002,rs11136000,SCREENING 1,2013-10-01,-7
01-701-1345,SNV,Single Nucleotide Variation,GENOTYPE,A/A,A/A,A/A,1,CR1,GENE WITH PROTEIN PRODUCT,1:207518704,rs6656401,SCREENING 1,2013-10-01,-7
01-701-1345,SNV,Single Nucleotide Variation,GENOTYPE,T/T,T/T,T/T,7,EPHA1,GENE WITH PROTEIN PRODUCT,7:143412046,rs11767557,SCREENING 1,2013-10-01,-7
01-701-1345,SNV,Single Nucleotide Variation,GENOTYPE,T/C,T/T,T/T,11,MS4A6A,GENE WITH PROTEIN PRODUCT,11:60171834,rs610932,SCREENING 1,2013-10-01,-7
01-701-1345,SNV,Single Nucleotide Variation,GENOTYPE,T/C,T/T,T/T,11,PICALM,GENE WITH PROTEIN PRODUCT,11:86157598,rs3851179,SCREENING 1,2013-10-01,-7
01-701-1345,SNV,Single Nucleotide Variation,GENOTYPE,T/T,T/T,T/T,11,SORL1,GENE WITH PROTEIN PRODUCT,11:121564878,rs11218343,SCREENING 1,2013-10-01,-7
01-701-1345,SNV,Single Nucleotide Variation,GENOTYPE,C/C,C/C,C/C,6,TREM2,GENE WITH PROTEIN PRODUCT,6:41161514,rs75932628,SCREENING 1,2013-10-01,-7
01-701-1345,SNV,Single Nucleotide Variation,GENOTYPE,A/A,C/C,C/C,19,CD33,GENE WITH PROTEIN PRODUCT,19:51224706,rs3865444,SCREENING 1,2013-10-01,-7
01-701-1360,SNV,Single Nucleotide Variation,GENOTYPE,T/C,T/T,T/T,19,APOE,GENE WITH PROTEIN PRODUCT,19:44908684,rs429358,SCREENING 1,2013-07-24,-7
01-701-1360,SNV,Single Nucleotide Variation,GENOTYPE,C/C,C/C,C/C,19,APOE,GENE WITH PROTEIN PRODUCT,19:44908822,rs7412,SCREENING 1,2013-07-24,-7
01-701-1360,SNV,Single Nucleotide Variation,GENOTYPE,T/G,T/T,T/T,19,ABCA7,GENE WITH PROTEIN PRODUCT,19:1046521,rs3764650,SCREENING 1,2013-07-24,-7
01-701-1360,SNV,Single Nucleotide Variation,GENOTYPE,A/A,A/A,A/A,2,BIN1,GENE WITH PROTEIN PRODUCT,2:127137039,rs744373,SCREENING 1,2013-07-24,-7
01-701-1360,SNV,Single Nucleotide Variation,GENOTYPE,T/T,T/T,T/T,8,CLU,GENE WITH PROTEIN PRODUCT,8:27607002,rs11136000,SCREENING 1,2013-07-24,-7
01-701-1360,SNV,Single Nucleotide Variation,GENOTYPE,A/A,A/A,A/A,1,CR1,GENE WITH PROTEIN PRODUCT,1:207518704,rs6656401,SCREENING 1,2013-07-24,-7
01-701-1360,SNV,Single Nucleotide Variation,GENOTYPE,T/C,T/T,T/T,7,EPHA1,GENE WITH PROTEIN PRODUCT,7:143412046,rs11767557,SCREENING 1,2013-07-24,-7
01-701-1360,SNV,Single Nucleotide Variation,GENOTYPE,T/T,T/T,T/T,11,MS4A6A,GENE WITH PROTEIN PRODUCT,11:60171834,rs610932,SCREENING 1,2013-07-24,-7
01-701-1360,SNV,Single Nucleotide Variation,GENOTYPE,T/T,T/T,T/T,11,PICALM,GENE WITH PROTEIN PRODUCT,11:86157598,rs3851179,SCREENING 1,2013-07-24,-7
01-701-1360,SNV,Single Nucleotide Variation,GENOTYPE,T/C,T/T,T/T,11,SORL1,GENE WITH PROTEIN PRODUCT,11:121564878,rs11218343,SCREENING 1,2013-07-24,-7
01-701-1360,SNV,Single Nucleotide Variation,GENOTYPE,C/C,C/C,C/C,6,TREM2,GENE WITH PROTEIN PRODUCT,6:41161514,rs75932628,SCREENING 1,2013-07-24,-7
01-701-1360,SNV,Single Nucleotide Variation,GENOTYPE,C/A,C/C,C/C,19,CD33,GENE WITH PROTEIN PRODUCT,19:51224706,rs3865444,SCREENING 1,2013-07-24,-7
01-701-1363,SNV,Single Nucleotide Variation,GENOTYPE,C/C,T/T,T/T,19,APOE,GENE WITH PROTEIN PRODUCT,19:44908684,rs429358,SCREENING 1,2013-05-20,-10
01-701-1363,SNV,Single Nucleotide Variation,GENOTYPE,C/C,C/C,C/C,19,APOE,GENE WITH PROTEIN PRODUCT,19:44908822,rs7412,SCREENING 1,2013-05-20,-10
01-701-1363,SNV,Single Nucleotide Variation,GENOTYPE,T/T,T/T,T/T,19,ABCA7,GENE WITH PROTEIN PRODUCT,19:1046521,rs3764650,SCREENING 1,2013-05-20,-10
01-701-1363,SNV,Single Nucleotide Variation,GENOTYPE,A/G,A/A,A/A,2,BIN1,GENE WITH PROTEIN PRODUCT,2:127137039,rs744373,SCREENING 1,2013-05-20,-10
01-701-1363,SNV,Single Nucleotide Variation,GENOTYPE,T/T,T/T,T/T,8,CLU,GENE WITH PROTEIN PRODUCT,8:27607002,rs11136000,SCREENING 1,2013-05-20,-10
01-701-1363,SNV,Single Nucleotide Variation,GENOTYPE,G/G,A/A,A/A,1,CR1,GENE WITH PROTEIN PRODUCT,1:207518704,rs6656401,SCREENING 1,2013-05-20,-10
01-701-1363,SNV,Single Nucleotide Variation,GENOTYPE,T/T,T/T,T/T,7,EPHA1,GENE WITH PROTEIN PRODUCT,7:143412046,rs11767557,SCREENING 1,2013-05-20,-10
01-701-1363,SNV,Single Nucleotide Variation,GENOTYPE,T/C,T/T,T/T,11,MS4A6A,GENE WITH PROTEIN PRODUCT,11:60171834,rs610932,SCREENING 1,2013-05-20,-10
01-701-1363,SNV,Single Nucleotide Variation,GENOTYPE,T/C,T/T,T/T,11,PICALM,GENE WITH PROTEIN PRODUCT,11:86157598,rs3851179,SCREENING 1,2013-05-20,-10
01-701-1363,SNV,Single Nucleotide Variation,GENOTYPE,T/C,T/T,T/T,11,SORL1,GENE WITH PROTEIN PRODUCT,11:121564878,rs11218343,SCREENING 1,2013-05-20,-10
01-701-1363,SNV,Single Nucleotide Variation,GENOTYPE,C/C,C/C,C/C,6,TREM2,GENE WITH PROTEIN PRODUCT,6:41161514,rs75932628,SCREENING 1,2013-05-20,-10
01-701-1363,SNV,Single Nucleotide Variation,GENOTYPE,C/C,C/C,C/C,19,CD33,GENE WITH PROTEIN PRODUCT,19:51224706,rs3865444,SCREENING 1,2013-05-20,-10
01-701-1383,SNV,Single Nucleotide Variation,GENOTYPE,T/C,T/T,T/T,19,APOE,GENE WITH PROTEIN PRODUCT,19:44908684,rs429358,SCREENING 1,2013-01-22,-13
01-701-1383,SNV,Single Nucleotide Variation,GENOTYPE,C/C,C/C,C/C,19,APOE,GENE WITH PROTEIN PRODUCT,19:44908822,rs7412,SCREENING 1,2013-01-22,-13
01-701-1383,SNV,Single Nucleotide Variation,GENOTYPE,T/T,T/T,T/T,19,ABCA7,GENE WITH PROTEIN PRODUCT,19:1046521,rs3764650,SCREENING 1,2013-01-22,-13
01-701-1383,SNV,Single Nucleotide Variation,GENOTYPE,A/A,A/A,A/A,2,BIN1,GENE WITH PROTEIN PRODUCT,2:127137039,rs744373,SCREENING 1,2013-01-22,-13
01-701-1383,SNV,Single Nucleotide Variation,GENOTYPE,T/T,T/T,T/T,8,CLU,GENE WITH PROTEIN PRODUCT,8:27607002,rs11136000,SCREENING 1,2013-01-22,-13
01-701-1383,SNV,Single Nucleotide Variation,GENOTYPE,A/A,A/A,A/A,1,CR1,GENE WITH PROTEIN PRODUCT,1:207518704,rs6656401,SCREENING 1,2013-01-22,-13
01-701-1383,SNV,Single Nucleotide Variation,GENOTYPE,T/T,T/T,T/T,7,EPHA1,GENE WITH PROTEIN PRODUCT,7:143412046,rs11767557,SCREENING 1,2013-01-22,-13
01-701-1383,SNV,Single Nucleotide Variation,GENOTYPE,T/T,T/T,T/T,11,MS4A6A,GENE WITH PROTEIN PRODUCT,11:60171834,rs610932,SCREENING 1,2013-01-22,-13
01-701-1383,SNV,Single Nucleotide Variation,GENOTYPE,T/C,T/T,T/T,11,PICALM,GENE WITH PROTEIN PRODUCT,11:86157598,rs3851179,SCREENING 1,2013-01-22,-13
01-701-1383,SNV,Single Nucleotide Variation,GENOTYPE,T/T,T/T,T/T,11,SORL1,GENE WITH PROTEIN PRODUCT,11:121564878,rs11218343,SCREENING 1,2013-01-22,-13
01-701-1383,SNV,Single Nucleotide Variation,GENOTYPE,C/C,C/C,C/C,6,TREM2,GENE WITH PROTEIN PRODUCT,6:41161514,rs75932628,SCREENING 1,2013-01-22,-13
01-701-1383,SNV,Single Nucleotide Variation,GENOTYPE,C/C,C/C,C/C,19,CD33,GENE WITH PROTEIN PRODUCT,19:51224706,rs3865444,SCREENING 1,2013-01-22,-13
01-701-1387,SNV,Single Nucleotide Variation,GENOTYPE,T/C,T/T,T/T,19,APOE,GENE WITH PROTEIN PRODUCT,19:44908684,rs429358,SCREENING 1,2014-02-23,-17
01-701-1387,SNV,Single Nucleotide Variation,GENOTYPE,C/C,C/C,C/C,19,APOE,GENE WITH PROTEIN PRODUCT,19:44908822,rs7412,SCREENING 1,2014-02-23,-17
01-701-1387,SNV,Single Nucleotide Variation,GENOTYPE,T/G,T/T,T/T,19,ABCA7,GENE WITH PROTEIN PRODUCT,19:1046521,rs3764650,SCREENING 1,2014-02-23,-17
01-701-1387,SNV,Single Nucleotide Variation,GENOTYPE,A/G,A/A,A/A,2,BIN1,GENE WITH PROTEIN PRODUCT,2:127137039,rs744373,SCREENING 1,2014-02-23,-17
01-701-1387,SNV,Single Nucleotide Variation,GENOTYPE,T/C,T/T,T/T,8,CLU,GENE WITH PROTEIN PRODUCT,8:27607002,rs11136000,SCREENING 1,2014-02-23,-17
01-701-1387,SNV,Single Nucleotide Variation,GENOTYPE,A/A,A/A,A/A,1,CR1,GENE WITH PROTEIN PRODUCT,1:207518704,rs6656401,SCREENING 1,2014-02-23,-17
01-701-1387,SNV,Single Nucleotide Variation,GENOTYPE,T/C,T/T,T/T,7,EPHA1,GENE WITH PROTEIN PRODUCT,7:143412046,rs11767557,SCREENING 1,2014-02-23,-17
01-701-1387,SNV,Single Nucleotide Variation,GENOTYPE,T/C,T/T,T/T,11,MS4A6A,GENE WITH PROTEIN PRODUCT,11:60171834,rs610932,SCREENING 1,2014-02-23,-17
01-701-1387,SNV,Single Nucleotide Variation,GENOTYPE,C/C,T/T,T/T,11,PICALM,GENE WITH PROTEIN PRODUCT,11:86157598,rs3851179,SCREENING 1,2014-02-23,-17
01-701-1387,SNV,Single Nucleotide Variation,GENOTYPE,T/T,T/T,T/T,11,SORL1,GENE WITH PROTEIN PRODUCT,11:121564878,rs11218343,SCREENING 1,2014-02-23,-17
01-701-1387,SNV,Single Nucleotide Variation,GENOTYPE,C/C,C/C,C/C,6,TREM2,GENE WITH PROTEIN PRODUCT,6:41161514,rs75932628,SCREENING 1,2014-02-23,-17
01-701-1387,SNV,Single Nucleotide Variation,GENOTYPE,C/A,C/C,C/C,19,CD33,GENE WITH PROTEIN PRODUCT,19:51224706,rs3865444,SCREENING 1,2014-02-23,-17
01-701-1392,SNV,Single Nucleotide Variation,GENOTYPE,T/C,T/T,T/T,19,APOE,GENE WITH PROTEIN PRODUCT,19:44908684,rs429358,SCREENING 1,2012-10-17,-11
01-701-1392,SNV,Single Nucleotide Variation,GENOTYPE,C/C,C/C,C/C,19,APOE,GENE WITH PROTEIN PRODUCT,19:44908822,rs7412,SCREENING 1,2012-10-17,-11
01-701-1392,SNV,Single Nucleotide Variation,GENOTYPE,T/T,T/T,T/T,19,ABCA7,GENE WITH PROTEIN PRODUCT,19:1046521,rs3764650,SCREENING 1,2012-10-17,-11
01-701-1392,SNV,Single Nucleotide Variation,GENOTYPE,A/G,A/A,A/A,2,BIN1,GENE WITH PROTEIN PRODUCT,2:127137039,rs744373,SCREENING 1,2012-10-17,-11
01-701-1392,SNV,Single Nucleotide Variation,GENOTYPE,T/T,T/T,T/T,8,CLU,GENE WITH PROTEIN PRODUCT,8:27607002,rs11136000,SCREENING 1,2012-10-17,-11
01-701-1392,SNV,Single Nucleotide Variation,GENOTYPE,A/A,A/A,A/A,1,CR1,GENE WITH PROTEIN PRODUCT,1:207518704,rs6656401,SCREENING 1,2012-10-17,-11
01-701-1392,SNV,Single Nucleotide Variation,GENOTYPE,T/T,T/T,T/T,7,EPHA1,GENE WITH PROTEIN PRODUCT,7:143412046,rs11767557,SCREENING 1,2012-10-17,-11
01-701-1392,SNV,Single Nucleotide Variation,GENOTYPE,T/C,T/T,T/T,11,MS4A6A,GENE WITH PROTEIN PRODUCT,11:60171834,rs610932,SCREENING 1,2012-10-17,-11
01-701-1392,SNV,Single Nucleotide Variation,GENOTYPE,T/C,T/T,T/T,11,PICALM,GENE WITH PROTEIN PRODUCT,11:86157598,rs3851179,SCREENING 1,2012-10-17,-11
01-701-1392,SNV,Single Nucleotide Variation,GENOTYPE,T/C,T/T,T/T,11,SORL1,GENE WITH PROTEIN PRODUCT,11:121564878,rs11218343,SCREENING 1,2012-10-17,-11
01-701-1392,SNV,Single Nucleotide Variation,GENOTYPE,C/C,C/C,C/C,6,TREM2,GENE WITH PROTEIN PRODUCT,6:41161514,rs75932628,SCREENING 1,2012-10-17,-11
01-701-1392,SNV,Single Nucleotide Variation,GENOTYPE,C/C,C/C,C/C,19,CD33,GENE WITH PROTEIN PRODUCT,19:51224706,rs3865444,SCREENING 1,2012-10-17,-11
01-701-1415,SNV,Single Nucleotide Variation,GENOTYPE,T/C,T/T,T/T,19,APOE,GENE WITH PROTEIN PRODUCT,19:44908684,rs429358,SCREENING 1,2013-09-15,-8
01-701-1415,SNV,Single Nucleotide Variation,GENOTYPE,C/C,C/C,C/C,19,APOE,GENE WITH PROTEIN PRODUCT,19:44908822,rs7412,SCREENING 1,2013-09-15,-8
01-701-1415,SNV,Single Nucleotide Variation,GENOTYPE,T/T,T/T,T/T,19,ABCA7,GENE WITH PROTEIN PRODUCT,19:1046521,rs3764650,SCREENING 1,2013-09-15,-8
01-701-1415,SNV,Single Nucleotide Variation,GENOTYPE,A/G,A/A,A/A,2,BIN1,GENE WITH PROTEIN PRODUCT,2:127137039,rs744373,SCREENING 1,2013-09-15,-8
01-701-1415,SNV,Single Nucleotide Variation,GENOTYPE,T/C,T/T,T/T,8,CLU,GENE WITH PROTEIN PRODUCT,8:27607002,rs11136000,SCREENING 1,2013-09-15,-8
01-701-1415,SNV,Single Nucleotide Variation,GENOTYPE,A/A,A/A,A/A,1,CR1,GENE WITH PROTEIN PRODUCT,1:207518704,rs6656401,SCREENING 1,2013-09-15,-8
01-701-1415,SNV,Single Nucleotide Variation,GENOTYPE,T/T,T/T,T/T,7,EPHA1,GENE WITH PROTEIN PRODUCT,7:143412046,rs11767557,SCREENING 1,2013-09-15,-8
01-701-1415,SNV,Single Nucleotide Variation,GENOTYPE,T/T,T/T,T/T,11,MS4A6A,GENE WITH PROTEIN PRODUCT,11:60171834,rs610932,SCREENING 1,2013-09-15,-8
01-701-1415,SNV,Single Nucleotide Variation,GENOTYPE,T/T,T/T,T/T,11,PICALM,GENE WITH PROTEIN PRODUCT,11:86157598,rs3851179,SCREENING 1,2013-09-15,-8
01-701-1415,SNV,Single Nucleotide Variation,GENOTYPE,T/C,T/T,T/T,11,SORL1,GENE WITH PROTEIN PRODUCT,11:121564878,rs11218343,SCREENING 1,2013-09-15,-8
01-701-1415,SNV,Single Nucleotide Variation,GENOTYPE,C/C,C/C,C/C,6,TREM2,GENE WITH PROTEIN PRODUCT,6:41161514,rs75932628,SCREENING 1,2013-09-15,-8
01-701-1415,SNV,Single Nucleotide Variation,GENOTYPE,C/C,C/C,C/C,19,CD33,GENE WITH PROTEIN PRODUCT,19:51224706,rs3865444,SCREENING 1,2013-09-15,-8
01-701-1429,SNV,Single Nucleotide Variation,GENOTYPE,T/C,T/T,T/T,19,APOE,GENE WITH PROTEIN PRODUCT,19:44908684,rs429358,SCREENING 1,2013-02-25,-22
01-701-1429,SNV,Single Nucleotide Variation,GENOTYPE,C/C,C/C,C/C,19,APOE,GENE WITH PROTEIN PRODUCT,19:44908822,rs7412,SCREENING 1,2013-02-25,-22
01-701-1429,SNV,Single Nucleotide Variation,GENOTYPE,T/T,T/T,T/T,19,ABCA7,GENE WITH PROTEIN PRODUCT,19:1046521,rs3764650,SCREENING 1,2013-02-25,-22
01-701-1429,SNV,Single Nucleotide Variation,GENOTYPE,A/A,A/A,A/A,2,BIN1,GENE WITH PROTEIN PRODUCT,2:127137039,rs744373,SCREENING 1,2013-02-25,-22
01-701-1429,SNV,Single Nucleotide Variation,GENOTYPE,T/C,T/T,T/T,8,CLU,GENE WITH PROTEIN PRODUCT,8:27607002,rs11136000,SCREENING 1,2013-02-25,-22
01-701-1429,SNV,Single Nucleotide Variation,GENOTYPE,A/A,A/A,A/A,1,CR1,GENE WITH PROTEIN PRODUCT,1:207518704,rs6656401,SCREENING 1,2013-02-25,-22
01-701-1429,SNV,Single Nucleotide Variation,GENOTYPE,T/T,T/T,T/T,7,EPHA1,GENE WITH PROTEIN PRODUCT,7:143412046,rs11767557,SCREENING 1,2013-02-25,-22
01-701-1429,SNV,Single Nucleotide Variation,GENOTYPE,T/T,T/T,T/T,11,MS4A6A,GENE WITH PROTEIN PRODUCT,11:60171834,rs610932,SCREENING 1,2013-02-25,-22
01-701-1429,SNV,Single Nucleotide Variation,GENOTYPE,T/T,T/T,T/T,11,PICALM,GENE WITH PROTEIN PRODUCT,11:86157598,rs3851179,SCREENING 1,2013-02-25,-22
01-701-1429,SNV,Single Nucleotide Variation,GENOTYPE,T/T,T/T,T/T,11,SORL1,GENE WITH PROTEIN PRODUCT,11:121564878,rs11218343,SCREENING 1,2013-02-25,-22
01-701-1429,SNV,Single Nucleotide Variation,GENOTYPE,C/C,C/C,C/C,6,TREM2,GENE WITH PROTEIN PRODUCT,6:41161514,rs75932628,SCREENING 1,2013-02-25,-22
01-701-1429,SNV,Single Nucleotide Variation,GENOTYPE,C/C,C/C,C/C,19,CD33,GENE WITH PROTEIN PRODUCT,19:51224706,rs3865444,SCREENING 1,2013-02-25,-22
01-701-1440,SNV,Single Nucleotide Variation,GENOTYPE,T/T,T/T,T/T,19,APOE,GENE WITH PROTEIN PRODUCT,19:44908684,rs429358,SCREENING 1,2013-07-24,-15
01-701-1440,SNV,Single Nucleotide Variation,GENOTYPE,C/C,C/C,C/C,19,APOE,GENE WITH PROTEIN PRODUCT,19:44908822,rs7412,SCREENING 1,2013-07-24,-15
01-701-1440,SNV,Single Nucleotide Variation,GENOTYPE,T/G,T/T,T/T,19,ABCA7,GENE WITH PROTEIN PRODUCT,19:1046521,rs3764650,SCREENING 1,2013-07-24,-15
01-701-1440,SNV,Single Nucleotide Variation,GENOTYPE,A/G,A/A,A/A,2,BIN1,GENE WITH PROTEIN PRODUCT,2:127137039,rs744373,SCREENING 1,2013-07-24,-15
01-701-1440,SNV,Single Nucleotide Variation,GENOTYPE,C/C,T/T,T/T,8,CLU,GENE WITH PROTEIN PRODUCT,8:27607002,rs11136000,SCREENING 1,2013-07-24,-15
01-701-1440,SNV,Single Nucleotide Variation,GENOTYPE,A/G,A/A,A/A,1,CR1,GENE WITH PROTEIN PRODUCT,1:207518704,rs6656401,SCREENING 1,2013-07-24,-15
01-701-1440,SNV,Single Nucleotide Variation,GENOTYPE,T/T,T/T,T/T,7,EPHA1,GENE WITH PROTEIN PRODUCT,7:143412046,rs11767557,SCREENING 1,2013-07-24,-15
01-701-1440,SNV,Single Nucleotide Variation,GENOTYPE,T/T,T/T,T/T,11,MS4A6A,GENE WITH PROTEIN PRODUCT,11:60171834,rs610932,SCREENING 1,2013-07-24,-15
01-701-1440,SNV,Single Nucleotide Variation,GENOTYPE,T/T,T/T,T/T,11,PICALM,GENE WITH PROTEIN PRODUCT,11:86157598,rs3851179,SCREENING 1,2013-07-24,-15
01-701-1440,SNV,Single Nucleotide Variation,GENOTYPE,T/C,T/T,T/T,11,SORL1,GENE WITH PROTEIN PRODUCT,11:121564878,rs11218343,SCREENING 1,2013-07-24,-15
01-701-1440,SNV,Single Nucleotide Variation,GENOTYPE,C/C,C/C,C/C,6,TREM2,GENE WITH PROTEIN PRODUCT,6:41161514,rs75932628,SCREENING 1,2013-07-24,-15
01-701-1440,SNV,Single Nucleotide Variation,GENOTYPE,C/C,C/C,C/C,19,CD33,GENE WITH PROTEIN PRODUCT,19:51224706,rs3865444,SCREENING 1,2013-07-24,-15
01-701-1442,SNV,Single Nucleotide Variation,GENOTYPE,T/C,T/T,T/T,19,APOE,GENE WITH PROTEIN PRODUCT,19:44908684,rs429358,SCREENING 1,2013-10-17,-9
01-701-1442,SNV,Single Nucleotide Variation,GENOTYPE,C/C,C/C,C/C,19,APOE,GENE WITH PROTEIN PRODUCT,19:44908822,rs7412,SCREENING 1,2013-10-17,-9
01-701-1442,SNV,Single Nucleotide Variation,GENOTYPE,G/G,T/T,T/T,19,ABCA7,GENE WITH PROTEIN PRODUCT,19:1046521,rs3764650,SCREENING 1,2013-10-17,-9
01-701-1442,SNV,Single Nucleotide Variation,GENOTYPE,A/G,A/A,A/A,2,BIN1,GENE WITH PROTEIN PRODUCT,2:127137039,rs744373,SCREENING 1,2013-10-17,-9
01-701-1442,SNV,Single Nucleotide Variation,GENOTYPE,T/T,T/T,T/T,8,CLU,GENE WITH PROTEIN PRODUCT,8:27607002,rs11136000,SCREENING 1,2013-10-17,-9
01-701-1442,SNV,Single Nucleotide Variation,GENOTYPE,A/A,A/A,A/A,1,CR1,GENE WITH PROTEIN PRODUCT,1:207518704,rs6656401,SCREENING 1,2013-10-17,-9
01-701-1442,SNV,Single Nucleotide Variation,GENOTYPE,T/T,T/T,T/T,7,EPHA1,GENE WITH PROTEIN PRODUCT,7:143412046,rs11767557,SCREENING 1,2013-10-17,-9
01-701-1442,SNV,Single Nucleotide Variation,GENOTYPE,C/C,T/T,T/T,11,MS4A6A,GENE WITH PROTEIN PRODUCT,11:60171834,rs610932,SCREENING 1,2013-10-17,-9
01-701-1442,SNV,Single Nucleotide Variation,GENOTYPE,T/C,T/T,T/T,11,PICALM,GENE WITH PROTEIN PRODUCT,11:86157598,rs3851179,SCREENING 1,2013-10-17,-9
01-701-1442,SNV,Single Nucleotide Variation,GENOTYPE,T/C,T/T,T/T,11,SORL1,GENE WITH PROTEIN PRODUCT,11:121564878,rs11218343,SCREENING 1,2013-10-17,-9
01-701-1442,SNV,Single Nucleotide Variation,GENOTYPE,C/C,C/C,C/C,6,TREM2,GENE WITH PROTEIN PRODUCT,6:41161514,rs75932628,SCREENING 1,2013-10-17,-9
01-701-1442,SNV,Single Nucleotide Variation,GENOTYPE,C/A,C/C,C/C,19,CD33,GENE WITH PROTEIN PRODUCT,19:51224706,rs3865444,SCREENING 1,2013-10-17,-9
01-701-1444,SNV,Single Nucleotide Variation,GENOTYPE,T/T,T/T,T/T,19,APOE,GENE WITH PROTEIN PRODUCT,19:44908684,rs429358,SCREENING 1,2012-12-31,-5
01-701-1444,SNV,Single Nucleotide Variation,GENOTYPE,C/C,C/C,C/C,19,APOE,GENE WITH PROTEIN PRODUCT,19:44908822,rs7412,SCREENING 1,2012-12-31,-5
01-701-1444,SNV,Single Nucleotide Variation,GENOTYPE,T/G,T/T,T/T,19,ABCA7,GENE WITH PROTEIN PRODUCT,19:1046521,rs3764650,SCREENING 1,2012-12-31,-5
01-701-1444,SNV,Single Nucleotide Variation,GENOTYPE,A/A,A/A,A/A,2,BIN1,GENE WITH PROTEIN PRODUCT,2:127137039,rs744373,SCREENING 1,2012-12-31,-5
01-701-1444,SNV,Single Nucleotide Variation,GENOTYPE,C/C,T/T,T/T,8,CLU,GENE WITH PROTEIN PRODUCT,8:27607002,rs11136000,SCREENING 1,2012-12-31,-5
01-701-1444,SNV,Single Nucleotide Variation,GENOTYPE,A/A,A/A,A/A,1,CR1,GENE WITH PROTEIN PRODUCT,1:207518704,rs6656401,SCREENING 1,2012-12-31,-5
01-701-1444,SNV,Single Nucleotide Variation,GENOTYPE,T/C,T/T,T/T,7,EPHA1,GENE WITH PROTEIN PRODUCT,7:143412046,rs11767557,SCREENING 1,2012-12-31,-5
01-701-1444,SNV,Single Nucleotide Variation,GENOTYPE,T/T,T/T,T/T,11,MS4A6A,GENE WITH PROTEIN PRODUCT,11:60171834,rs610932,SCREENING 1,2012-12-31,-5
01-701-1444,SNV,Single Nucleotide Variation,GENOTYPE,T/T,T/T,T/T,11,PICALM,GENE WITH PROTEIN PRODUCT,11:86157598,rs3851179,SCREENING 1,2012-12-31,-5
01-701-1444,SNV,Single Nucleotide Variation,GENOTYPE,T/T,T/T,T/T,11,SORL1,GENE WITH PROTEIN PRODUCT,11:121564878,rs11218343,SCREENING 1,2012-12-31,-5
01-701-1444,SNV,Single Nucleotide Variation,GENOTYPE,C/C,C/C,C/C,6,TREM2,GENE WITH PROTEIN PRODUCT,6:41161514,rs75932628,SCREENING 1,2012-12-31,-5
01-701-1444,SNV,Single Nucleotide Variation,GENOTYPE,C/C,C/C,C/C,19,CD33,GENE WITH PROTEIN PRODUCT,19:51224706,rs3865444,SCREENING 1,2012-12-31,-5
01-702-1082,SNV,Single Nucleotide Variation,GENOTYPE,T/T,T/T,T/T,19,APOE,GENE WITH PROTEIN PRODUCT,19:44908684,rs429358,SCREENING 1,2013-07-03,-23
01-702-1082,SNV,Single Nucleotide Variation,GENOTYPE,C/C,C/C,C/C,19,APOE,GENE WITH PROTEIN PRODUCT,19:44908822,rs7412,SCREENING 1,2013-07-03,-23
01-702-1082,SNV,Single Nucleotide Variation,GENOTYPE,T/T,T/T,T/T,19,ABCA7,GENE WITH PROTEIN PRODUCT,19:1046521,rs3764650,SCREENING 1,2013-07-03,-23
01-702-1082,SNV,Single Nucleotide Variation,GENOTYPE,G/G,A/A,A/A,2,BIN1,GENE WITH PROTEIN PRODUCT,2:127137039,rs744373,SCREENING 1,2013-07-03,-23
01-702-1082,SNV,Single Nucleotide Variation,GENOTYPE,T/C,T/T,T/T,8,CLU,GENE WITH PROTEIN PRODUCT,8:27607002,rs11136000,SCREENING 1,2013-07-03,-23
01-702-1082,SNV,Single Nucleotide Variation,GENOTYPE,A/A,A/A,A/A,1,CR1,GENE WITH PROTEIN PRODUCT,1:207518704,rs6656401,SCREENING 1,2013-07-03,-23
01-702-1082,SNV,Single Nucleotide Variation,GENOTYPE,C/C,T/T,T/T,7,EPHA1,GENE WITH PROTEIN PRODUCT,7:143412046,rs11767557,SCREENING 1,2013-07-03,-23
01-702-1082,SNV,Single Nucleotide Variation,GENOTYPE,T/T,T/T,T/T,11,MS4A6A,GENE WITH PROTEIN PRODUCT,11:60171834,rs610932,SCREENING 1,2013-07-03,-23
01-702-1082,SNV,Single Nucleotide Variation,GENOTYPE,T/C,T/T,T/T,11,PICALM,GENE WITH PROTEIN PRODUCT,11:86157598,rs3851179,SCREENING 1,2013-07-03,-23
01-702-1082,SNV,Single Nucleotide Variation,GENOTYPE,T/T,T/T,T/T,11,SORL1,GENE WITH PROTEIN PRODUCT,11:121564878,rs11218343,SCREENING 1,2013-07-03,-23
01-702-1082,SNV,Single Nucleotide Variation,GENOTYPE,C/C,C/C,C/C,6,TREM2,GENE WITH PROTEIN PRODUCT,6:41161514,rs75932628,SCREENING 1,2013-07-03,-23
01-702-1082,SNV,Single Nucleotide Variation,GENOTYPE,C/A,C/C,C/C,19,CD33,GENE WITH PROTEIN PRODUCT,19:51224706,rs3865444,SCREENING 1,2013-07-03,-23
01-703-1042,SNV,Single Nucleotide Variation,GENOTYPE,T/C,T/T,T/T,19,APOE,GENE WITH PROTEIN PRODUCT,19:44908684,rs429358,SCREENING 1,2013-02-23,-7
01-703-1042,SNV,Single Nucleotide Variation,GENOTYPE,C/C,C/C,C/C,19,APOE,GENE WITH PROTEIN PRODUCT,19:44908822,rs7412,SCREENING 1,2013-02-23,-7
01-703-1042,SNV,Single Nucleotide Variation,GENOTYPE,T/T,T/T,T/T,19,ABCA7,GENE WITH PROTEIN PRODUCT,19:1046521,rs3764650,SCREENING 1,2013-02-23,-7
01-703-1042,SNV,Single Nucleotide Variation,GENOTYPE,A/G,A/A,A/A,2,BIN1,GENE WITH PROTEIN PRODUCT,2:127137039,rs744373,SCREENING 1,2013-02-23,-7
01-703-1042,SNV,Single Nucleotide Variation,GENOTYPE,T/C,T/T,T/T,8,CLU,GENE WITH PROTEIN PRODUCT,8:27607002,rs11136000,SCREENING 1,2013-02-23,-7
01-703-1042,SNV,Single Nucleotide Variation,GENOTYPE,A/A,A/A,A/A,1,CR1,GENE WITH PROTEIN PRODUCT,1:207518704,rs6656401,SCREENING 1,2013-02-23,-7
01-703-1042,SNV,Single Nucleotide Variation,GENOTYPE,T/T,T/T,T/T,7,EPHA1,GENE WITH PROTEIN PRODUCT,7:143412046,rs11767557,SCREENING 1,2013-02-23,-7
01-703-1042,SNV,Single Nucleotide Variation,GENOTYPE,T/C,T/T,T/T,11,MS4A6A,GENE WITH PROTEIN PRODUCT,11:60171834,rs610932,SCREENING 1,2013-02-23,-7
01-703-1042,SNV,Single Nucleotide Variation,GENOTYPE,T/C,T/T,T/T,11,PICALM,GENE WITH PROTEIN PRODUCT,11:86157598,rs3851179,SCREENING 1,2013-02-23,-7
01-703-1042,SNV,Single Nucleotide Variation,GENOTYPE,T/T,T/T,T/T,11,SORL1,GENE WITH PROTEIN PRODUCT,11:121564878,rs11218343,SCREENING 1,2013-02-23,-7
01-703-1042,SNV,Single Nucleotide Variation,GENOTYPE,C/C,C/C,C/C,6,TREM2,GENE WITH PROTEIN PRODUCT,6:41161514,rs75932628,SCREENING 1,2013-02-23,-7
01-703-1042,SNV,Single Nucleotide Variation,GENOTYPE,C/A,C/C,C/C,19,CD33,GENE WITH PROTEIN PRODUCT,19:51224706,rs3865444,SCREENING 1,2013-02-23,-7
01-703-1076,SNV,Single Nucleotide Variation,GENOTYPE,T/T,T/T,T/T,19,APOE,GENE WITH PROTEIN PRODUCT,19:44908684,rs429358,SCREENING 1,2013-10-17,-8
01-703-1076,SNV,Single Nucleotide Variation,GENOTYPE,C/T,C/C,C/C,19,APOE,GENE WITH PROTEIN PRODUCT,19:44908822,rs7412,SCREENING 1,2013-10-17,-8
01-703-1076,SNV,Single Nucleotide Variation,GENOTYPE,T/G,T/T,T/T,19,ABCA7,GENE WITH PROTEIN PRODUCT,19:1046521,rs3764650,SCREENING 1,2013-10-17,-8
01-703-1076,SNV,Single Nucleotide Variation,GENOTYPE,A/A,A/A,A/A,2,BIN1,GENE WITH PROTEIN PRODUCT,2:127137039,rs744373,SCREENING 1,2013-10-17,-8
01-703-1076,SNV,Single Nucleotide Variation,GENOTYPE,T/C,T/T,T/T,8,CLU,GENE WITH PROTEIN PRODUCT,8:27607002,rs11136000,SCREENING 1,2013-10-17,-8
01-703-1076,SNV,Single Nucleotide Variation,GENOTYPE,A/A,A/A,A/A,1,CR1,GENE WITH PROTEIN PRODUCT,1:207518704,rs6656401,SCREENING 1,2013-10-17,-8
01-703-1076,SNV,Single Nucleotide Variation,GENOTYPE,T/T,T/T,T/T,7,EPHA1,GENE WITH PROTEIN PRODUCT,7:143412046,rs11767557,SCREENING 1,2013-10-17,-8
01-703-1076,SNV,Single Nucleotide Variation,GENOTYPE,T/C,T/T,T/T,11,MS4A6A,GENE WITH PROTEIN PRODUCT,11:60171834,rs610932,SCREENING 1,2013-10-17,-8
01-703-1076,SNV,Single Nucleotide Variation,GENOTYPE,T/T,T/T,T/T,11,PICALM,GENE WITH PROTEIN PRODUCT,11:86157598,rs3851179,SCREENING 1,2013-10-17,-8
01-703-1076,SNV,Single Nucleotide Variation,GENOTYPE,T/T,T/T,T/T,11,SORL1,GENE WITH PROTEIN PRODUCT,11:121564878,rs11218343,SCREENING 1,2013-10-17,-8
01-703-1076,SNV,Single Nucleotide Variation,GENOTYPE,C/C,C/C,C/C,6,TREM2,GENE WITH PROTEIN PRODUCT,6:41161514,rs75932628,SCREENING 1,2013-10-17,-8
01-703-1076,SNV,Single Nucleotide Variation,GENOTYPE,C/A,C/C,C/C,19,CD33,GENE WITH PROTEIN PRODUCT,19:51224706,rs3865444,SCREENING 1,2013-10-17,-8
01-703-1086,SNV,Single Nucleotide Variation,GENOTYPE,T/C,T/T,T/T,19,APOE,GENE WITH PROTEIN PRODUCT,19:44908684,rs429358,SCREENING 1,2012-08-22,-11
01-703-1086,SNV,Single Nucleotide Variation,GENOTYPE,C/C,C/C,C/C,19,APOE,GENE WITH PROTEIN PRODUCT,19:44908822,rs7412,SCREENING 1,2012-08-22,-11
01-703-1086,SNV,Single Nucleotide Variation,GENOTYPE,T/T,T/T,T/T,19,ABCA7,GENE WITH PROTEIN PRODUCT,19:1046521,rs3764650,SCREENING 1,2012-08-22,-11
01-703-1086,SNV,Single Nucleotide Variation,GENOTYPE,A/G,A/A,A/A,2,BIN1,GENE WITH PROTEIN PRODUCT,2:127137039,rs744373,SCREENING 1,2012-08-22,-11
01-703-1086,SNV,Single Nucleotide Variation,GENOTYPE,T/T,T/T,T/T,8,CLU,GENE WITH PROTEIN PRODUCT,8:27607002,rs11136000,SCREENING 1,2012-08-22,-11
01-703-1086,SNV,Single Nucleotide Variation,GENOTYPE,A/G,A/A,A/A,1,CR1,GENE WITH PROTEIN PRODUCT,1:207518704,rs6656401,SCREENING 1,2012-08-22,-11
01-703-1086,SNV,Single Nucleotide Variation,GENOTYPE,T/T,T/T,T/T,7,EPHA1,GENE WITH PROTEIN PRODUCT,7:143412046,rs11767557,SCREENING 1,2012-08-22,-11
01-703-1086,SNV,Single Nucleotide Variation,GENOTYPE,T/C,T/T,T/T,11,MS4A6A,GENE WITH PROTEIN PRODUCT,11:60171834,rs610932,SCREENING 1,2012-08-22,-11
01-703-1086,SNV,Single Nucleotide Variation,GENOTYPE,T/C,T/T,T/T,11,PICALM,GENE WITH PROTEIN PRODUCT,11:86157598,rs3851179,SCREENING 1,2012-08-22,-11
01-703-1086,SNV,Single Nucleotide Variation,GENOTYPE,T/T,T/T,T/T,11,SORL1,GENE WITH PROTEIN PRODUCT,11:121564878,rs11218343,SCREENING 1,2012-08-22,-11
01-703-1086,SNV,Single Nucleotide Variation,GENOTYPE,C/C,C/C,C/C,6,TREM2,GENE WITH PROTEIN PRODUCT,6:41161514,rs75932628,SCREENING 1,2012-08-22,-11
01-703-1086,SNV,Single Nucleotide Variation,GENOTYPE,C/C,C/C,C/C,19,CD33,GENE WITH PROTEIN PRODUCT,19:51224706,rs3865444,SCREENING 1,2012-08-22,-11
01-703-1096,SNV,Single Nucleotide Variation,GENOTYPE,T/T,T/T,T/T,19,APOE,GENE WITH PROTEIN PRODUCT,19:44908684,rs429358,SCREENING 1,2012-12-19,-37
01-703-1096,SNV,Single Nucleotide Variation,GENOTYPE,C/C,C/C,C/C,19,APOE,GENE WITH PROTEIN PRODUCT,19:44908822,rs7412,SCREENING 1,2012-12-19,-37
01-703-1096,SNV,Single Nucleotide Variation,GENOTYPE,T/T,T/T,T/T,19,ABCA7,GENE WITH PROTEIN PRODUCT,19:1046521,rs3764650,SCREENING 1,2012-12-19,-37
01-703-1096,SNV,Single Nucleotide Variation,GENOTYPE,A/A,A/A,A/A,2,BIN1,GENE WITH PROTEIN PRODUCT,2:127137039,rs744373,SCREENING 1,2012-12-19,-37
01-703-1096,SNV,Single Nucleotide Variation,GENOTYPE,T/T,T/T,T/T,8,CLU,GENE WITH PROTEIN PRODUCT,8:27607002,rs11136000,SCREENING 1,2012-12-19,-37
01-703-1096,SNV,Single Nucleotide Variation,GENOTYPE,A/A,A/A,A/A,1,CR1,GENE WITH PROTEIN PRODUCT,1:207518704,rs6656401,SCREENING 1,2012-12-19,-37
01-703-1096,SNV,Single Nucleotide Variation,GENOTYPE,T/C,T/T,T/T,7,EPHA1,GENE WITH PROTEIN PRODUCT,7:143412046,rs11767557,SCREENING 1,2012-12-19,-37
01-703-1096,SNV,Single Nucleotide Variation,GENOTYPE,T/T,T/T,T/T,11,MS4A6A,GENE WITH PROTEIN PRODUCT,11:60171834,rs610932,SCREENING 1,2012-12-19,-37
01-703-1096,SNV,Single Nucleotide Variation,GENOTYPE,C/C,T/T,T/T,11,PICALM,GENE WITH PROTEIN PRODUCT,11:86157598,rs3851179,SCREENING 1,2012-12-19,-37
01-703-1096,SNV,Single Nucleotide Variation,GENOTYPE,T/T,T/T,T/T,11,SORL1,GENE WITH PROTEIN PRODUCT,11:121564878,rs11218343,SCREENING 1,2012-12-19,-37
01-703-1096,SNV,Single Nucleotide Variation,GENOTYPE,C/C,C/C,C/C,6,TREM2,GENE WITH PROTEIN PRODUCT,6:41161514,rs75932628,SCREENING 1,2012-12-19,-37
01-703-1096,SNV,Single Nucleotide Variation,GENOTYPE,C/C,C/C,C/C,19,CD33,GENE WITH PROTEIN PRODUCT,19:51224706,rs3865444,SCREENING 1,2012-12-19,-37
01-703-1100,SNV,Single Nucleotide Variation,GENOTYPE,T/T,T/T,T/T,19,APOE,GENE WITH PROTEIN PRODUCT,19:44908684,rs429358,SCREENING 1,2013-02-28,-13
01-703-1100,SNV,Single Nucleotide Variation,GENOTYPE,C/T,C/C,C/C,19,APOE,GENE WITH PROTEIN PRODUCT,19:44908822,rs7412,SCREENING 1,2013-02-28,-13
01-703-1100,SNV,Single Nucleotide Variation,GENOTYPE,T/G,T/T,T/T,19,ABCA7,GENE WITH PROTEIN PRODUCT,19:1046521,rs3764650,SCREENING 1,2013-02-28,-13
01-703-1100,SNV,Single Nucleotide Variation,GENOTYPE,A/G,A/A,A/A,2,BIN1,GENE WITH PROTEIN PRODUCT,2:127137039,rs744373,SCREENING 1,2013-02-28,-13
01-703-1100,SNV,Single Nucleotide Variation,GENOTYPE,T/C,T/T,T/T,8,CLU,GENE WITH PROTEIN PRODUCT,8:27607002,rs11136000,SCREENING 1,2013-02-28,-13
01-703-1100,SNV,Single Nucleotide Variation,GENOTYPE,A/A,A/A,A/A,1,CR1,GENE WITH PROTEIN PRODUCT,1:207518704,rs6656401,SCREENING 1,2013-02-28,-13
01-703-1100,SNV,Single Nucleotide Variation,GENOTYPE,T/C,T/T,T/T,7,EPHA1,GENE WITH PROTEIN PRODUCT,7:143412046,rs11767557,SCREENING 1,2013-02-28,-13
01-703-1100,SNV,Single Nucleotide Variation,GENOTYPE,T/T,T/T,T/T,11,MS4A6A,GENE WITH PROTEIN PRODUCT,11:60171834,rs610932,SCREENING 1,2013-02-28,-13
01-703-1100,SNV,Single Nucleotide Variation,GENOTYPE,T/C,T/T,T/T,11,PICALM,GENE WITH PROTEIN PRODUCT,11:86157598,rs3851179,SCREENING 1,2013-02-28,-13
01-703-1100,SNV,Single Nucleotide Variation,GENOTYPE,T/C,T/T,T/T,11,SORL1,GENE WITH PROTEIN PRODUCT,11:121564878,rs11218343,SCREENING 1,2013-02-28,-13
01-703-1100,SNV,Single Nucleotide Variation,GENOTYPE,C/C,C/C,C/C,6,TREM2,GENE WITH PROTEIN PRODUCT,6:41161514,rs75932628,SCREENING 1,2013-02-28,-13
01-703-1100,SNV,Single Nucleotide Variation,GENOTYPE,C/C,C/C,C/C,19,CD33,GENE WITH PROTEIN PRODUCT,19:51224706,rs3865444,SCREENING 1,2013-02-28,-13
01-703-1119,SNV,Single Nucleotide Variation,GENOTYPE,T/C,T/T,T/T,19,APOE,GENE WITH PROTEIN PRODUCT,19:44908684,rs429358,SCREENING 1,2013-02-02,-18
01-703-1119,SNV,Single Nucleotide Variation,GENOTYPE,C/C,C/C,C/C,19,APOE,GENE WITH PROTEIN PRODUCT,19:44908822,rs7412,SCREENING 1,2013-02-02,-18
01-703-1119,SNV,Single Nucleotide Variation,GENOTYPE,T/T,T/T,T/T,19,ABCA7,GENE WITH PROTEIN PRODUCT,19:1046521,rs3764650,SCREENING 1,2013-02-02,-18
01-703-1119,SNV,Single Nucleotide Variation,GENOTYPE,A/G,A/A,A/A,2,BIN1,GENE WITH PROTEIN PRODUCT,2:127137039,rs744373,SCREENING 1,2013-02-02,-18
01-703-1119,SNV,Single Nucleotide Variation,GENOTYPE,C/C,T/T,T/T,8,CLU,GENE WITH PROTEIN PRODUCT,8:27607002,rs11136000,SCREENING 1,2013-02-02,-18
01-703-1119,SNV,Single Nucleotide Variation,GENOTYPE,A/A,A/A,A/A,1,CR1,GENE WITH PROTEIN PRODUCT,1:207518704,rs6656401,SCREENING 1,2013-02-02,-18
01-703-1119,SNV,Single Nucleotide Variation,GENOTYPE,T/C,T/T,T/T,7,EPHA1,GENE WITH PROTEIN PRODUCT,7:143412046,rs11767557,SCREENING 1,2013-02-02,-18
01-703-1119,SNV,Single Nucleotide Variation,GENOTYPE,T/C,T/T,T/T,11,MS4A6A,GENE WITH PROTEIN PRODUCT,11:60171834,rs610932,SCREENING 1,2013-02-02,-18
01-703-1119,SNV,Single Nucleotide Variation,GENOTYPE,T/C,T/T,T/T,11,PICALM,GENE WITH PROTEIN PRODUCT,11:86157598,rs3851179,SCREENING 1,2013-02-02,-18
01-703-1119,SNV,Single Nucleotide Variation,GENOTYPE,T/T,T/T,T/T,11,SORL1,GENE WITH PROTEIN PRODUCT,11:121564878,rs11218343,SCREENING 1,2013-02-02,-18
01-703-1119,SNV,Single Nucleotide Variation,GENOTYPE,C/C,C/C,C/C,6,TREM2,GENE WITH PROTEIN PRODUCT,6:41161514,rs75932628,SCREENING 1,2013-02-02,-18
01-703-1119,SNV,Single Nucleotide Variation,GENOTYPE,C/C,C/C,C/C,19,CD33,GENE WITH PROTEIN PRODUCT,19:51224706,rs3865444,SCREENING 1,2013-02-02,-18
01-703-1175,SNV,Single Nucleotide Variation,GENOTYPE,T/T,T/T,T/T,19,APOE,GENE WITH PROTEIN PRODUCT,19:44908684,rs429358,SCREENING 1,2013-12-13,-7
01-703-1175,SNV,Single Nucleotide Variation,GENOTYPE,C/C,C/C,C/C,19,APOE,GENE WITH PROTEIN PRODUCT,19:44908822,rs7412,SCREENING 1,2013-12-13,-7
01-703-1175,SNV,Single Nucleotide Variation,GENOTYPE,T/T,T/T,T/T,19,ABCA7,GENE WITH PROTEIN PRODUCT,19:1046521,rs3764650,SCREENING 1,2013-12-13,-7
01-703-1175,SNV,Single Nucleotide Variation,GENOTYPE,A/G,A/A,A/A,2,BIN1,GENE WITH PROTEIN PRODUCT,2:127137039,rs744373,SCREENING 1,2013-12-13,-7
01-703-1175,SNV,Single Nucleotide Variation,GENOTYPE,T/C,T/T,T/T,8,CLU,GENE WITH PROTEIN PRODUCT,8:27607002,rs11136000,SCREENING 1,2013-12-13,-7
01-703-1175,SNV,Single Nucleotide Variation,GENOTYPE,A/G,A/A,A/A,1,CR1,GENE WITH PROTEIN PRODUCT,1:207518704,rs6656401,SCREENING 1,2013-12-13,-7
01-703-1175,SNV,Single Nucleotide Variation,GENOTYPE,T/T,T/T,T/T,7,EPHA1,GENE WITH PROTEIN PRODUCT,7:143412046,rs11767557,SCREENING 1,2013-12-13,-7
01-703-1175,SNV,Single Nucleotide Variation,GENOTYPE,C/C,T/T,T/T,11,MS4A6A,GENE WITH PROTEIN PRODUCT,11:60171834,rs610932,SCREENING 1,2013-12-13,-7
01-703-1175,SNV,Single Nucleotide Variation,GENOTYPE,T/C,T/T,T/T,11,PICALM,GENE WITH PROTEIN PRODUCT,11:86157598,rs3851179,SCREENING 1,2013-12-13,-7
01-703-1175,SNV,Single Nucleotide Variation,GENOTYPE,T/T,T/T,T/T,11,SORL1,GENE WITH PROTEIN PRODUCT,11:121564878,rs11218343,SCREENING 1,2013-12-13,-7
01-703-1175,SNV,Single Nucleotide Variation,GENOTYPE,C/C,C/C,C/C,6,TREM2,GENE WITH PROTEIN PRODUCT,6:41161514,rs75932628,SCREENING 1,2013-12-13,-7
01-703-1175,SNV,Single Nucleotide Variation,GENOTYPE,C/A,C/C,C/C,19,CD33,GENE WITH PROTEIN PRODUCT,19:51224706,rs3865444,SCREENING 1,2013-12-13,-7
01-703-1182,SNV,Single Nucleotide Variation,GENOTYPE,T/C,T/T,T/T,19,APOE,GENE WITH PROTEIN PRODUCT,19:44908684,rs429358,SCREENING 1,2013-10-08,-9
01-703-1182,SNV,Single Nucleotide Variation,GENOTYPE,C/C,C/C,C/C,19,APOE,GENE WITH PROTEIN PRODUCT,19:44908822,rs7412,SCREENING 1,2013-10-08,-9
01-703-1182,SNV,Single Nucleotide Variation,GENOTYPE,T/T,T/T,T/T,19,ABCA7,GENE WITH PROTEIN PRODUCT,19:1046521,rs3764650,SCREENING 1,2013-10-08,-9
01-703-1182,SNV,Single Nucleotide Variation,GENOTYPE,A/G,A/A,A/A,2,BIN1,GENE WITH PROTEIN PRODUCT,2:127137039,rs744373,SCREENING 1,2013-10-08,-9
01-703-1182,SNV,Single Nucleotide Variation,GENOTYPE,T/C,T/T,T/T,8,CLU,GENE WITH PROTEIN PRODUCT,8:27607002,rs11136000,SCREENING 1,2013-10-08,-9
01-703-1182,SNV,Single Nucleotide Variation,GENOTYPE,A/A,A/A,A/A,1,CR1,GENE WITH PROTEIN PRODUCT,1:207518704,rs6656401,SCREENING 1,2013-10-08,-9
01-703-1182,SNV,Single Nucleotide Variation,GENOTYPE,T/T,T/T,T/T,7,EPHA1,GENE WITH PROTEIN PRODUCT,7:143412046,rs11767557,SCREENING 1,2013-10-08,-9
01-703-1182,SNV,Single Nucleotide Variation,GENOTYPE,T/T,T/T,T/T,11,MS4A6A,GENE WITH PROTEIN PRODUCT,11:60171834,rs610932,SCREENING 1,2013-10-08,-9
01-703-1182,SNV,Single Nucleotide Variation,GENOTYPE,T/T,T/T,T/T,11,PICALM,GENE WITH PROTEIN PRODUCT,11:86157598,rs3851179,SCREENING 1,2013-10-08,-9
01-703-1182,SNV,Single Nucleotide Variation,GENOTYPE,T/T,T/T,T/T,11,SORL1,GENE WITH PROTEIN PRODUCT,11:121564878,rs11218343,SCREENING 1,2013-10-08,-9
01-703-1182,SNV,Single Nucleotide Variation,GENOTYPE,C/T,C/C,C/C,6,TREM2,GENE WITH PROTEIN PRODUCT,6:41161514,rs75932628,SCREENING 1,2013-10-08,-9
01-703-1182,SNV,Single Nucleotide Variation,GENOTYPE,C/C,C/C,C/C,19,CD33,GENE WITH PROTEIN PRODUCT,19:51224706,rs3865444,SCREENING 1,2013-10-08,-9
01-703-1197,SNV,Single Nucleotide Variation,GENOTYPE,T/T,T/T,T/T,19,APOE,GENE WITH PROTEIN PRODUCT,19:44908684,rs429358,SCREENING 1,2013-06-01,-15
01-703-1197,SNV,Single Nucleotide Variation,GENOTYPE,C/C,C/C,C/C,19,APOE,GENE WITH PROTEIN PRODUCT,19:44908822,rs7412,SCREENING 1,2013-06-01,-15
01-703-1197,SNV,Single Nucleotide Variation,GENOTYPE,G/G,T/T,T/T,19,ABCA7,GENE WITH PROTEIN PRODUCT,19:1046521,rs3764650,SCREENING 1,2013-06-01,-15
01-703-1197,SNV,Single Nucleotide Variation,GENOTYPE,A/A,A/A,A/A,2,BIN1,GENE WITH PROTEIN PRODUCT,2:127137039,rs744373,SCREENING 1,2013-06-01,-15
01-703-1197,SNV,Single Nucleotide Variation,GENOTYPE,T/C,T/T,T/T,8,CLU,GENE WITH PROTEIN PRODUCT,8:27607002,rs11136000,SCREENING 1,2013-06-01,-15
01-703-1197,SNV,Single Nucleotide Variation,GENOTYPE,A/A,A/A,A/A,1,CR1,GENE WITH PROTEIN PRODUCT,1:207518704,rs6656401,SCREENING 1,2013-06-01,-15
01-703-1197,SNV,Single Nucleotide Variation,GENOTYPE,T/T,T/T,T/T,7,EPHA1,GENE WITH PROTEIN PRODUCT,7:143412046,rs11767557,SCREENING 1,2013-06-01,-15
01-703-1197,SNV,Single Nucleotide Variation,GENOTYPE,T/T,T/T,T/T,11,MS4A6A,GENE WITH PROTEIN PRODUCT,11:60171834,rs610932,SCREENING 1,2013-06-01,-15
01-703-1197,SNV,Single Nucleotide Variation,GENOTYPE,T/T,T/T,T/T,11,PICALM,GENE WITH PROTEIN PRODUCT,11:86157598,rs3851179,SCREENING 1,2013-06-01,-15
01-703-1197,SNV,Single Nucleotide Variation,GENOTYPE,T/T,T/T,T/T,11,SORL1,GENE WITH PROTEIN PRODUCT,11:121564878,rs11218343,SCREENING 1,2013-06-01,-15
01-703-1197,SNV,Single Nucleotide Variation,GENOTYPE,C/C,C/C,C/C,6,TREM2,GENE WITH PROTEIN PRODUCT,6:41161514,rs75932628,SCREENING 1,2013-06-01,-15
01-703-1197,SNV,Single Nucleotide Variation,GENOTYPE,C/C,C/C,C/C,19,CD33,GENE WITH PROTEIN PRODUCT,19:51224706,rs3865444,SCREENING 1,2013-06-01,-15
01-703-1210,SNV,Single Nucleotide Variation,GENOTYPE,T/T,T/T,T/T,19,APOE,GENE WITH PROTEIN PRODUCT,19:44908684,rs429358,SCREENING 1,2013-03-08,-8
01-703-1210,SNV,Single Nucleotide Variation,GENOTYPE,C/C,C/C,C/C,19,APOE,GENE WITH PROTEIN PRODUCT,19:44908822,rs7412,SCREENING 1,2013-03-08,-8
01-703-1210,SNV,Single Nucleotide Variation,GENOTYPE,T/T,T/T,T/T,19,ABCA7,GENE WITH PROTEIN PRODUCT,19:1046521,rs3764650,SCREENING 1,2013-03-08,-8
01-703-1210,SNV,Single Nucleotide Variation,GENOTYPE,A/G,A/A,A/A,2,BIN1,GENE WITH PROTEIN PRODUCT,2:127137039,rs744373,SCREENING 1,2013-03-08,-8
01-703-1210,SNV,Single Nucleotide Variation,GENOTYPE,T/T,T/T,T/T,8,CLU,GENE WITH PROTEIN PRODUCT,8:27607002,rs11136000,SCREENING 1,2013-03-08,-8
01-703-1210,SNV,Single Nucleotide Variation,GENOTYPE,A/G,A/A,A/A,1,CR1,GENE WITH PROTEIN PRODUCT,1:207518704,rs6656401,SCREENING 1,2013-03-08,-8
01-703-1210,SNV,Single Nucleotide Variation,GENOTYPE,T/T,T/T,T/T,7,EPHA1,GENE WITH PROTEIN PRODUCT,7:143412046,rs11767557,SCREENING 1,2013-03-08,-8
01-703-1210,SNV,Single Nucleotide Variation,GENOTYPE,T/T,T/T,T/T,11,MS4A6A,GENE WITH PROTEIN PRODUCT,11:60171834,rs610932,SCREENING 1,2013-03-08,-8
01-703-1210,SNV,Single Nucleotide Variation,GENOTYPE,T/T,T/T,T/T,11,PICALM,GENE WITH PROTEIN PRODUCT,11:86157598,rs3851179,SCREENING 1,2013-03-08,-8
01-703-1210,SNV,Single Nucleotide Variation,GENOTYPE,T/T,T/T,T/T,11,SORL1,GENE WITH PROTEIN PRODUCT,11:121564878,rs11218343,SCREENING 1,2013-03-08,-8
01-703-1210,SNV,Single Nucleotide Variation,GENOTYPE,C/C,C/C,C/C,6,TREM2,GENE WITH PROTEIN PRODUCT,6:41161514,rs75932628,SCREENING 1,2013-03-08,-8
01-703-1210,SNV,Single Nucleotide Variation,GENOTYPE,C/C,C/C,C/C,19,CD33,GENE WITH PROTEIN PRODUCT,19:51224706,rs3865444,SCREENING 1,2013-03-08,-8
01-703-1258,SNV,Single Nucleotide Variation,GENOTYPE,T/C,T/T,T/T,19,APOE,GENE WITH PROTEIN PRODUCT,19:44908684,rs429358,SCREENING 1,2012-07-10,-10
01-703-1258,SNV,Single Nucleotide Variation,GENOTYPE,C/C,C/C,C/C,19,APOE,GENE WITH PROTEIN PRODUCT,19:44908822,rs7412,SCREENING 1,2012-07-10,-10
01-703-1258,SNV,Single Nucleotide Variation,GENOTYPE,T/T,T/T,T/T,19,ABCA7,GENE WITH PROTEIN PRODUCT,19:1046521,rs3764650,SCREENING 1,2012-07-10,-10
01-703-1258,SNV,Single Nucleotide Variation,GENOTYPE,A/A,A/A,A/A,2,BIN1,GENE WITH PROTEIN PRODUCT,2:127137039,rs744373,SCREENING 1,2012-07-10,-10
01-703-1258,SNV,Single Nucleotide Variation,GENOTYPE,T/C,T/T,T/T,8,CLU,GENE WITH PROTEIN PRODUCT,8:27607002,rs11136000,SCREENING 1,2012-07-10,-10
01-703-1258,SNV,Single Nucleotide Variation,GENOTYPE,A/A,A/A,A/A,1,CR1,GENE WITH PROTEIN PRODUCT,1:207518704,rs6656401,SCREENING 1,2012-07-10,-10
01-703-1258,SNV,Single Nucleotide Variation,GENOTYPE,T/C,T/T,T/T,7,EPHA1,GENE WITH PROTEIN PRODUCT,7:143412046,rs11767557,SCREENING 1,2012-07-10,-10
01-703-1258,SNV,Single Nucleotide Variation,GENOTYPE,T/T,T/T,T/T,11,MS4A6A,GENE WITH PROTEIN PRODUCT,11:60171834,rs610932,SCREENING 1,2012-07-10,-10
01-703-1258,SNV,Single Nucleotide Variation,GENOTYPE,C/C,T/T,T/T,11,PICALM,GENE WITH PROTEIN PRODUCT,11:86157598,rs3851179,SCREENING 1,2012-07-10,-10
01-703-1258,SNV,Single Nucleotide Variation,GENOTYPE,T/T,T/T,T/T,11,SORL1,GENE WITH PROTEIN PRODUCT,11:121564878,rs11218343,SCREENING 1,2012-07-10,-10
01-703-1258,SNV,Single Nucleotide Variation,GENOTYPE,C/C,C/C,C/C,6,TREM2,GENE WITH PROTEIN PRODUCT,6:41161514,rs75932628,SCREENING 1,2012-07-10,-10
01-703-1258,SNV,Single Nucleotide Variation,GENOTYPE,C/A,C/C,C/C,19,CD33,GENE WITH PROTEIN PRODUCT,19:51224706,rs3865444,SCREENING 1,2012-07-10,-10
01-703-1279,SNV,Single Nucleotide Variation,GENOTYPE,T/C,T/T,T/T,19,APOE,GENE WITH PROTEIN PRODUCT,19:44908684,rs429358,SCREENING 1,2013-04-27,-16
01-703-1279,SNV,Single Nucleotide Variation,GENOTYPE,C/C,C/C,C/C,19,APOE,GENE WITH PROTEIN PRODUCT,19:44908822,rs7412,SCREENING 1,2013-04-27,-16
01-703-1279,SNV,Single Nucleotide Variation,GENOTYPE,T/G,T/T,T/T,19,ABCA7,GENE WITH PROTEIN PRODUCT,19:1046521,rs3764650,SCREENING 1,2013-04-27,-16
01-703-1279,SNV,Single Nucleotide Variation,GENOTYPE,A/A,A/A,A/A,2,BIN1,GENE WITH PROTEIN PRODUCT,2:127137039,rs744373,SCREENING 1,2013-04-27,-16
01-703-1279,SNV,Single Nucleotide Variation,GENOTYPE,T/C,T/T,T/T,8,CLU,GENE WITH PROTEIN PRODUCT,8:27607002,rs11136000,SCREENING 1,2013-04-27,-16
01-703-1279,SNV,Single Nucleotide Variation,GENOTYPE,A/A,A/A,A/A,1,CR1,GENE WITH PROTEIN PRODUCT,1:207518704,rs6656401,SCREENING 1,2013-04-27,-16
01-703-1279,SNV,Single Nucleotide Variation,GENOTYPE,T/T,T/T,T/T,7,EPHA1,GENE WITH PROTEIN PRODUCT,7:143412046,rs11767557,SCREENING 1,2013-04-27,-16
01-703-1279,SNV,Single Nucleotide Variation,GENOTYPE,T/C,T/T,T/T,11,MS4A6A,GENE WITH PROTEIN PRODUCT,11:60171834,rs610932,SCREENING 1,2013-04-27,-16
01-703-1279,SNV,Single Nucleotide Variation,GENOTYPE,C/C,T/T,T/T,11,PICALM,GENE WITH PROTEIN PRODUCT,11:86157598,rs3851179,SCREENING 1,2013-04-27,-16
01-703-1279,SNV,Single Nucleotide Variation,GENOTYPE,T/T,T/T,T/T,11,SORL1,GENE WITH PROTEIN PRODUCT,11:121564878,rs11218343,SCREENING 1,2013-04-27,-16
01-703-1279,SNV,Single Nucleotide Variation,GENOTYPE,C/C,C/C,C/C,6,TREM2,GENE WITH PROTEIN PRODUCT,6:41161514,rs75932628,SCREENING 1,2013-04-27,-16
01-703-1279,SNV,Single Nucleotide Variation,GENOTYPE,C/A,C/C,C/C,19,CD33,GENE WITH PROTEIN PRODUCT,19:51224706,rs3865444,SCREENING 1,2013-04-27,-16
01-703-1295,SNV,Single Nucleotide Variation,GENOTYPE,T/T,T/T,T/T,19,APOE,GENE WITH PROTEIN PRODUCT,19:44908684,rs429358,SCREENING 1,2013-10-24,-28
01-703-1295,SNV,Single Nucleotide Variation,GENOTYPE,C/C,C/C,C/C,19,APOE,GENE WITH PROTEIN PRODUCT,19:44908822,rs7412,SCREENING 1,2013-10-24,-28
01-703-1295,SNV,Single Nucleotide Variation,GENOTYPE,T/T,T/T,T/T,19,ABCA7,GENE WITH PROTEIN PRODUCT,19:1046521,rs3764650,SCREENING 1,2013-10-24,-28
01-703-1295,SNV,Single Nucleotide Variation,GENOTYPE,A/G,A/A,A/A,2,BIN1,GENE WITH PROTEIN PRODUCT,2:127137039,rs744373,SCREENING 1,2013-10-24,-28
01-703-1295,SNV,Single Nucleotide Variation,GENOTYPE,T/T,T/T,T/T,8,CLU,GENE WITH PROTEIN PRODUCT,8:27607002,rs11136000,SCREENING 1,2013-10-24,-28
01-703-1295,SNV,Single Nucleotide Variation,GENOTYPE,A/A,A/A,A/A,1,CR1,GENE WITH PROTEIN PRODUCT,1:207518704,rs6656401,SCREENING 1,2013-10-24,-28
01-703-1295,SNV,Single Nucleotide Variation,GENOTYPE,T/C,T/T,T/T,7,EPHA1,GENE WITH PROTEIN PRODUCT,7:143412046,rs11767557,SCREENING 1,2013-10-24,-28
01-703-1295,SNV,Single Nucleotide Variation,GENOTYPE,C/C,T/T,T/T,11,MS4A6A,GENE WITH PROTEIN PRODUCT,11:60171834,rs610932,SCREENING 1,2013-10-24,-28
01-703-1295,SNV,Single Nucleotide Variation,GENOTYPE,T/T,T/T,T/T,11,PICALM,GENE WITH PROTEIN PRODUCT,11:86157598,rs3851179,SCREENING 1,2013-10-24,-28
01-703-1295,SNV,Single Nucleotide Variation,GENOTYPE,T/T,T/T,T/T,11,SORL1,GENE WITH PROTEIN PRODUCT,11:121564878,rs11218343,SCREENING 1,2013-10-24,-28
01-703-1295,SNV,Single Nucleotide Variation,GENOTYPE,C/C,C/C,C/C,6,TREM2,GENE WITH PROTEIN PRODUCT,6:41161514,rs75932628,SCREENING 1,2013-10-24,-28
01-703-1295,SNV,Single Nucleotide Variation,GENOTYPE,A/A,C/C,C/C,19,CD33,GENE WITH PROTEIN PRODUCT,19:51224706,rs3865444,SCREENING 1,2013-10-24,-28
01-703-1299,SNV,Single Nucleotide Variation,GENOTYPE,T/T,T/T,T/T,19,APOE,GENE WITH PROTEIN PRODUCT,19:44908684,rs429358,SCREENING 1,2012-09-07,-5
01-703-1299,SNV,Single Nucleotide Variation,GENOTYPE,C/C,C/C,C/C,19,APOE,GENE WITH PROTEIN PRODUCT,19:44908822,rs7412,SCREENING 1,2012-09-07,-5
01-703-1299,SNV,Single Nucleotide Variation,GENOTYPE,T/G,T/T,T/T,19,ABCA7,GENE WITH PROTEIN PRODUCT,19:1046521,rs3764650,SCREENING 1,2012-09-07,-5
01-703-1299,SNV,Single Nucleotide Variation,GENOTYPE,G/G,A/A,A/A,2,BIN1,GENE WITH PROTEIN PRODUCT,2:127137039,rs744373,SCREENING 1,2012-09-07,-5
01-703-1299,SNV,Single Nucleotide Variation,GENOTYPE,C/C,T/T,T/T,8,CLU,GENE WITH PROTEIN PRODUCT,8:27607002,rs11136000,SCREENING 1,2012-09-07,-5
01-703-1299,SNV,Single Nucleotide Variation,GENOTYPE,A/A,A/A,A/A,1,CR1,GENE WITH PROTEIN PRODUCT,1:207518704,rs6656401,SCREENING 1,2012-09-07,-5
01-703-1299,SNV,Single Nucleotide Variation,GENOTYPE,T/C,T/T,T/T,7,EPHA1,GENE WITH PROTEIN PRODUCT,7:143412046,rs11767557,SCREENING 1,2012-09-07,-5
01-703-1299,SNV,Single Nucleotide Variation,GENOTYPE,T/C,T/T,T/T,11,MS4A6A,GENE WITH PROTEIN PRODUCT,11:60171834,rs610932,SCREENING 1,2012-09-07,-5
01-703-1299,SNV,Single Nucleotide Variation,GENOTYPE,T/C,T/T,T/T,11,PICALM,GENE WITH PROTEIN PRODUCT,11:86157598,rs3851179,SCREENING 1,2012-09-07,-5
01-703-1299,SNV,Single Nucleotide Variation,GENOTYPE,T/C,T/T,T/T,11,SORL1,GENE WITH PROTEIN PRODUCT,11:121564878,rs11218343,SCREENING 1,2012-09-07,-5
01-703-1299,SNV,Single Nucleotide Variation,GENOTYPE,C/C,C/C,C/C,6,TREM2,GENE WITH PROTEIN PRODUCT,6:41161514,rs75932628,SCREENING 1,2012-09-07,-5
01-703-1299,SNV,Single Nucleotide Variation,GENOTYPE,C/A,C/C,C/C,19,CD33,GENE WITH PROTEIN PRODUCT,19:51224706,rs3865444,SCREENING 1,2012-09-07,-5
01-703-1335,SNV,Single Nucleotide Variation,GENOTYPE,T/T,T/T,T/T,19,APOE,GENE WITH PROTEIN PRODUCT,19:44908684,rs429358,SCREENING 1,2014-02-28,-17
01-703-1335,SNV,Single Nucleotide Variation,GENOTYPE,C/C,C/C,C/C,19,APOE,GENE WITH PROTEIN PRODUCT,19:44908822,rs7412,SCREENING 1,2014-02-28,-17
01-703-1335,SNV,Single Nucleotide Variation,GENOTYPE,T/T,T/T,T/T,19,ABCA7,GENE WITH PROTEIN PRODUCT,19:1046521,rs3764650,SCREENING 1,2014-02-28,-17
01-703-1335,SNV,Single Nucleotide Variation,GENOTYPE,A/G,A/A,A/A,2,BIN1,GENE WITH PROTEIN PRODUCT,2:127137039,rs744373,SCREENING 1,2014-02-28,-17
01-703-1335,SNV,Single Nucleotide Variation,GENOTYPE,T/C,T/T,T/T,8,CLU,GENE WITH PROTEIN PRODUCT,8:27607002,rs11136000,SCREENING 1,2014-02-28,-17
01-703-1335,SNV,Single Nucleotide Variation,GENOTYPE,A/G,A/A,A/A,1,CR1,GENE WITH PROTEIN PRODUCT,1:207518704,rs6656401,SCREENING 1,2014-02-28,-17
01-703-1335,SNV,Single Nucleotide Variation,GENOTYPE,T/C,T/T,T/T,7,EPHA1,GENE WITH PROTEIN PRODUCT,7:143412046,rs11767557,SCREENING 1,2014-02-28,-17
01-703-1335,SNV,Single Nucleotide Variation,GENOTYPE,T/C,T/T,T/T,11,MS4A6A,GENE WITH PROTEIN PRODUCT,11:60171834,rs610932,SCREENING 1,2014-02-28,-17
01-703-1335,SNV,Single Nucleotide Variation,GENOTYPE,T/C,T/T,T/T,11,PICALM,GENE WITH PROTEIN PRODUCT,11:86157598,rs3851179,SCREENING 1,2014-02-28,-17
01-703-1335,SNV,Single Nucleotide Variation,GENOTYPE,T/T,T/T,T/T,11,SORL1,GENE WITH PROTEIN PRODUCT,11:121564878,rs11218343,SCREENING 1,2014-02-28,-17
01-703-1335,SNV,Single Nucleotide Variation,GENOTYPE,C/C,C/C,C/C,6,TREM2,GENE WITH PROTEIN PRODUCT,6:41161514,rs75932628,SCREENING 1,2014-02-28,-17
01-703-1335,SNV,Single Nucleotide Variation,GENOTYPE,C/C,C/C,C/C,19,CD33,GENE WITH PROTEIN PRODUCT,19:51224706,rs3865444,SCREENING 1,2014-02-28,-17
01-703-1379,SNV,Single Nucleotide Variation,GENOTYPE,C/C,T/T,T/T,19,APOE,GENE WITH PROTEIN PRODUCT,19:44908684,rs429358,SCREENING 1,2013-09-12,-10
01-703-1379,SNV,Single Nucleotide Variation,GENOTYPE,C/C,C/C,C/C,19,APOE,GENE WITH PROTEIN PRODUCT,19:44908822,rs7412,SCREENING 1,2013-09-12,-10
01-703-1379,SNV,Single Nucleotide Variation,GENOTYPE,T/T,T/T,T/T,19,ABCA7,GENE WITH PROTEIN PRODUCT,19:1046521,rs3764650,SCREENING 1,2013-09-12,-10
01-703-1379,SNV,Single Nucleotide Variation,GENOTYPE,A/G,A/A,A/A,2,BIN1,GENE WITH PROTEIN PRODUCT,2:127137039,rs744373,SCREENING 1,2013-09-12,-10
01-703-1379,SNV,Single Nucleotide Variation,GENOTYPE,T/C,T/T,T/T,8,CLU,GENE WITH PROTEIN PRODUCT,8:27607002,rs11136000,SCREENING 1,2013-09-12,-10
01-703-1379,SNV,Single Nucleotide Variation,GENOTYPE,A/A,A/A,A/A,1,CR1,GENE WITH PROTEIN PRODUCT,1:207518704,rs6656401,SCREENING 1,2013-09-12,-10
01-703-1379,SNV,Single Nucleotide Variation,GENOTYPE,T/T,T/T,T/T,7,EPHA1,GENE WITH PROTEIN PRODUCT,7:143412046,rs11767557,SCREENING 1,2013-09-12,-10
01-703-1379,SNV,Single Nucleotide Variation,GENOTYPE,T/C,T/T,T/T,11,MS4A6A,GENE WITH PROTEIN PRODUCT,11:60171834,rs610932,SCREENING 1,2013-09-12,-10
01-703-1379,SNV,Single Nucleotide Variation,GENOTYPE,T/T,T/T,T/T,11,PICALM,GENE WITH PROTEIN PRODUCT,11:86157598,rs3851179,SCREENING 1,2013-09-12,-10
01-703-1379,SNV,Single Nucleotide Variation,GENOTYPE,T/T,T/T,T/T,11,SORL1,GENE WITH PROTEIN PRODUCT,11:121564878,rs11218343,SCREENING 1,2013-09-12,-10
01-703-1379,SNV,Single Nucleotide Variation,GENOTYPE,C/C,C/C,C/C,6,TREM2,GENE WITH PROTEIN PRODUCT,6:41161514,rs75932628,SCREENING 1,2013-09-12,-10
01-703-1379,SNV,Single Nucleotide Variation,GENOTYPE,C/A,C/C,C/C,19,CD33,GENE WITH PROTEIN PRODUCT,19:51224706,rs3865444,SCREENING 1,2013-09-12,-10
01-703-1403,SNV,Single Nucleotide Variation,GENOTYPE,T/T,T/T,T/T,19,APOE,GENE WITH PROTEIN PRODUCT,19:44908684,rs429358,SCREENING 1,2012-12-05,-7
01-703-1403,SNV,Single Nucleotide Variation,GENOTYPE,C/T,C/C,C/C,19,APOE,GENE WITH PROTEIN PRODUCT,19:44908822,rs7412,SCREENING 1,2012-12-05,-7
01-703-1403,SNV,Single Nucleotide Variation,GENOTYPE,T/G,T/T,T/T,19,ABCA7,GENE WITH PROTEIN PRODUCT,19:1046521,rs3764650,SCREENING 1,2012-12-05,-7
01-703-1403,SNV,Single Nucleotide Variation,GENOTYPE,A/G,A/A,A/A,2,BIN1,GENE WITH PROTEIN PRODUCT,2:127137039,rs744373,SCREENING 1,2012-12-05,-7
01-703-1403,SNV,Single Nucleotide Variation,GENOTYPE,T/C,T/T,T/T,8,CLU,GENE WITH PROTEIN PRODUCT,8:27607002,rs11136000,SCREENING 1,2012-12-05,-7
01-703-1403,SNV,Single Nucleotide Variation,GENOTYPE,A/A,A/A,A/A,1,CR1,GENE WITH PROTEIN PRODUCT,1:207518704,rs6656401,SCREENING 1,2012-12-05,-7
01-703-1403,SNV,Single Nucleotide Variation,GENOTYPE,T/C,T/T,T/T,7,EPHA1,GENE WITH PROTEIN PRODUCT,7:143412046,rs11767557,SCREENING 1,2012-12-05,-7
01-703-1403,SNV,Single Nucleotide Variation,GENOTYPE,T/T,T/T,T/T,11,MS4A6A,GENE WITH PROTEIN PRODUCT,11:60171834,rs610932,SCREENING 1,2012-12-05,-7
01-703-1403,SNV,Single Nucleotide Variation,GENOTYPE,T/C,T/T,T/T,11,PICALM,GENE WITH PROTEIN PRODUCT,11:86157598,rs3851179,SCREENING 1,2012-12-05,-7
01-703-1403,SNV,Single Nucleotide Variation,GENOTYPE,T/T,T/T,T/T,11,SORL1,GENE WITH PROTEIN PRODUCT,11:121564878,rs11218343,SCREENING 1,2012-12-05,-7
01-703-1403,SNV,Single Nucleotide Variation,GENOTYPE,C/C,C/C,C/C,6,TREM2,GENE WITH PROTEIN PRODUCT,6:41161514,rs75932628,SCREENING 1,2012-12-05,-7
01-703-1403,SNV,Single Nucleotide Variation,GENOTYPE,C/C,C/C,C/C,19,CD33,GENE WITH PROTEIN PRODUCT,19:51224706,rs3865444,SCREENING 1,2012-12-05,-7
01-703-1439,SNV,Single Nucleotide Variation,GENOTYPE,T/T,T/T,T/T,19,APOE,GENE WITH PROTEIN PRODUCT,19:44908684,rs429358,SCREENING 1,2014-03-04,-8
01-703-1439,SNV,Single Nucleotide Variation,GENOTYPE,C/C,C/C,C/C,19,APOE,GENE WITH PROTEIN PRODUCT,19:44908822,rs7412,SCREENING 1,2014-03-04,-8
01-703-1439,SNV,Single Nucleotide Variation,GENOTYPE,T/G,T/T,T/T,19,ABCA7,GENE WITH PROTEIN PRODUCT,19:1046521,rs3764650,SCREENING 1,2014-03-04,-8
01-703-1439,SNV,Single Nucleotide Variation,GENOTYPE,A/A,A/A,A/A,2,BIN1,GENE WITH PROTEIN PRODUCT,2:127137039,rs744373,SCREENING 1,2014-03-04,-8
01-703-1439,SNV,Single Nucleotide Variation,GENOTYPE,C/C,T/T,T/T,8,CLU,GENE WITH PROTEIN PRODUCT,8:27607002,rs11136000,SCREENING 1,2014-03-04,-8
01-703-1439,SNV,Single Nucleotide Variation,GENOTYPE,A/A,A/A,A/A,1,CR1,GENE WITH PROTEIN PRODUCT,1:207518704,rs6656401,SCREENING 1,2014-03-04,-8
01-703-1439,SNV,Single Nucleotide Variation,GENOTYPE,T/T,T/T,T/T,7,EPHA1,GENE WITH PROTEIN PRODUCT,7:143412046,rs11767557,SCREENING 1,2014-03-04,-8
01-703-1439,SNV,Single Nucleotide Variation,GENOTYPE,T/T,T/T,T/T,11,MS4A6A,GENE WITH PROTEIN PRODUCT,11:60171834,rs610932,SCREENING 1,2014-03-04,-8
01-703-1439,SNV,Single Nucleotide Variation,GENOTYPE,T/C,T/T,T/T,11,PICALM,GENE WITH PROTEIN PRODUCT,11:86157598,rs3851179,SCREENING 1,2014-03-04,-8
01-703-1439,SNV,Single Nucleotide Variation,GENOTYPE,T/T,T/T,T/T,11,SORL1,GENE WITH PROTEIN PRODUCT,11:121564878,rs11218343,SCREENING 1,2014-03-04,-8
01-703-1439,SNV,Single Nucleotide Variation,GENOTYPE,C/C,C/C,C/C,6,TREM2,GENE WITH PROTEIN PRODUCT,6:41161514,rs75932628,SCREENING 1,2014-03-04,-8
01-703-1439,SNV,Single Nucleotide Variation,GENOTYPE,C/C,C/C,C/C,19,CD33,GENE WITH PROTEIN PRODUCT,19:51224706,rs3865444,SCREENING 1,2014-03-04,-8
01-704-1008,SNV,Single Nucleotide Variation,GENOTYPE,T/C,T/T,T/T,19,APOE,GENE WITH PROTEIN PRODUCT,19:44908684,rs429358,SCREENING 1,2013-01-06,-7
01-704-1008,SNV,Single Nucleotide Variation,GENOTYPE,C/C,C/C,C/C,19,APOE,GENE WITH PROTEIN PRODUCT,19:44908822,rs7412,SCREENING 1,2013-01-06,-7
01-704-1008,SNV,Single Nucleotide Variation,GENOTYPE,T/T,T/T,T/T,19,ABCA7,GENE WITH PROTEIN PRODUCT,19:1046521,rs3764650,SCREENING 1,2013-01-06,-7
01-704-1008,SNV,Single Nucleotide Variation,GENOTYPE,A/G,A/A,A/A,2,BIN1,GENE WITH PROTEIN PRODUCT,2:127137039,rs744373,SCREENING 1,2013-01-06,-7
01-704-1008,SNV,Single Nucleotide Variation,GENOTYPE,T/T,T/T,T/T,8,CLU,GENE WITH PROTEIN PRODUCT,8:27607002,rs11136000,SCREENING 1,2013-01-06,-7
01-704-1008,SNV,Single Nucleotide Variation,GENOTYPE,A/G,A/A,A/A,1,CR1,GENE WITH PROTEIN PRODUCT,1:207518704,rs6656401,SCREENING 1,2013-01-06,-7
01-704-1008,SNV,Single Nucleotide Variation,GENOTYPE,T/T,T/T,T/T,7,EPHA1,GENE WITH PROTEIN PRODUCT,7:143412046,rs11767557,SCREENING 1,2013-01-06,-7
01-704-1008,SNV,Single Nucleotide Variation,GENOTYPE,T/C,T/T,T/T,11,MS4A6A,GENE WITH PROTEIN PRODUCT,11:60171834,rs610932,SCREENING 1,2013-01-06,-7
01-704-1008,SNV,Single Nucleotide Variation,GENOTYPE,T/C,T/T,T/T,11,PICALM,GENE WITH PROTEIN PRODUCT,11:86157598,rs3851179,SCREENING 1,2013-01-06,-7
01-704-1008,SNV,Single Nucleotide Variation,GENOTYPE,T/T,T/T,T/T,11,SORL1,GENE WITH PROTEIN PRODUCT,11:121564878,rs11218343,SCREENING 1,2013-01-06,-7
01-704-1008,SNV,Single Nucleotide Variation,GENOTYPE,C/C,C/C,C/C,6,TREM2,GENE WITH PROTEIN PRODUCT,6:41161514,rs75932628,SCREENING 1,2013-01-06,-7
01-704-1008,SNV,Single Nucleotide Variation,GENOTYPE,C/C,C/C,C/C,19,CD33,GENE WITH PROTEIN PRODUCT,19:51224706,rs3865444,SCREENING 1,2013-01-06,-7
01-704-1009,SNV,Single Nucleotide Variation,GENOTYPE,T/C,T/T,T/T,19,APOE,GENE WITH PROTEIN PRODUCT,19:44908684,rs429358,SCREENING 1,2013-08-20,-7
01-704-1009,SNV,Single Nucleotide Variation,GENOTYPE,C/C,C/C,C/C,19,APOE,GENE WITH PROTEIN PRODUCT,19:44908822,rs7412,SCREENING 1,2013-08-20,-7
01-704-1009,SNV,Single Nucleotide Variation,GENOTYPE,T/T,T/T,T/T,19,ABCA7,GENE WITH PROTEIN PRODUCT,19:1046521,rs3764650,SCREENING 1,2013-08-20,-7
01-704-1009,SNV,Single Nucleotide Variation,GENOTYPE,A/G,A/A,A/A,2,BIN1,GENE WITH PROTEIN PRODUCT,2:127137039,rs744373,SCREENING 1,2013-08-20,-7
01-704-1009,SNV,Single Nucleotide Variation,GENOTYPE,T/T,T/T,T/T,8,CLU,GENE WITH PROTEIN PRODUCT,8:27607002,rs11136000,SCREENING 1,2013-08-20,-7
01-704-1009,SNV,Single Nucleotide Variation,GENOTYPE,A/G,A/A,A/A,1,CR1,GENE WITH PROTEIN PRODUCT,1:207518704,rs6656401,SCREENING 1,2013-08-20,-7
01-704-1009,SNV,Single Nucleotide Variation,GENOTYPE,T/T,T/T,T/T,7,EPHA1,GENE WITH PROTEIN PRODUCT,7:143412046,rs11767557,SCREENING 1,2013-08-20,-7
01-704-1009,SNV,Single Nucleotide Variation,GENOTYPE,T/C,T/T,T/T,11,MS4A6A,GENE WITH PROTEIN PRODUCT,11:60171834,rs610932,SCREENING 1,2013-08-20,-7
01-704-1009,SNV,Single Nucleotide Variation,GENOTYPE,T/T,T/T,T/T,11,PICALM,GENE WITH PROTEIN PRODUCT,11:86157598,rs3851179,SCREENING 1,2013-08-20,-7
01-704-1009,SNV,Single Nucleotide Variation,GENOTYPE,T/T,T/T,T/T,11,SORL1,GENE WITH PROTEIN PRODUCT,11:121564878,rs11218343,SCREENING 1,2013-08-20,-7
01-704-1009,SNV,Single Nucleotide Variation,GENOTYPE,C/C,C/C,C/C,6,TREM2,GENE WITH PROTEIN PRODUCT,6:41161514,rs75932628,SCREENING 1,2013-08-20,-7
01-704-1009,SNV,Single Nucleotide Variation,GENOTYPE,C/A,C/C,C/C,19,CD33,GENE WITH PROTEIN PRODUCT,19:51224706,rs3865444,SCREENING 1,2013-08-20,-7
01-704-1010,SNV,Single Nucleotide Variation,GENOTYPE,T/C,T/T,T/T,19,APOE,GENE WITH PROTEIN PRODUCT,19:44908684,rs429358,SCREENING 1,2014-02-08,-13
01-704-1010,SNV,Single Nucleotide Variation,GENOTYPE,C/C,C/C,C/C,19,APOE,GENE WITH PROTEIN PRODUCT,19:44908822,rs7412,SCREENING 1,2014-02-08,-13
01-704-1010,SNV,Single Nucleotide Variation,GENOTYPE,T/T,T/T,T/T,19,ABCA7,GENE WITH PROTEIN PRODUCT,19:1046521,rs3764650,SCREENING 1,2014-02-08,-13
01-704-1010,SNV,Single Nucleotide Variation,GENOTYPE,A/G,A/A,A/A,2,BIN1,GENE WITH PROTEIN PRODUCT,2:127137039,rs744373,SCREENING 1,2014-02-08,-13
01-704-1010,SNV,Single Nucleotide Variation,GENOTYPE,C/C,T/T,T/T,8,CLU,GENE WITH PROTEIN PRODUCT,8:27607002,rs11136000,SCREENING 1,2014-02-08,-13
01-704-1010,SNV,Single Nucleotide Variation,GENOTYPE,A/A,A/A,A/A,1,CR1,GENE WITH PROTEIN PRODUCT,1:207518704,rs6656401,SCREENING 1,2014-02-08,-13
01-704-1010,SNV,Single Nucleotide Variation,GENOTYPE,T/T,T/T,T/T,7,EPHA1,GENE WITH PROTEIN PRODUCT,7:143412046,rs11767557,SCREENING 1,2014-02-08,-13
01-704-1010,SNV,Single Nucleotide Variation,GENOTYPE,T/T,T/T,T/T,11,MS4A6A,GENE WITH PROTEIN PRODUCT,11:60171834,rs610932,SCREENING 1,2014-02-08,-13
01-704-1010,SNV,Single Nucleotide Variation,GENOTYPE,T/T,T/T,T/T,11,PICALM,GENE WITH PROTEIN PRODUCT,11:86157598,rs3851179,SCREENING 1,2014-02-08,-13
01-704-1010,SNV,Single Nucleotide Variation,GENOTYPE,T/T,T/T,T/T,11,SORL1,GENE WITH PROTEIN PRODUCT,11:121564878,rs11218343,SCREENING 1,2014-02-08,-13
01-704-1010,SNV,Single Nucleotide Variation,GENOTYPE,C/C,C/C,C/C,6,TREM2,GENE WITH PROTEIN PRODUCT,6:41161514,rs75932628,SCREENING 1,2014-02-08,-13
01-704-1010,SNV,Single Nucleotide Variation,GENOTYPE,C/C,C/C,C/C,19,CD33,GENE WITH PROTEIN PRODUCT,19:51224706,rs3865444,SCREENING 1,2014-02-08,-13
01-704-1017,SNV,Single Nucleotide Variation,GENOTYPE,T/C,T/T,T/T,19,APOE,GENE WITH PROTEIN PRODUCT,19:44908684,rs429358,SCREENING 1,2013-09-20,-16
01-704-1017,SNV,Single Nucleotide Variation,GENOTYPE,C/C,C/C,C/C,19,APOE,GENE WITH PROTEIN PRODUCT,19:44908822,rs7412,SCREENING 1,2013-09-20,-16
01-704-1017,SNV,Single Nucleotide Variation,GENOTYPE,T/T,T/T,T/T,19,ABCA7,GENE WITH PROTEIN PRODUCT,19:1046521,rs3764650,SCREENING 1,2013-09-20,-16
01-704-1017,SNV,Single Nucleotide Variation,GENOTYPE,A/G,A/A,A/A,2,BIN1,GENE WITH PROTEIN PRODUCT,2:127137039,rs744373,SCREENING 1,2013-09-20,-16
01-704-1017,SNV,Single Nucleotide Variation,GENOTYPE,T/C,T/T,T/T,8,CLU,GENE WITH PROTEIN PRODUCT,8:27607002,rs11136000,SCREENING 1,2013-09-20,-16
01-704-1017,SNV,Single Nucleotide Variation,GENOTYPE,A/A,A/A,A/A,1,CR1,GENE WITH PROTEIN PRODUCT,1:207518704,rs6656401,SCREENING 1,2013-09-20,-16
01-704-1017,SNV,Single Nucleotide Variation,GENOTYPE,T/C,T/T,T/T,7,EPHA1,GENE WITH PROTEIN PRODUCT,7:143412046,rs11767557,SCREENING 1,2013-09-20,-16
01-704-1017,SNV,Single Nucleotide Variation,GENOTYPE,T/C,T/T,T/T,11,MS4A6A,GENE WITH PROTEIN PRODUCT,11:60171834,rs610932,SCREENING 1,2013-09-20,-16
01-704-1017,SNV,Single Nucleotide Variation,GENOTYPE,T/T,T/T,T/T,11,PICALM,GENE WITH PROTEIN PRODUCT,11:86157598,rs3851179,SCREENING 1,2013-09-20,-16
01-704-1017,SNV,Single Nucleotide Variation,GENOTYPE,T/C,T/T,T/T,11,SORL1,GENE WITH PROTEIN PRODUCT,11:121564878,rs11218343,SCREENING 1,2013-09-20,-16
01-704-1017,SNV,Single Nucleotide Variation,GENOTYPE,C/C,C/C,C/C,6,TREM2,GENE WITH PROTEIN PRODUCT,6:41161514,rs75932628,SCREENING 1,2013-09-20,-16
01-704-1017,SNV,Single Nucleotide Variation,GENOTYPE,C/C,C/C,C/C,19,CD33,GENE WITH PROTEIN PRODUCT,19:51224706,rs3865444,SCREENING 1,2013-09-20,-16
01-704-1025,SNV,Single Nucleotide Variation,GENOTYPE,T/C,T/T,T/T,19,APOE,GENE WITH PROTEIN PRODUCT,19:44908684,rs429358,SCREENING 1,2013-09-18,-9
01-704-1025,SNV,Single Nucleotide Variation,GENOTYPE,C/C,C/C,C/C,19,APOE,GENE WITH PROTEIN PRODUCT,19:44908822,rs7412,SCREENING 1,2013-09-18,-9
01-704-1025,SNV,Single Nucleotide Variation,GENOTYPE,T/T,T/T,T/T,19,ABCA7,GENE WITH PROTEIN PRODUCT,19:1046521,rs3764650,SCREENING 1,2013-09-18,-9
01-704-1025,SNV,Single Nucleotide Variation,GENOTYPE,A/G,A/A,A/A,2,BIN1,GENE WITH PROTEIN PRODUCT,2:127137039,rs744373,SCREENING 1,2013-09-18,-9
01-704-1025,SNV,Single Nucleotide Variation,GENOTYPE,T/C,T/T,T/T,8,CLU,GENE WITH PROTEIN PRODUCT,8:27607002,rs11136000,SCREENING 1,2013-09-18,-9
01-704-1025,SNV,Single Nucleotide Variation,GENOTYPE,A/A,A/A,A/A,1,CR1,GENE WITH PROTEIN PRODUCT,1:207518704,rs6656401,SCREENING 1,2013-09-18,-9
01-704-1025,SNV,Single Nucleotide Variation,GENOTYPE,T/T,T/T,T/T,7,EPHA1,GENE WITH PROTEIN PRODUCT,7:143412046,rs11767557,SCREENING 1,2013-09-18,-9
01-704-1025,SNV,Single Nucleotide Variation,GENOTYPE,T/C,T/T,T/T,11,MS4A6A,GENE WITH PROTEIN PRODUCT,11:60171834,rs610932,SCREENING 1,2013-09-18,-9
01-704-1025,SNV,Single Nucleotide Variation,GENOTYPE,T/C,T/T,T/T,11,PICALM,GENE WITH PROTEIN PRODUCT,11:86157598,rs3851179,SCREENING 1,2013-09-18,-9
01-704-1025,SNV,Single Nucleotide Variation,GENOTYPE,T/T,T/T,T/T,11,SORL1,GENE WITH PROTEIN PRODUCT,11:121564878,rs11218343,SCREENING 1,2013-09-18,-9
01-704-1025,SNV,Single Nucleotide Variation,GENOTYPE,C/C,C/C,C/C,6,TREM2,GENE WITH PROTEIN PRODUCT,6:41161514,rs75932628,SCREENING 1,2013-09-18,-9
01-704-1025,SNV,Single Nucleotide Variation,GENOTYPE,C/C,C/C,C/C,19,CD33,GENE WITH PROTEIN PRODUCT,19:51224706,rs3865444,SCREENING 1,2013-09-18,-9
01-704-1065,SNV,Single Nucleotide Variation,GENOTYPE,T/C,T/T,T/T,19,APOE,GENE WITH PROTEIN PRODUCT,19:44908684,rs429358,SCREENING 1,2013-10-17,-7
01-704-1065,SNV,Single Nucleotide Variation,GENOTYPE,C/C,C/C,C/C,19,APOE,GENE WITH PROTEIN PRODUCT,19:44908822,rs7412,SCREENING 1,2013-10-17,-7
01-704-1065,SNV,Single Nucleotide Variation,GENOTYPE,T/T,T/T,T/T,19,ABCA7,GENE WITH PROTEIN PRODUCT,19:1046521,rs3764650,SCREENING 1,2013-10-17,-7
01-704-1065,SNV,Single Nucleotide Variation,GENOTYPE,A/A,A/A,A/A,2,BIN1,GENE WITH PROTEIN PRODUCT,2:127137039,rs744373,SCREENING 1,2013-10-17,-7
01-704-1065,SNV,Single Nucleotide Variation,GENOTYPE,T/T,T/T,T/T,8,CLU,GENE WITH PROTEIN PRODUCT,8:27607002,rs11136000,SCREENING 1,2013-10-17,-7
01-704-1065,SNV,Single Nucleotide Variation,GENOTYPE,A/G,A/A,A/A,1,CR1,GENE WITH PROTEIN PRODUCT,1:207518704,rs6656401,SCREENING 1,2013-10-17,-7
01-704-1065,SNV,Single Nucleotide Variation,GENOTYPE,T/T,T/T,T/T,7,EPHA1,GENE WITH PROTEIN PRODUCT,7:143412046,rs11767557,SCREENING 1,2013-10-17,-7
01-704-1065,SNV,Single Nucleotide Variation,GENOTYPE,T/C,T/T,T/T,11,MS4A6A,GENE WITH PROTEIN PRODUCT,11:60171834,rs610932,SCREENING 1,2013-10-17,-7
01-704-1065,SNV,Single Nucleotide Variation,GENOTYPE,T/T,T/T,T/T,11,PICALM,GENE WITH PROTEIN PRODUCT,11:86157598,rs3851179,SCREENING 1,2013-10-17,-7
01-704-1065,SNV,Single Nucleotide Variation,GENOTYPE,T/T,T/T,T/T,11,SORL1,GENE WITH PROTEIN PRODUCT,11:121564878,rs11218343,SCREENING 1,2013-10-17,-7
01-704-1065,SNV,Single Nucleotide Variation,GENOTYPE,C/C,C/C,C/C,6,TREM2,GENE WITH PROTEIN PRODUCT,6:41161514,rs75932628,SCREENING 1,2013-10-17,-7
01-704-1065,SNV,Single Nucleotide Variation,GENOTYPE,C/C,C/C,C/C,19,CD33,GENE WITH PROTEIN PRODUCT,19:51224706,rs3865444,SCREENING 1,2013-10-17,-7
01-704-1074,SNV,Single Nucleotide Variation,GENOTYPE,T/C,T/T,T/T,19,APOE,GENE WITH PROTEIN PRODUCT,19:44908684,rs429358,SCREENING 1,2014-01-19,-3
01-704-1074,SNV,Single Nucleotide Variation,GENOTYPE,C/C,C/C,C/C,19,APOE,GENE WITH PROTEIN PRODUCT,19:44908822,rs7412,SCREENING 1,2014-01-19,-3
01-704-1074,SNV,Single Nucleotide Variation,GENOTYPE,T/G,T/T,T/T,19,ABCA7,GENE WITH PROTEIN PRODUCT,19:1046521,rs3764650,SCREENING 1,2014-01-19,-3
01-704-1074,SNV,Single Nucleotide Variation,GENOTYPE,A/G,A/A,A/A,2,BIN1,GENE WITH PROTEIN PRODUCT,2:127137039,rs744373,SCREENING 1,2014-01-19,-3
01-704-1074,SNV,Single Nucleotide Variation,GENOTYPE,T/C,T/T,T/T,8,CLU,GENE WITH PROTEIN PRODUCT,8:27607002,rs11136000,SCREENING 1,2014-01-19,-3
01-704-1074,SNV,Single Nucleotide Variation,GENOTYPE,A/G,A/A,A/A,1,CR1,GENE WITH PROTEIN PRODUCT,1:207518704,rs6656401,SCREENING 1,2014-01-19,-3
01-704-1074,SNV,Single Nucleotide Variation,GENOTYPE,T/T,T/T,T/T,7,EPHA1,GENE WITH PROTEIN PRODUCT,7:143412046,rs11767557,SCREENING 1,2014-01-19,-3
01-704-1074,SNV,Single Nucleotide Variation,GENOTYPE,T/C,T/T,T/T,11,MS4A6A,GENE WITH PROTEIN PRODUCT,11:60171834,rs610932,SCREENING 1,2014-01-19,-3
01-704-1074,SNV,Single Nucleotide Variation,GENOTYPE,T/T,T/T,T/T,11,PICALM,GENE WITH PROTEIN PRODUCT,11:86157598,rs3851179,SCREENING 1,2014-01-19,-3
01-704-1074,SNV,Single Nucleotide Variation,GENOTYPE,T/T,T/T,T/T,11,SORL1,GENE WITH PROTEIN PRODUCT,11:121564878,rs11218343,SCREENING 1,2014-01-19,-3
01-704-1074,SNV,Single Nucleotide Variation,GENOTYPE,C/C,C/C,C/C,6,TREM2,GENE WITH PROTEIN PRODUCT,6:41161514,rs75932628,SCREENING 1,2014-01-19,-3
01-704-1074,SNV,Single Nucleotide Variation,GENOTYPE,C/C,C/C,C/C,19,CD33,GENE WITH PROTEIN PRODUCT,19:51224706,rs3865444,SCREENING 1,2014-01-19,-3
01-704-1093,SNV,Single Nucleotide Variation,GENOTYPE,T/T,T/T,T/T,19,APOE,GENE WITH PROTEIN PRODUCT,19:44908684,rs429358,SCREENING 1,2013-02-22,-21
01-704-1093,SNV,Single Nucleotide Variation,GENOTYPE,C/T,C/C,C/C,19,APOE,GENE WITH PROTEIN PRODUCT,19:44908822,rs7412,SCREENING 1,2013-02-22,-21
01-704-1093,SNV,Single Nucleotide Variation,GENOTYPE,T/T,T/T,T/T,19,ABCA7,GENE WITH PROTEIN PRODUCT,19:1046521,rs3764650,SCREENING 1,2013-02-22,-21
01-704-1093,SNV,Single Nucleotide Variation,GENOTYPE,A/A,A/A,A/A,2,BIN1,GENE WITH PROTEIN PRODUCT,2:127137039,rs744373,SCREENING 1,2013-02-22,-21
01-704-1093,SNV,Single Nucleotide Variation,GENOTYPE,T/C,T/T,T/T,8,CLU,GENE WITH PROTEIN PRODUCT,8:27607002,rs11136000,SCREENING 1,2013-02-22,-21
01-704-1093,SNV,Single Nucleotide Variation,GENOTYPE,A/G,A/A,A/A,1,CR1,GENE WITH PROTEIN PRODUCT,1:207518704,rs6656401,SCREENING 1,2013-02-22,-21
01-704-1093,SNV,Single Nucleotide Variation,GENOTYPE,T/T,T/T,T/T,7,EPHA1,GENE WITH PROTEIN PRODUCT,7:143412046,rs11767557,SCREENING 1,2013-02-22,-21
01-704-1093,SNV,Single Nucleotide Variation,GENOTYPE,T/T,T/T,T/T,11,MS4A6A,GENE WITH PROTEIN PRODUCT,11:60171834,rs610932,SCREENING 1,2013-02-22,-21
01-704-1093,SNV,Single Nucleotide Variation,GENOTYPE,T/T,T/T,T/T,11,PICALM,GENE WITH PROTEIN PRODUCT,11:86157598,rs3851179,SCREENING 1,2013-02-22,-21
01-704-1093,SNV,Single Nucleotide Variation,GENOTYPE,T/T,T/T,T/T,11,SORL1,GENE WITH PROTEIN PRODUCT,11:121564878,rs11218343,SCREENING 1,2013-02-22,-21
01-704-1093,SNV,Single Nucleotide Variation,GENOTYPE,C/C,C/C,C/C,6,TREM2,GENE WITH PROTEIN PRODUCT,6:41161514,rs75932628,SCREENING 1,2013-02-22,-21
01-704-1093,SNV,Single Nucleotide Variation,GENOTYPE,C/C,C/C,C/C,19,CD33,GENE WITH PROTEIN PRODUCT,19:51224706,rs3865444,SCREENING 1,2013-02-22,-21
01-704-1114,SNV,Single Nucleotide Variation,GENOTYPE,T/T,T/T,T/T,19,APOE,GENE WITH PROTEIN PRODUCT,19:44908684,rs429358,SCREENING 1,2013-01-09,-14
01-704-1114,SNV,Single Nucleotide Variation,GENOTYPE,C/T,C/C,C/C,19,APOE,GENE WITH PROTEIN PRODUCT,19:44908822,rs7412,SCREENING 1,2013-01-09,-14
01-704-1114,SNV,Single Nucleotide Variation,GENOTYPE,T/T,T/T,T/T,19,ABCA7,GENE WITH PROTEIN PRODUCT,19:1046521,rs3764650,SCREENING 1,2013-01-09,-14
01-704-1114,SNV,Single Nucleotide Variation,GENOTYPE,G/G,A/A,A/A,2,BIN1,GENE WITH PROTEIN PRODUCT,2:127137039,rs744373,SCREENING 1,2013-01-09,-14
01-704-1114,SNV,Single Nucleotide Variation,GENOTYPE,T/C,T/T,T/T,8,CLU,GENE WITH PROTEIN PRODUCT,8:27607002,rs11136000,SCREENING 1,2013-01-09,-14
01-704-1114,SNV,Single Nucleotide Variation,GENOTYPE,A/A,A/A,A/A,1,CR1,GENE WITH PROTEIN PRODUCT,1:207518704,rs6656401,SCREENING 1,2013-01-09,-14
01-704-1114,SNV,Single Nucleotide Variation,GENOTYPE,C/C,T/T,T/T,7,EPHA1,GENE WITH PROTEIN PRODUCT,7:143412046,rs11767557,SCREENING 1,2013-01-09,-14
01-704-1114,SNV,Single Nucleotide Variation,GENOTYPE,T/T,T/T,T/T,11,MS4A6A,GENE WITH PROTEIN PRODUCT,11:60171834,rs610932,SCREENING 1,2013-01-09,-14
01-704-1114,SNV,Single Nucleotide Variation,GENOTYPE,C/C,T/T,T/T,11,PICALM,GENE WITH PROTEIN PRODUCT,11:86157598,rs3851179,SCREENING 1,2013-01-09,-14
01-704-1114,SNV,Single Nucleotide Variation,GENOTYPE,T/T,T/T,T/T,11,SORL1,GENE WITH PROTEIN PRODUCT,11:121564878,rs11218343,SCREENING 1,2013-01-09,-14
01-704-1114,SNV,Single Nucleotide Variation,GENOTYPE,C/C,C/C,C/C,6,TREM2,GENE WITH PROTEIN PRODUCT,6:41161514,rs75932628,SCREENING 1,2013-01-09,-14
01-704-1114,SNV,Single Nucleotide Variation,GENOTYPE,C/A,C/C,C/C,19,CD33,GENE WITH PROTEIN PRODUCT,19:51224706,rs3865444,SCREENING 1,2013-01-09,-14
01-704-1120,SNV,Single Nucleotide Variation,GENOTYPE,T/C,T/T,T/T,19,APOE,GENE WITH PROTEIN PRODUCT,19:44908684,rs429358,SCREENING 1,2013-11-18,-14
01-704-1120,SNV,Single Nucleotide Variation,GENOTYPE,C/C,C/C,C/C,19,APOE,GENE WITH PROTEIN PRODUCT,19:44908822,rs7412,SCREENING 1,2013-11-18,-14
01-704-1120,SNV,Single Nucleotide Variation,GENOTYPE,T/T,T/T,T/T,19,ABCA7,GENE WITH PROTEIN PRODUCT,19:1046521,rs3764650,SCREENING 1,2013-11-18,-14
01-704-1120,SNV,Single Nucleotide Variation,GENOTYPE,A/G,A/A,A/A,2,BIN1,GENE WITH PROTEIN PRODUCT,2:127137039,rs744373,SCREENING 1,2013-11-18,-14
01-704-1120,SNV,Single Nucleotide Variation,GENOTYPE,T/C,T/T,T/T,8,CLU,GENE WITH PROTEIN PRODUCT,8:27607002,rs11136000,SCREENING 1,2013-11-18,-14
01-704-1120,SNV,Single Nucleotide Variation,GENOTYPE,A/G,A/A,A/A,1,CR1,GENE WITH PROTEIN PRODUCT,1:207518704,rs6656401,SCREENING 1,2013-11-18,-14
01-704-1120,SNV,Single Nucleotide Variation,GENOTYPE,T/T,T/T,T/T,7,EPHA1,GENE WITH PROTEIN PRODUCT,7:143412046,rs11767557,SCREENING 1,2013-11-18,-14
01-704-1120,SNV,Single Nucleotide Variation,GENOTYPE,T/C,T/T,T/T,11,MS4A6A,GENE WITH PROTEIN PRODUCT,11:60171834,rs610932,SCREENING 1,2013-11-18,-14
01-704-1120,SNV,Single Nucleotide Variation,GENOTYPE,T/T,T/T,T/T,11,PICALM,GENE WITH PROTEIN PRODUCT,11:86157598,rs3851179,SCREENING 1,2013-11-18,-14
01-704-1120,SNV,Single Nucleotide Variation,GENOTYPE,T/T,T/T,T/T,11,SORL1,GENE WITH PROTEIN PRODUCT,11:121564878,rs11218343,SCREENING 1,2013-11-18,-14
01-704-1120,SNV,Single Nucleotide Variation,GENOTYPE,C/C,C/C,C/C,6,TREM2,GENE WITH PROTEIN PRODUCT,6:41161514,rs75932628,SCREENING 1,2013-11-18,-14
01-704-1120,SNV,Single Nucleotide Variation,GENOTYPE,C/A,C/C,C/C,19,CD33,GENE WITH PROTEIN PRODUCT,19:51224706,rs3865444,SCREENING 1,2013-11-18,-14
01-704-1127,SNV,Single Nucleotide Variation,GENOTYPE,T/T,T/T,T/T,19,APOE,GENE WITH PROTEIN PRODUCT,19:44908684,rs429358,SCREENING 1,2013-09-16,-16
01-704-1127,SNV,Single Nucleotide Variation,GENOTYPE,C/C,C/C,C/C,19,APOE,GENE WITH PROTEIN PRODUCT,19:44908822,rs7412,SCREENING 1,2013-09-16,-16
01-704-1127,SNV,Single Nucleotide Variation,GENOTYPE,T/T,T/T,T/T,19,ABCA7,GENE WITH PROTEIN PRODUCT,19:1046521,rs3764650,SCREENING 1,2013-09-16,-16
01-704-1127,SNV,Single Nucleotide Variation,GENOTYPE,A/G,A/A,A/A,2,BIN1,GENE WITH PROTEIN PRODUCT,2:127137039,rs744373,SCREENING 1,2013-09-16,-16
01-704-1127,SNV,Single Nucleotide Variation,GENOTYPE,C/C,T/T,T/T,8,CLU,GENE WITH PROTEIN PRODUCT,8:27607002,rs11136000,SCREENING 1,2013-09-16,-16
01-704-1127,SNV,Single Nucleotide Variation,GENOTYPE,A/A,A/A,A/A,1,CR1,GENE WITH PROTEIN PRODUCT,1:207518704,rs6656401,SCREENING 1,2013-09-16,-16
01-704-1127,SNV,Single Nucleotide Variation,GENOTYPE,T/T,T/T,T/T,7,EPHA1,GENE WITH PROTEIN PRODUCT,7:143412046,rs11767557,SCREENING 1,2013-09-16,-16
01-704-1127,SNV,Single Nucleotide Variation,GENOTYPE,T/C,T/T,T/T,11,MS4A6A,GENE WITH PROTEIN PRODUCT,11:60171834,rs610932,SCREENING 1,2013-09-16,-16
01-704-1127,SNV,Single Nucleotide Variation,GENOTYPE,T/C,T/T,T/T,11,PICALM,GENE WITH PROTEIN PRODUCT,11:86157598,rs3851179,SCREENING 1,2013-09-16,-16
01-704-1127,SNV,Single Nucleotide Variation,GENOTYPE,T/T,T/T,T/T,11,SORL1,GENE WITH PROTEIN PRODUCT,11:121564878,rs11218343,SCREENING 1,2013-09-16,-16
01-704-1127,SNV,Single Nucleotide Variation,GENOTYPE,C/C,C/C,C/C,6,TREM2,GENE WITH PROTEIN PRODUCT,6:41161514,rs75932628,SCREENING 1,2013-09-16,-16
01-704-1127,SNV,Single Nucleotide Variation,GENOTYPE,C/A,C/C,C/C,19,CD33,GENE WITH PROTEIN PRODUCT,19:51224706,rs3865444,SCREENING 1,2013-09-16,-16
01-704-1135,SNV,Single Nucleotide Variation,GENOTYPE,T/T,T/T,T/T,19,APOE,GENE WITH PROTEIN PRODUCT,19:44908684,rs429358,SCREENING 1,2013-10-23,-8
01-704-1135,SNV,Single Nucleotide Variation,GENOTYPE,C/C,C/C,C/C,19,APOE,GENE WITH PROTEIN PRODUCT,19:44908822,rs7412,SCREENING 1,2013-10-23,-8
01-704-1135,SNV,Single Nucleotide Variation,GENOTYPE,T/G,T/T,T/T,19,ABCA7,GENE WITH PROTEIN PRODUCT,19:1046521,rs3764650,SCREENING 1,2013-10-23,-8
01-704-1135,SNV,Single Nucleotide Variation,GENOTYPE,G/G,A/A,A/A,2,BIN1,GENE WITH PROTEIN PRODUCT,2:127137039,rs744373,SCREENING 1,2013-10-23,-8
01-704-1135,SNV,Single Nucleotide Variation,GENOTYPE,T/T,T/T,T/T,8,CLU,GENE WITH PROTEIN PRODUCT,8:27607002,rs11136000,SCREENING 1,2013-10-23,-8
01-704-1135,SNV,Single Nucleotide Variation,GENOTYPE,A/G,A/A,A/A,1,CR1,GENE WITH PROTEIN PRODUCT,1:207518704,rs6656401,SCREENING 1,2013-10-23,-8
01-704-1135,SNV,Single Nucleotide Variation,GENOTYPE,T/T,T/T,T/T,7,EPHA1,GENE WITH PROTEIN PRODUCT,7:143412046,rs11767557,SCREENING 1,2013-10-23,-8
01-704-1135,SNV,Single Nucleotide Variation,GENOTYPE,T/T,T/T,T/T,11,MS4A6A,GENE WITH PROTEIN PRODUCT,11:60171834,rs610932,SCREENING 1,2013-10-23,-8
01-704-1135,SNV,Single Nucleotide Variation,GENOTYPE,C/C,T/T,T/T,11,PICALM,GENE WITH PROTEIN PRODUCT,11:86157598,rs3851179,SCREENING 1,2013-10-23,-8
01-704-1135,SNV,Single Nucleotide Variation,GENOTYPE,T/T,T/T,T/T,11,SORL1,GENE WITH PROTEIN PRODUCT,11:121564878,rs11218343,SCREENING 1,2013-10-23,-8
01-704-1135,SNV,Single Nucleotide Variation,GENOTYPE,C/C,C/C,C/C,6,TREM2,GENE WITH PROTEIN PRODUCT,6:41161514,rs75932628,SCREENING 1,2013-10-23,-8
01-704-1135,SNV,Single Nucleotide Variation,GENOTYPE,C/C,C/C,C/C,19,CD33,GENE WITH PROTEIN PRODUCT,19:51224706,rs3865444,SCREENING 1,2013-10-23,-8
01-704-1164,SNV,Single Nucleotide Variation,GENOTYPE,T/T,T/T,T/T,19,APOE,GENE WITH PROTEIN PRODUCT,19:44908684,rs429358,SCREENING 1,2012-09-11,-8
01-704-1164,SNV,Single Nucleotide Variation,GENOTYPE,C/T,C/C,C/C,19,APOE,GENE WITH PROTEIN PRODUCT,19:44908822,rs7412,SCREENING 1,2012-09-11,-8
01-704-1164,SNV,Single Nucleotide Variation,GENOTYPE,T/T,T/T,T/T,19,ABCA7,GENE WITH PROTEIN PRODUCT,19:1046521,rs3764650,SCREENING 1,2012-09-11,-8
01-704-1164,SNV,Single Nucleotide Variation,GENOTYPE,A/G,A/A,A/A,2,BIN1,GENE WITH PROTEIN PRODUCT,2:127137039,rs744373,SCREENING 1,2012-09-11,-8
01-704-1164,SNV,Single Nucleotide Variation,GENOTYPE,T/C,T/T,T/T,8,CLU,GENE WITH PROTEIN PRODUCT,8:27607002,rs11136000,SCREENING 1,2012-09-11,-8
01-704-1164,SNV,Single Nucleotide Variation,GENOTYPE,A/A,A/A,A/A,1,CR1,GENE WITH PROTEIN PRODUCT,1:207518704,rs6656401,SCREENING 1,2012-09-11,-8
01-704-1164,SNV,Single Nucleotide Variation,GENOTYPE,T/T,T/T,T/T,7,EPHA1,GENE WITH PROTEIN PRODUCT,7:143412046,rs11767557,SCREENING 1,2012-09-11,-8
01-704-1164,SNV,Single Nucleotide Variation,GENOTYPE,T/C,T/T,T/T,11,MS4A6A,GENE WITH PROTEIN PRODUCT,11:60171834,rs610932,SCREENING 1,2012-09-11,-8
01-704-1164,SNV,Single Nucleotide Variation,GENOTYPE,T/T,T/T,T/T,11,PICALM,GENE WITH PROTEIN PRODUCT,11:86157598,rs3851179,SCREENING 1,2012-09-11,-8
01-704-1164,SNV,Single Nucleotide Variation,GENOTYPE,T/T,T/T,T/T,11,SORL1,GENE WITH PROTEIN PRODUCT,11:121564878,rs11218343,SCREENING 1,2012-09-11,-8
01-704-1164,SNV,Single Nucleotide Variation,GENOTYPE,C/C,C/C,C/C,6,TREM2,GENE WITH PROTEIN PRODUCT,6:41161514,rs75932628,SCREENING 1,2012-09-11,-8
01-704-1164,SNV,Single Nucleotide Variation,GENOTYPE,A/A,C/C,C/C,19,CD33,GENE WITH PROTEIN PRODUCT,19:51224706,rs3865444,SCREENING 1,2012-09-11,-8
01-704-1218,SNV,Single Nucleotide Variation,GENOTYPE,T/T,T/T,T/T,19,APOE,GENE WITH PROTEIN PRODUCT,19:44908684,rs429358,SCREENING 1,2012-11-11,-8
01-704-1218,SNV,Single Nucleotide Variation,GENOTYPE,C/C,C/C,C/C,19,APOE,GENE WITH PROTEIN PRODUCT,19:44908822,rs7412,SCREENING 1,2012-11-11,-8
01-704-1218,SNV,Single Nucleotide Variation,GENOTYPE,T/G,T/T,T/T,19,ABCA7,GENE WITH PROTEIN PRODUCT,19:1046521,rs3764650,SCREENING 1,2012-11-11,-8
01-704-1218,SNV,Single Nucleotide Variation,GENOTYPE,A/G,A/A,A/A,2,BIN1,GENE WITH PROTEIN PRODUCT,2:127137039,rs744373,SCREENING 1,2012-11-11,-8
01-704-1218,SNV,Single Nucleotide Variation,GENOTYPE,T/T,T/T,T/T,8,CLU,GENE WITH PROTEIN PRODUCT,8:27607002,rs11136000,SCREENING 1,2012-11-11,-8
01-704-1218,SNV,Single Nucleotide Variation,GENOTYPE,A/G,A/A,A/A,1,CR1,GENE WITH PROTEIN PRODUCT,1:207518704,rs6656401,SCREENING 1,2012-11-11,-8
01-704-1218,SNV,Single Nucleotide Variation,GENOTYPE,T/T,T/T,T/T,7,EPHA1,GENE WITH PROTEIN PRODUCT,7:143412046,rs11767557,SCREENING 1,2012-11-11,-8
01-704-1218,SNV,Single Nucleotide Variation,GENOTYPE,T/C,T/T,T/T,11,MS4A6A,GENE WITH PROTEIN PRODUCT,11:60171834,rs610932,SCREENING 1,2012-11-11,-8
01-704-1218,SNV,Single Nucleotide Variation,GENOTYPE,T/C,T/T,T/T,11,PICALM,GENE WITH PROTEIN PRODUCT,11:86157598,rs3851179,SCREENING 1,2012-11-11,-8
01-704-1218,SNV,Single Nucleotide Variation,GENOTYPE,T/T,T/T,T/T,11,SORL1,GENE WITH PROTEIN PRODUCT,11:121564878,rs11218343,SCREENING 1,2012-11-11,-8
01-704-1218,SNV,Single Nucleotide Variation,GENOTYPE,C/C,C/C,C/C,6,TREM2,GENE WITH PROTEIN PRODUCT,6:41161514,rs75932628,SCREENING 1,2012-11-11,-8
01-704-1218,SNV,Single Nucleotide Variation,GENOTYPE,C/A,C/C,C/C,19,CD33,GENE WITH PROTEIN PRODUCT,19:51224706,rs3865444,SCREENING 1,2012-11-11,-8
01-704-1233,SNV,Single Nucleotide Variation,GENOTYPE,T/T,T/T,T/T,19,APOE,GENE WITH PROTEIN PRODUCT,19:44908684,rs429358,SCREENING 1,2013-03-08,-13
01-704-1233,SNV,Single Nucleotide Variation,GENOTYPE,C/C,C/C,C/C,19,APOE,GENE WITH PROTEIN PRODUCT,19:44908822,rs7412,SCREENING 1,2013-03-08,-13
01-704-1233,SNV,Single Nucleotide Variation,GENOTYPE,T/T,T/T,T/T,19,ABCA7,GENE WITH PROTEIN PRODUCT,19:1046521,rs3764650,SCREENING 1,2013-03-08,-13
01-704-1233,SNV,Single Nucleotide Variation,GENOTYPE,A/G,A/A,A/A,2,BIN1,GENE WITH PROTEIN PRODUCT,2:127137039,rs744373,SCREENING 1,2013-03-08,-13
01-704-1233,SNV,Single Nucleotide Variation,GENOTYPE,C/C,T/T,T/T,8,CLU,GENE WITH PROTEIN PRODUCT,8:27607002,rs11136000,SCREENING 1,2013-03-08,-13
01-704-1233,SNV,Single Nucleotide Variation,GENOTYPE,A/A,A/A,A/A,1,CR1,GENE WITH PROTEIN PRODUCT,1:207518704,rs6656401,SCREENING 1,2013-03-08,-13
01-704-1233,SNV,Single Nucleotide Variation,GENOTYPE,T/C,T/T,T/T,7,EPHA1,GENE WITH PROTEIN PRODUCT,7:143412046,rs11767557,SCREENING 1,2013-03-08,-13
01-704-1233,SNV,Single Nucleotide Variation,GENOTYPE,T/T,T/T,T/T,11,MS4A6A,GENE WITH PROTEIN PRODUCT,11:60171834,rs610932,SCREENING 1,2013-03-08,-13
01-704-1233,SNV,Single Nucleotide Variation,GENOTYPE,T/C,T/T,T/T,11,PICALM,GENE WITH PROTEIN PRODUCT,11:86157598,rs3851179,SCREENING 1,2013-03-08,-13
01-704-1233,SNV,Single Nucleotide Variation,GENOTYPE,T/T,T/T,T/T,11,SORL1,GENE WITH PROTEIN PRODUCT,11:121564878,rs11218343,SCREENING 1,2013-03-08,-13
01-704-1233,SNV,Single Nucleotide Variation,GENOTYPE,C/C,C/C,C/C,6,TREM2,GENE WITH PROTEIN PRODUCT,6:41161514,rs75932628,SCREENING 1,2013-03-08,-13
01-704-1233,SNV,Single Nucleotide Variation,GENOTYPE,C/A,C/C,C/C,19,CD33,GENE WITH PROTEIN PRODUCT,19:51224706,rs3865444,SCREENING 1,2013-03-08,-13
01-704-1241,SNV,Single Nucleotide Variation,GENOTYPE,T/T,T/T,T/T,19,APOE,GENE WITH PROTEIN PRODUCT,19:44908684,rs429358,SCREENING 1,2013-08-14,-11
01-704-1241,SNV,Single Nucleotide Variation,GENOTYPE,C/C,C/C,C/C,19,APOE,GENE WITH PROTEIN PRODUCT,19:44908822,rs7412,SCREENING 1,2013-08-14,-11
01-704-1241,SNV,Single Nucleotide Variation,GENOTYPE,T/T,T/T,T/T,19,ABCA7,GENE WITH PROTEIN PRODUCT,19:1046521,rs3764650,SCREENING 1,2013-08-14,-11
01-704-1241,SNV,Single Nucleotide Variation,GENOTYPE,A/G,A/A,A/A,2,BIN1,GENE WITH PROTEIN PRODUCT,2:127137039,rs744373,SCREENING 1,2013-08-14,-11
01-704-1241,SNV,Single Nucleotide Variation,GENOTYPE,T/T,T/T,T/T,8,CLU,GENE WITH PROTEIN PRODUCT,8:27607002,rs11136000,SCREENING 1,2013-08-14,-11
01-704-1241,SNV,Single Nucleotide Variation,GENOTYPE,A/A,A/A,A/A,1,CR1,GENE WITH PROTEIN PRODUCT,1:207518704,rs6656401,SCREENING 1,2013-08-14,-11
01-704-1241,SNV,Single Nucleotide Variation,GENOTYPE,T/T,T/T,T/T,7,EPHA1,GENE WITH PROTEIN PRODUCT,7:143412046,rs11767557,SCREENING 1,2013-08-14,-11
01-704-1241,SNV,Single Nucleotide Variation,GENOTYPE,T/T,T/T,T/T,11,MS4A6A,GENE WITH PROTEIN PRODUCT,11:60171834,rs610932,SCREENING 1,2013-08-14,-11
01-704-1241,SNV,Single Nucleotide Variation,GENOTYPE,T/C,T/T,T/T,11,PICALM,GENE WITH PROTEIN PRODUCT,11:86157598,rs3851179,SCREENING 1,2013-08-14,-11
01-704-1241,SNV,Single Nucleotide Variation,GENOTYPE,T/C,T/T,T/T,11,SORL1,GENE WITH PROTEIN PRODUCT,11:121564878,rs11218343,SCREENING 1,2013-08-14,-11
01-704-1241,SNV,Single Nucleotide Variation,GENOTYPE,C/C,C/C,C/C,6,TREM2,GENE WITH PROTEIN PRODUCT,6:41161514,rs75932628,SCREENING 1,2013-08-14,-11
01-704-1241,SNV,Single Nucleotide Variation,GENOTYPE,C/A,C/C,C/C,19,CD33,GENE WITH PROTEIN PRODUCT,19:51224706,rs3865444,SCREENING 1,2013-08-14,-11
01-704-1260,SNV,Single Nucleotide Variation,GENOTYPE,T/T,T/T,T/T,19,APOE,GENE WITH PROTEIN PRODUCT,19:44908684,rs429358,SCREENING 1,2012-08-23,-7
01-704-1260,SNV,Single Nucleotide Variation,GENOTYPE,C/T,C/C,C/C,19,APOE,GENE WITH PROTEIN PRODUCT,19:44908822,rs7412,SCREENING 1,2012-08-23,-7
01-704-1260,SNV,Single Nucleotide Variation,GENOTYPE,T/G,T/T,T/T,19,ABCA7,GENE WITH PROTEIN PRODUCT,19:1046521,rs3764650,SCREENING 1,2012-08-23,-7
01-704-1260,SNV,Single Nucleotide Variation,GENOTYPE,A/G,A/A,A/A,2,BIN1,GENE WITH PROTEIN PRODUCT,2:127137039,rs744373,SCREENING 1,2012-08-23,-7
01-704-1260,SNV,Single Nucleotide Variation,GENOTYPE,C/C,T/T,T/T,8,CLU,GENE WITH PROTEIN PRODUCT,8:27607002,rs11136000,SCREENING 1,2012-08-23,-7
01-704-1260,SNV,Single Nucleotide Variation,GENOTYPE,A/A,A/A,A/A,1,CR1,GENE WITH PROTEIN PRODUCT,1:207518704,rs6656401,SCREENING 1,2012-08-23,-7
01-704-1260,SNV,Single Nucleotide Variation,GENOTYPE,C/C,T/T,T/T,7,EPHA1,GENE WITH PROTEIN PRODUCT,7:143412046,rs11767557,SCREENING 1,2012-08-23,-7
01-704-1260,SNV,Single Nucleotide Variation,GENOTYPE,T/C,T/T,T/T,11,MS4A6A,GENE WITH PROTEIN PRODUCT,11:60171834,rs610932,SCREENING 1,2012-08-23,-7
01-704-1260,SNV,Single Nucleotide Variation,GENOTYPE,T/T,T/T,T/T,11,PICALM,GENE WITH PROTEIN PRODUCT,11:86157598,rs3851179,SCREENING 1,2012-08-23,-7
01-704-1260,SNV,Single Nucleotide Variation,GENOTYPE,T/T,T/T,T/T,11,SORL1,GENE WITH PROTEIN PRODUCT,11:121564878,rs11218343,SCREENING 1,2012-08-23,-7
01-704-1260,SNV,Single Nucleotide Variation,GENOTYPE,C/C,C/C,C/C,6,TREM2,GENE WITH PROTEIN PRODUCT,6:41161514,rs75932628,SCREENING 1,2012-08-23,-7
01-704-1260,SNV,Single Nucleotide Variation,GENOTYPE,C/C,C/C,C/C,19,CD33,GENE WITH PROTEIN PRODUCT,19:51224706,rs3865444,SCREENING 1,2012-08-23,-7
01-704-1266,SNV,Single Nucleotide Variation,GENOTYPE,T/T,T/T,T/T,19,APOE,GENE WITH PROTEIN PRODUCT,19:44908684,rs429358,SCREENING 1,2013-10-05,-8
01-704-1266,SNV,Single Nucleotide Variation,GENOTYPE,C/T,C/C,C/C,19,APOE,GENE WITH PROTEIN PRODUCT,19:44908822,rs7412,SCREENING 1,2013-10-05,-8
01-704-1266,SNV,Single Nucleotide Variation,GENOTYPE,T/G,T/T,T/T,19,ABCA7,GENE WITH PROTEIN PRODUCT,19:1046521,rs3764650,SCREENING 1,2013-10-05,-8
01-704-1266,SNV,Single Nucleotide Variation,GENOTYPE,A/G,A/A,A/A,2,BIN1,GENE WITH PROTEIN PRODUCT,2:127137039,rs744373,SCREENING 1,2013-10-05,-8
01-704-1266,SNV,Single Nucleotide Variation,GENOTYPE,C/C,T/T,T/T,8,CLU,GENE WITH PROTEIN PRODUCT,8:27607002,rs11136000,SCREENING 1,2013-10-05,-8
01-704-1266,SNV,Single Nucleotide Variation,GENOTYPE,A/G,A/A,A/A,1,CR1,GENE WITH PROTEIN PRODUCT,1:207518704,rs6656401,SCREENING 1,2013-10-05,-8
01-704-1266,SNV,Single Nucleotide Variation,GENOTYPE,T/T,T/T,T/T,7,EPHA1,GENE WITH PROTEIN PRODUCT,7:143412046,rs11767557,SCREENING 1,2013-10-05,-8
01-704-1266,SNV,Single Nucleotide Variation,GENOTYPE,T/C,T/T,T/T,11,MS4A6A,GENE WITH PROTEIN PRODUCT,11:60171834,rs610932,SCREENING 1,2013-10-05,-8
01-704-1266,SNV,Single Nucleotide Variation,GENOTYPE,T/T,T/T,T/T,11,PICALM,GENE WITH PROTEIN PRODUCT,11:86157598,rs3851179,SCREENING 1,2013-10-05,-8
01-704-1266,SNV,Single Nucleotide Variation,GENOTYPE,T/T,T/T,T/T,11,SORL1,GENE WITH PROTEIN PRODUCT,11:121564878,rs11218343,SCREENING 1,2013-10-05,-8
01-704-1266,SNV,Single Nucleotide Variation,GENOTYPE,C/C,C/C,C/C,6,TREM2,GENE WITH PROTEIN PRODUCT,6:41161514,rs75932628,SCREENING 1,2013-10-05,-8
01-704-1266,SNV,Single Nucleotide Variation,GENOTYPE,C/C,C/C,C/C,19,CD33,GENE WITH PROTEIN PRODUCT,19:51224706,rs3865444,SCREENING 1,2013-10-05,-8
01-704-1323,SNV,Single Nucleotide Variation,GENOTYPE,T/T,T/T,T/T,19,APOE,GENE WITH PROTEIN PRODUCT,19:44908684,rs429358,SCREENING 1,2013-06-13,-25
01-704-1323,SNV,Single Nucleotide Variation,GENOTYPE,C/C,C/C,C/C,19,APOE,GENE WITH PROTEIN PRODUCT,19:44908822,rs7412,SCREENING 1,2013-06-13,-25
01-704-1323,SNV,Single Nucleotide Variation,GENOTYPE,T/T,T/T,T/T,19,ABCA7,GENE WITH PROTEIN PRODUCT,19:1046521,rs3764650,SCREENING 1,2013-06-13,-25
01-704-1323,SNV,Single Nucleotide Variation,GENOTYPE,A/A,A/A,A/A,2,BIN1,GENE WITH PROTEIN PRODUCT,2:127137039,rs744373,SCREENING 1,2013-06-13,-25
01-704-1323,SNV,Single Nucleotide Variation,GENOTYPE,T/C,T/T,T/T,8,CLU,GENE WITH PROTEIN PRODUCT,8:27607002,rs11136000,SCREENING 1,2013-06-13,-25
01-704-1323,SNV,Single Nucleotide Variation,GENOTYPE,A/A,A/A,A/A,1,CR1,GENE WITH PROTEIN PRODUCT,1:207518704,rs6656401,SCREENING 1,2013-06-13,-25
01-704-1323,SNV,Single Nucleotide Variation,GENOTYPE,T/C,T/T,T/T,7,EPHA1,GENE WITH PROTEIN PRODUCT,7:143412046,rs11767557,SCREENING 1,2013-06-13,-25
01-704-1323,SNV,Single Nucleotide Variation,GENOTYPE,T/T,T/T,T/T,11,MS4A6A,GENE WITH PROTEIN PRODUCT,11:60171834,rs610932,SCREENING 1,2013-06-13,-25
01-704-1323,SNV,Single Nucleotide Variation,GENOTYPE,T/T,T/T,T/T,11,PICALM,GENE WITH PROTEIN PRODUCT,11:86157598,rs3851179,SCREENING 1,2013-06-13,-25
01-704-1323,SNV,Single Nucleotide Variation,GENOTYPE,T/T,T/T,T/T,11,SORL1,GENE WITH PROTEIN PRODUCT,11:121564878,rs11218343,SCREENING 1,2013-06-13,-25
01-704-1323,SNV,Single Nucleotide Variation,GENOTYPE,C/T,C/C,C/C,6,TREM2,GENE WITH PROTEIN PRODUCT,6:41161514,rs75932628,SCREENING 1,2013-06-13,-25
01-704-1323,SNV,Single Nucleotide Variation,GENOTYPE,C/C,C/C,C/C,19,CD33,GENE WITH PROTEIN PRODUCT,19:51224706,rs3865444,SCREENING 1,2013-06-13,-25
01-704-1325,SNV,Single Nucleotide Variation,GENOTYPE,T/T,T/T,T/T,19,APOE,GENE WITH PROTEIN PRODUCT,19:44908684,rs429358,SCREENING 1,2014-04-16,-7
01-704-1325,SNV,Single Nucleotide Variation,GENOTYPE,C/C,C/C,C/C,19,APOE,GENE WITH PROTEIN PRODUCT,19:44908822,rs7412,SCREENING 1,2014-04-16,-7
01-704-1325,SNV,Single Nucleotide Variation,GENOTYPE,T/G,T/T,T/T,19,ABCA7,GENE WITH PROTEIN PRODUCT,19:1046521,rs3764650,SCREENING 1,2014-04-16,-7
01-704-1325,SNV,Single Nucleotide Variation,GENOTYPE,A/A,A/A,A/A,2,BIN1,GENE WITH PROTEIN PRODUCT,2:127137039,rs744373,SCREENING 1,2014-04-16,-7
01-704-1325,SNV,Single Nucleotide Variation,GENOTYPE,T/T,T/T,T/T,8,CLU,GENE WITH PROTEIN PRODUCT,8:27607002,rs11136000,SCREENING 1,2014-04-16,-7
01-704-1325,SNV,Single Nucleotide Variation,GENOTYPE,A/A,A/A,A/A,1,CR1,GENE WITH PROTEIN PRODUCT,1:207518704,rs6656401,SCREENING 1,2014-04-16,-7
01-704-1325,SNV,Single Nucleotide Variation,GENOTYPE,T/T,T/T,T/T,7,EPHA1,GENE WITH PROTEIN PRODUCT,7:143412046,rs11767557,SCREENING 1,2014-04-16,-7
01-704-1325,SNV,Single Nucleotide Variation,GENOTYPE,C/C,T/T,T/T,11,MS4A6A,GENE WITH PROTEIN PRODUCT,11:60171834,rs610932,SCREENING 1,2014-04-16,-7
01-704-1325,SNV,Single Nucleotide Variation,GENOTYPE,T/T,T/T,T/T,11,PICALM,GENE WITH PROTEIN PRODUCT,11:86157598,rs3851179,SCREENING 1,2014-04-16,-7
01-704-1325,SNV,Single Nucleotide Variation,GENOTYPE,T/C,T/T,T/T,11,SORL1,GENE WITH PROTEIN PRODUCT,11:121564878,rs11218343,SCREENING 1,2014-04-16,-7
01-704-1325,SNV,Single Nucleotide Variation,GENOTYPE,C/C,C/C,C/C,6,TREM2,GENE WITH PROTEIN PRODUCT,6:41161514,rs75932628,SCREENING 1,2014-04-16,-7
01-704-1325,SNV,Single Nucleotide Variation,GENOTYPE,C/A,C/C,C/C,19,CD33,GENE WITH PROTEIN PRODUCT,19:51224706,rs3865444,SCREENING 1,2014-04-16,-7
01-704-1332,SNV,Single Nucleotide Variation,GENOTYPE,T/T,T/T,T/T,19,APOE,GENE WITH PROTEIN PRODUCT,19:44908684,rs429358,SCREENING 1,2013-11-24,-15
01-704-1332,SNV,Single Nucleotide Variation,GENOTYPE,C/C,C/C,C/C,19,APOE,GENE WITH PROTEIN PRODUCT,19:44908822,rs7412,SCREENING 1,2013-11-24,-15
01-704-1332,SNV,Single Nucleotide Variation,GENOTYPE,T/T,T/T,T/T,19,ABCA7,GENE WITH PROTEIN PRODUCT,19:1046521,rs3764650,SCREENING 1,2013-11-24,-15
01-704-1332,SNV,Single Nucleotide Variation,GENOTYPE,A/A,A/A,A/A,2,BIN1,GENE WITH PROTEIN PRODUCT,2:127137039,rs744373,SCREENING 1,2013-11-24,-15
01-704-1332,SNV,Single Nucleotide Variation,GENOTYPE,T/C,T/T,T/T,8,CLU,GENE WITH PROTEIN PRODUCT,8:27607002,rs11136000,SCREENING 1,2013-11-24,-15
01-704-1332,SNV,Single Nucleotide Variation,GENOTYPE,A/G,A/A,A/A,1,CR1,GENE WITH PROTEIN PRODUCT,1:207518704,rs6656401,SCREENING 1,2013-11-24,-15
01-704-1332,SNV,Single Nucleotide Variation,GENOTYPE,T/C,T/T,T/T,7,EPHA1,GENE WITH PROTEIN PRODUCT,7:143412046,rs11767557,SCREENING 1,2013-11-24,-15
01-704-1332,SNV,Single Nucleotide Variation,GENOTYPE,T/C,T/T,T/T,11,MS4A6A,GENE WITH PROTEIN PRODUCT,11:60171834,rs610932,SCREENING 1,2013-11-24,-15
01-704-1332,SNV,Single Nucleotide Variation,GENOTYPE,C/C,T/T,T/T,11,PICALM,GENE WITH PROTEIN PRODUCT,11:86157598,rs3851179,SCREENING 1,2013-11-24,-15
01-704-1332,SNV,Single Nucleotide Variation,GENOTYPE,T/T,T/T,T/T,11,SORL1,GENE WITH PROTEIN PRODUCT,11:121564878,rs11218343,SCREENING 1,2013-11-24,-15
01-704-1332,SNV,Single Nucleotide Variation,GENOTYPE,C/C,C/C,C/C,6,TREM2,GENE WITH PROTEIN PRODUCT,6:41161514,rs75932628,SCREENING 1,2013-11-24,-15
01-704-1332,SNV,Single Nucleotide Variation,GENOTYPE,C/C,C/C,C/C,19,CD33,GENE WITH PROTEIN PRODUCT,19:51224706,rs3865444,SCREENING 1,2013-11-24,-15
01-704-1351,SNV,Single Nucleotide Variation,GENOTYPE,T/C,T/T,T/T,19,APOE,GENE WITH PROTEIN PRODUCT,19:44908684,rs429358,SCREENING 1,2013-09-26,-16
01-704-1351,SNV,Single Nucleotide Variation,GENOTYPE,C/C,C/C,C/C,19,APOE,GENE WITH PROTEIN PRODUCT,19:44908822,rs7412,SCREENING 1,2013-09-26,-16
01-704-1351,SNV,Single Nucleotide Variation,GENOTYPE,T/T,T/T,T/T,19,ABCA7,GENE WITH PROTEIN PRODUCT,19:1046521,rs3764650,SCREENING 1,2013-09-26,-16
01-704-1351,SNV,Single Nucleotide Variation,GENOTYPE,A/A,A/A,A/A,2,BIN1,GENE WITH PROTEIN PRODUCT,2:127137039,rs744373,SCREENING 1,2013-09-26,-16
01-704-1351,SNV,Single Nucleotide Variation,GENOTYPE,T/T,T/T,T/T,8,CLU,GENE WITH PROTEIN PRODUCT,8:27607002,rs11136000,SCREENING 1,2013-09-26,-16
01-704-1351,SNV,Single Nucleotide Variation,GENOTYPE,A/G,A/A,A/A,1,CR1,GENE WITH PROTEIN PRODUCT,1:207518704,rs6656401,SCREENING 1,2013-09-26,-16
01-704-1351,SNV,Single Nucleotide Variation,GENOTYPE,T/T,T/T,T/T,7,EPHA1,GENE WITH PROTEIN PRODUCT,7:143412046,rs11767557,SCREENING 1,2013-09-26,-16
01-704-1351,SNV,Single Nucleotide Variation,GENOTYPE,T/T,T/T,T/T,11,MS4A6A,GENE WITH PROTEIN PRODUCT,11:60171834,rs610932,SCREENING 1,2013-09-26,-16
01-704-1351,SNV,Single Nucleotide Variation,GENOTYPE,T/C,T/T,T/T,11,PICALM,GENE WITH PROTEIN PRODUCT,11:86157598,rs3851179,SCREENING 1,2013-09-26,-16
01-704-1351,SNV,Single Nucleotide Variation,GENOTYPE,T/T,T/T,T/T,11,SORL1,GENE WITH PROTEIN PRODUCT,11:121564878,rs11218343,SCREENING 1,2013-09-26,-16
01-704-1351,SNV,Single Nucleotide Variation,GENOTYPE,C/C,C/C,C/C,6,TREM2,GENE WITH PROTEIN PRODUCT,6:41161514,rs75932628,SCREENING 1,2013-09-26,-16
01-704-1351,SNV,Single Nucleotide Variation,GENOTYPE,C/A,C/C,C/C,19,CD33,GENE WITH PROTEIN PRODUCT,19:51224706,rs3865444,SCREENING 1,2013-09-26,-16
01-704-1388,SNV,Single Nucleotide Variation,GENOTYPE,T/T,T/T,T/T,19,APOE,GENE WITH PROTEIN PRODUCT,19:44908684,rs429358,SCREENING 1,2012-11-28,-9
01-704-1388,SNV,Single Nucleotide Variation,GENOTYPE,C/C,C/C,C/C,19,APOE,GENE WITH PROTEIN PRODUCT,19:44908822,rs7412,SCREENING 1,2012-11-28,-9
01-704-1388,SNV,Single Nucleotide Variation,GENOTYPE,T/T,T/T,T/T,19,ABCA7,GENE WITH PROTEIN PRODUCT,19:1046521,rs3764650,SCREENING 1,2012-11-28,-9
01-704-1388,SNV,Single Nucleotide Variation,GENOTYPE,A/A,A/A,A/A,2,BIN1,GENE WITH PROTEIN PRODUCT,2:127137039,rs744373,SCREENING 1,2012-11-28,-9
01-704-1388,SNV,Single Nucleotide Variation,GENOTYPE,C/C,T/T,T/T,8,CLU,GENE WITH PROTEIN PRODUCT,8:27607002,rs11136000,SCREENING 1,2012-11-28,-9
01-704-1388,SNV,Single Nucleotide Variation,GENOTYPE,A/A,A/A,A/A,1,CR1,GENE WITH PROTEIN PRODUCT,1:207518704,rs6656401,SCREENING 1,2012-11-28,-9
01-704-1388,SNV,Single Nucleotide Variation,GENOTYPE,T/T,T/T,T/T,7,EPHA1,GENE WITH PROTEIN PRODUCT,7:143412046,rs11767557,SCREENING 1,2012-11-28,-9
01-704-1388,SNV,Single Nucleotide Variation,GENOTYPE,T/T,T/T,T/T,11,MS4A6A,GENE WITH PROTEIN PRODUCT,11:60171834,rs610932,SCREENING 1,2012-11-28,-9
01-704-1388,SNV,Single Nucleotide Variation,GENOTYPE,T/C,T/T,T/T,11,PICALM,GENE WITH PROTEIN PRODUCT,11:86157598,rs3851179,SCREENING 1,2012-11-28,-9
01-704-1388,SNV,Single Nucleotide Variation,GENOTYPE,T/T,T/T,T/T,11,SORL1,GENE WITH PROTEIN PRODUCT,11:121564878,rs11218343,SCREENING 1,2012-11-28,-9
01-704-1388,SNV,Single Nucleotide Variation,GENOTYPE,C/C,C/C,C/C,6,TREM2,GENE WITH PROTEIN PRODUCT,6:41161514,rs75932628,SCREENING 1,2012-11-28,-9
01-704-1388,SNV,Single Nucleotide Variation,GENOTYPE,C/C,C/C,C/C,19,CD33,GENE WITH PROTEIN PRODUCT,19:51224706,rs3865444,SCREENING 1,2012-11-28,-9
01-704-1435,SNV,Single Nucleotide Variation,GENOTYPE,T/C,T/T,T/T,19,APOE,GENE WITH PROTEIN PRODUCT,19:44908684,rs429358,SCREENING 1,2012-11-01,-16
01-704-1435,SNV,Single Nucleotide Variation,GENOTYPE,C/C,C/C,C/C,19,APOE,GENE WITH PROTEIN PRODUCT,19:44908822,rs7412,SCREENING 1,2012-11-01,-16
01-704-1435,SNV,Single Nucleotide Variation,GENOTYPE,T/G,T/T,T/T,19,ABCA7,GENE WITH PROTEIN PRODUCT,19:1046521,rs3764650,SCREENING 1,2012-11-01,-16
01-704-1435,SNV,Single Nucleotide Variation,GENOTYPE,A/G,A/A,A/A,2,BIN1,GENE WITH PROTEIN PRODUCT,2:127137039,rs744373,SCREENING 1,2012-11-01,-16
01-704-1435,SNV,Single Nucleotide Variation,GENOTYPE,T/C,T/T,T/T,8,CLU,GENE WITH PROTEIN PRODUCT,8:27607002,rs11136000,SCREENING 1,2012-11-01,-16
01-704-1435,SNV,Single Nucleotide Variation,GENOTYPE,A/G,A/A,A/A,1,CR1,GENE WITH PROTEIN PRODUCT,1:207518704,rs6656401,SCREENING 1,2012-11-01,-16
01-704-1435,SNV,Single Nucleotide Variation,GENOTYPE,T/C,T/T,T/T,7,EPHA1,GENE WITH PROTEIN PRODUCT,7:143412046,rs11767557,SCREENING 1,2012-11-01,-16
01-704-1435,SNV,Single Nucleotide Variation,GENOTYPE,C/C,T/T,T/T,11,MS4A6A,GENE WITH PROTEIN PRODUCT,11:60171834,rs610932,SCREENING 1,2012-11-01,-16
01-704-1435,SNV,Single Nucleotide Variation,GENOTYPE,C/C,T/T,T/T,11,PICALM,GENE WITH PROTEIN PRODUCT,11:86157598,rs3851179,SCREENING 1,2012-11-01,-16
01-704-1435,SNV,Single Nucleotide Variation,GENOTYPE,T/T,T/T,T/T,11,SORL1,GENE WITH PROTEIN PRODUCT,11:121564878,rs11218343,SCREENING 1,2012-11-01,-16
01-704-1435,SNV,Single Nucleotide Variation,GENOTYPE,C/C,C/C,C/C,6,TREM2,GENE WITH PROTEIN PRODUCT,6:41161514,rs75932628,SCREENING 1,2012-11-01,-16
01-704-1435,SNV,Single Nucleotide Variation,GENOTYPE,C/C,C/C,C/C,19,CD33,GENE WITH PROTEIN PRODUCT,19:51224706,rs3865444,SCREENING 1,2012-11-01,-16
01-704-1445,SNV,Single Nucleotide Variation,GENOTYPE,T/T,T/T,T/T,19,APOE,GENE WITH PROTEIN PRODUCT,19:44908684,rs429358,SCREENING 1,2014-05-01,-10
01-704-1445,SNV,Single Nucleotide Variation,GENOTYPE,C/C,C/C,C/C,19,APOE,GENE WITH PROTEIN PRODUCT,19:44908822,rs7412,SCREENING 1,2014-05-01,-10
01-704-1445,SNV,Single Nucleotide Variation,GENOTYPE,T/T,T/T,T/T,19,ABCA7,GENE WITH PROTEIN PRODUCT,19:1046521,rs3764650,SCREENING 1,2014-05-01,-10
01-704-1445,SNV,Single Nucleotide Variation,GENOTYPE,A/G,A/A,A/A,2,BIN1,GENE WITH PROTEIN PRODUCT,2:127137039,rs744373,SCREENING 1,2014-05-01,-10
01-704-1445,SNV,Single Nucleotide Variation,GENOTYPE,T/T,T/T,T/T,8,CLU,GENE WITH PROTEIN PRODUCT,8:27607002,rs11136000,SCREENING 1,2014-05-01,-10
01-704-1445,SNV,Single Nucleotide Variation,GENOTYPE,A/G,A/A,A/A,1,CR1,GENE WITH PROTEIN PRODUCT,1:207518704,rs6656401,SCREENING 1,2014-05-01,-10
01-704-1445,SNV,Single Nucleotide Variation,GENOTYPE,T/C,T/T,T/T,7,EPHA1,GENE WITH PROTEIN PRODUCT,7:143412046,rs11767557,SCREENING 1,2014-05-01,-10
01-704-1445,SNV,Single Nucleotide Variation,GENOTYPE,T/C,T/T,T/T,11,MS4A6A,GENE WITH PROTEIN PRODUCT,11:60171834,rs610932,SCREENING 1,2014-05-01,-10
01-704-1445,SNV,Single Nucleotide Variation,GENOTYPE,T/C,T/T,T/T,11,PICALM,GENE WITH PROTEIN PRODUCT,11:86157598,rs3851179,SCREENING 1,2014-05-01,-10
01-704-1445,SNV,Single Nucleotide Variation,GENOTYPE,T/C,T/T,T/T,11,SORL1,GENE WITH PROTEIN PRODUCT,11:121564878,rs11218343,SCREENING 1,2014-05-01,-10
01-704-1445,SNV,Single Nucleotide Variation,GENOTYPE,C/C,C/C,C/C,6,TREM2,GENE WITH PROTEIN PRODUCT,6:41161514,rs75932628,SCREENING 1,2014-05-01,-10
01-704-1445,SNV,Single Nucleotide Variation,GENOTYPE,C/C,C/C,C/C,19,CD33,GENE WITH PROTEIN PRODUCT,19:51224706,rs3865444,SCREENING 1,2014-05-01,-10
01-705-1018,SNV,Single Nucleotide Variation,GENOTYPE,T/C,T/T,T/T,19,APOE,GENE WITH PROTEIN PRODUCT,19:44908684,rs429358,SCREENING 1,2013-06-30,-5
01-705-1018,SNV,Single Nucleotide Variation,GENOTYPE,C/C,C/C,C/C,19,APOE,GENE WITH PROTEIN PRODUCT,19:44908822,rs7412,SCREENING 1,2013-06-30,-5
01-705-1018,SNV,Single Nucleotide Variation,GENOTYPE,T/T,T/T,T/T,19,ABCA7,GENE WITH PROTEIN PRODUCT,19:1046521,rs3764650,SCREENING 1,2013-06-30,-5
01-705-1018,SNV,Single Nucleotide Variation,GENOTYPE,A/A,A/A,A/A,2,BIN1,GENE WITH PROTEIN PRODUCT,2:127137039,rs744373,SCREENING 1,2013-06-30,-5
01-705-1018,SNV,Single Nucleotide Variation,GENOTYPE,T/T,T/T,T/T,8,CLU,GENE WITH PROTEIN PRODUCT,8:27607002,rs11136000,SCREENING 1,2013-06-30,-5
01-705-1018,SNV,Single Nucleotide Variation,GENOTYPE,A/A,A/A,A/A,1,CR1,GENE WITH PROTEIN PRODUCT,1:207518704,rs6656401,SCREENING 1,2013-06-30,-5
01-705-1018,SNV,Single Nucleotide Variation,GENOTYPE,T/T,T/T,T/T,7,EPHA1,GENE WITH PROTEIN PRODUCT,7:143412046,rs11767557,SCREENING 1,2013-06-30,-5
01-705-1018,SNV,Single Nucleotide Variation,GENOTYPE,T/C,T/T,T/T,11,MS4A6A,GENE WITH PROTEIN PRODUCT,11:60171834,rs610932,SCREENING 1,2013-06-30,-5
01-705-1018,SNV,Single Nucleotide Variation,GENOTYPE,T/T,T/T,T/T,11,PICALM,GENE WITH PROTEIN PRODUCT,11:86157598,rs3851179,SCREENING 1,2013-06-30,-5
01-705-1018,SNV,Single Nucleotide Variation,GENOTYPE,T/T,T/T,T/T,11,SORL1,GENE WITH PROTEIN PRODUCT,11:121564878,rs11218343,SCREENING 1,2013-06-30,-5
01-705-1018,SNV,Single Nucleotide Variation,GENOTYPE,C/C,C/C,C/C,6,TREM2,GENE WITH PROTEIN PRODUCT,6:41161514,rs75932628,SCREENING 1,2013-06-30,-5
01-705-1018,SNV,Single Nucleotide Variation,GENOTYPE,C/A,C/C,C/C,19,CD33,GENE WITH PROTEIN PRODUCT,19:51224706,rs3865444,SCREENING 1,2013-06-30,-5
01-705-1031,SNV,Single Nucleotide Variation,GENOTYPE,T/T,T/T,T/T,19,APOE,GENE WITH PROTEIN PRODUCT,19:44908684,rs429358,SCREENING 1,2013-11-17,-10
01-705-1031,SNV,Single Nucleotide Variation,GENOTYPE,C/T,C/C,C/C,19,APOE,GENE WITH PROTEIN PRODUCT,19:44908822,rs7412,SCREENING 1,2013-11-17,-10
01-705-1031,SNV,Single Nucleotide Variation,GENOTYPE,T/T,T/T,T/T,19,ABCA7,GENE WITH PROTEIN PRODUCT,19:1046521,rs3764650,SCREENING 1,2013-11-17,-10
01-705-1031,SNV,Single Nucleotide Variation,GENOTYPE,A/A,A/A,A/A,2,BIN1,GENE WITH PROTEIN PRODUCT,2:127137039,rs744373,SCREENING 1,2013-11-17,-10
01-705-1031,SNV,Single Nucleotide Variation,GENOTYPE,T/C,T/T,T/T,8,CLU,GENE WITH PROTEIN PRODUCT,8:27607002,rs11136000,SCREENING 1,2013-11-17,-10
01-705-1031,SNV,Single Nucleotide Variation,GENOTYPE,A/A,A/A,A/A,1,CR1,GENE WITH PROTEIN PRODUCT,1:207518704,rs6656401,SCREENING 1,2013-11-17,-10
01-705-1031,SNV,Single Nucleotide Variation,GENOTYPE,T/T,T/T,T/T,7,EPHA1,GENE WITH PROTEIN PRODUCT,7:143412046,rs11767557,SCREENING 1,2013-11-17,-10
01-705-1031,SNV,Single Nucleotide Variation,GENOTYPE,T/C,T/T,T/T,11,MS4A6A,GENE WITH PROTEIN PRODUCT,11:60171834,rs610932,SCREENING 1,2013-11-17,-10
01-705-1031,SNV,Single Nucleotide Variation,GENOTYPE,T/T,T/T,T/T,11,PICALM,GENE WITH PROTEIN PRODUCT,11:86157598,rs3851179,SCREENING 1,2013-11-17,-10
01-705-1031,SNV,Single Nucleotide Variation,GENOTYPE,T/T,T/T,T/T,11,SORL1,GENE WITH PROTEIN PRODUCT,11:121564878,rs11218343,SCREENING 1,2013-11-17,-10
01-705-1031,SNV,Single Nucleotide Variation,GENOTYPE,C/C,C/C,C/C,6,TREM2,GENE WITH PROTEIN PRODUCT,6:41161514,rs75932628,SCREENING 1,2013-11-17,-10
01-705-1031,SNV,Single Nucleotide Variation,GENOTYPE,C/C,C/C,C/C,19,CD33,GENE WITH PROTEIN PRODUCT,19:51224706,rs3865444,SCREENING 1,2013-11-17,-10
01-705-1059,SNV,Single Nucleotide Variation,GENOTYPE,T/C,T/T,T/T,19,APOE,GENE WITH PROTEIN PRODUCT,19:44908684,rs429358,SCREENING 1,2013-08-02,-3
01-705-1059,SNV,Single Nucleotide Variation,GENOTYPE,C/C,C/C,C/C,19,APOE,GENE WITH PROTEIN PRODUCT,19:44908822,rs7412,SCREENING 1,2013-08-02,-3
01-705-1059,SNV,Single Nucleotide Variation,GENOTYPE,T/T,T/T,T/T,19,ABCA7,GENE WITH PROTEIN PRODUCT,19:1046521,rs3764650,SCREENING 1,2013-08-02,-3
01-705-1059,SNV,Single Nucleotide Variation,GENOTYPE,A/G,A/A,A/A,2,BIN1,GENE WITH PROTEIN PRODUCT,2:127137039,rs744373,SCREENING 1,2013-08-02,-3
01-705-1059,SNV,Single Nucleotide Variation,GENOTYPE,T/C,T/T,T/T,8,CLU,GENE WITH PROTEIN PRODUCT,8:27607002,rs11136000,SCREENING 1,2013-08-02,-3
01-705-1059,SNV,Single Nucleotide Variation,GENOTYPE,A/G,A/A,A/A,1,CR1,GENE WITH PROTEIN PRODUCT,1:207518704,rs6656401,SCREENING 1,2013-08-02,-3
01-705-1059,SNV,Single Nucleotide Variation,GENOTYPE,T/T,T/T,T/T,7,EPHA1,GENE WITH PROTEIN PRODUCT,7:143412046,rs11767557,SCREENING 1,2013-08-02,-3
01-705-1059,SNV,Single Nucleotide Variation,GENOTYPE,C/C,T/T,T/T,11,MS4A6A,GENE WITH PROTEIN PRODUCT,11:60171834,rs610932,SCREENING 1,2013-08-02,-3
01-705-1059,SNV,Single Nucleotide Variation,GENOTYPE,C/C,T/T,T/T,11,PICALM,GENE WITH PROTEIN PRODUCT,11:86157598,rs3851179,SCREENING 1,2013-08-02,-3
01-705-1059,SNV,Single Nucleotide Variation,GENOTYPE,T/C,T/T,T/T,11,SORL1,GENE WITH PROTEIN PRODUCT,11:121564878,rs11218343,SCREENING 1,2013-08-02,-3
01-705-1059,SNV,Single Nucleotide Variation,GENOTYPE,C/C,C/C,C/C,6,TREM2,GENE WITH PROTEIN PRODUCT,6:41161514,rs75932628,SCREENING 1,2013-08-02,-3
01-705-1059,SNV,Single Nucleotide Variation,GENOTYPE,C/C,C/C,C/C,19,CD33,GENE WITH PROTEIN PRODUCT,19:51224706,rs3865444,SCREENING 1,2013-08-02,-3
01-705-1186,SNV,Single Nucleotide Variation,GENOTYPE,T/C,T/T,T/T,19,APOE,GENE WITH PROTEIN PRODUCT,19:44908684,rs429358,SCREENING 1,2014-01-03,-5
01-705-1186,SNV,Single Nucleotide Variation,GENOTYPE,C/C,C/C,C/C,19,APOE,GENE WITH PROTEIN PRODUCT,19:44908822,rs7412,SCREENING 1,2014-01-03,-5
01-705-1186,SNV,Single Nucleotide Variation,GENOTYPE,T/T,T/T,T/T,19,ABCA7,GENE WITH PROTEIN PRODUCT,19:1046521,rs3764650,SCREENING 1,2014-01-03,-5
01-705-1186,SNV,Single Nucleotide Variation,GENOTYPE,A/G,A/A,A/A,2,BIN1,GENE WITH PROTEIN PRODUCT,2:127137039,rs744373,SCREENING 1,2014-01-03,-5
01-705-1186,SNV,Single Nucleotide Variation,GENOTYPE,C/C,T/T,T/T,8,CLU,GENE WITH PROTEIN PRODUCT,8:27607002,rs11136000,SCREENING 1,2014-01-03,-5
01-705-1186,SNV,Single Nucleotide Variation,GENOTYPE,A/A,A/A,A/A,1,CR1,GENE WITH PROTEIN PRODUCT,1:207518704,rs6656401,SCREENING 1,2014-01-03,-5
01-705-1186,SNV,Single Nucleotide Variation,GENOTYPE,T/C,T/T,T/T,7,EPHA1,GENE WITH PROTEIN PRODUCT,7:143412046,rs11767557,SCREENING 1,2014-01-03,-5
01-705-1186,SNV,Single Nucleotide Variation,GENOTYPE,T/C,T/T,T/T,11,MS4A6A,GENE WITH PROTEIN PRODUCT,11:60171834,rs610932,SCREENING 1,2014-01-03,-5
01-705-1186,SNV,Single Nucleotide Variation,GENOTYPE,T/T,T/T,T/T,11,PICALM,GENE WITH PROTEIN PRODUCT,11:86157598,rs3851179,SCREENING 1,2014-01-03,-5
01-705-1186,SNV,Single Nucleotide Variation,GENOTYPE,T/T,T/T,T/T,11,SORL1,GENE WITH PROTEIN PRODUCT,11:121564878,rs11218343,SCREENING 1,2014-01-03,-5
01-705-1186,SNV,Single Nucleotide Variation,GENOTYPE,C/C,C/C,C/C,6,TREM2,GENE WITH PROTEIN PRODUCT,6:41161514,rs75932628,SCREENING 1,2014-01-03,-5
01-705-1186,SNV,Single Nucleotide Variation,GENOTYPE,C/C,C/C,C/C,19,CD33,GENE WITH PROTEIN PRODUCT,19:51224706,rs3865444,SCREENING 1,2014-01-03,-5
01-705-1199,SNV,Single Nucleotide Variation,GENOTYPE,T/C,T/T,T/T,19,APOE,GENE WITH PROTEIN PRODUCT,19:44908684,rs429358,SCREENING 1,2013-09-11,-5
01-705-1199,SNV,Single Nucleotide Variation,GENOTYPE,C/C,C/C,C/C,19,APOE,GENE WITH PROTEIN PRODUCT,19:44908822,rs7412,SCREENING 1,2013-09-11,-5
01-705-1199,SNV,Single Nucleotide Variation,GENOTYPE,T/T,T/T,T/T,19,ABCA7,GENE WITH PROTEIN PRODUCT,19:1046521,rs3764650,SCREENING 1,2013-09-11,-5
01-705-1199,SNV,Single Nucleotide Variation,GENOTYPE,G/G,A/A,A/A,2,BIN1,GENE WITH PROTEIN PRODUCT,2:127137039,rs744373,SCREENING 1,2013-09-11,-5
01-705-1199,SNV,Single Nucleotide Variation,GENOTYPE,T/C,T/T,T/T,8,CLU,GENE WITH PROTEIN PRODUCT,8:27607002,rs11136000,SCREENING 1,2013-09-11,-5
01-705-1199,SNV,Single Nucleotide Variation,GENOTYPE,A/G,A/A,A/A,1,CR1,GENE WITH PROTEIN PRODUCT,1:207518704,rs6656401,SCREENING 1,2013-09-11,-5
01-705-1199,SNV,Single Nucleotide Variation,GENOTYPE,T/T,T/T,T/T,7,EPHA1,GENE WITH PROTEIN PRODUCT,7:143412046,rs11767557,SCREENING 1,2013-09-11,-5
01-705-1199,SNV,Single Nucleotide Variation,GENOTYPE,T/T,T/T,T/T,11,MS4A6A,GENE WITH PROTEIN PRODUCT,11:60171834,rs610932,SCREENING 1,2013-09-11,-5
01-705-1199,SNV,Single Nucleotide Variation,GENOTYPE,T/C,T/T,T/T,11,PICALM,GENE WITH PROTEIN PRODUCT,11:86157598,rs3851179,SCREENING 1,2013-09-11,-5
01-705-1199,SNV,Single Nucleotide Variation,GENOTYPE,T/T,T/T,T/T,11,SORL1,GENE WITH PROTEIN PRODUCT,11:121564878,rs11218343,SCREENING 1,2013-09-11,-5
01-705-1199,SNV,Single Nucleotide Variation,GENOTYPE,C/C,C/C,C/C,6,TREM2,GENE WITH PROTEIN PRODUCT,6:41161514,rs75932628,SCREENING 1,2013-09-11,-5
01-705-1199,SNV,Single Nucleotide Variation,GENOTYPE,A/A,C/C,C/C,19,CD33,GENE WITH PROTEIN PRODUCT,19:51224706,rs3865444,SCREENING 1,2013-09-11,-5
01-705-1280,SNV,Single Nucleotide Variation,GENOTYPE,T/T,T/T,T/T,19,APOE,GENE WITH PROTEIN PRODUCT,19:44908684,rs429358,SCREENING 1,2014-01-11,-6
01-705-1280,SNV,Single Nucleotide Variation,GENOTYPE,C/C,C/C,C/C,19,APOE,GENE WITH PROTEIN PRODUCT,19:44908822,rs7412,SCREENING 1,2014-01-11,-6
01-705-1280,SNV,Single Nucleotide Variation,GENOTYPE,T/T,T/T,T/T,19,ABCA7,GENE WITH PROTEIN PRODUCT,19:1046521,rs3764650,SCREENING 1,2014-01-11,-6
01-705-1280,SNV,Single Nucleotide Variation,GENOTYPE,A/G,A/A,A/A,2,BIN1,GENE WITH PROTEIN PRODUCT,2:127137039,rs744373,SCREENING 1,2014-01-11,-6
01-705-1280,SNV,Single Nucleotide Variation,GENOTYPE,T/C,T/T,T/T,8,CLU,GENE WITH PROTEIN PRODUCT,8:27607002,rs11136000,SCREENING 1,2014-01-11,-6
01-705-1280,SNV,Single Nucleotide Variation,GENOTYPE,A/A,A/A,A/A,1,CR1,GENE WITH PROTEIN PRODUCT,1:207518704,rs6656401,SCREENING 1,2014-01-11,-6
01-705-1280,SNV,Single Nucleotide Variation,GENOTYPE,T/T,T/T,T/T,7,EPHA1,GENE WITH PROTEIN PRODUCT,7:143412046,rs11767557,SCREENING 1,2014-01-11,-6
01-705-1280,SNV,Single Nucleotide Variation,GENOTYPE,T/T,T/T,T/T,11,MS4A6A,GENE WITH PROTEIN PRODUCT,11:60171834,rs610932,SCREENING 1,2014-01-11,-6
01-705-1280,SNV,Single Nucleotide Variation,GENOTYPE,T/T,T/T,T/T,11,PICALM,GENE WITH PROTEIN PRODUCT,11:86157598,rs3851179,SCREENING 1,2014-01-11,-6
01-705-1280,SNV,Single Nucleotide Variation,GENOTYPE,T/T,T/T,T/T,11,SORL1,GENE WITH PROTEIN PRODUCT,11:121564878,rs11218343,SCREENING 1,2014-01-11,-6
01-705-1280,SNV,Single Nucleotide Variation,GENOTYPE,C/C,C/C,C/C,6,TREM2,GENE WITH PROTEIN PRODUCT,6:41161514,rs75932628,SCREENING 1,2014-01-11,-6
01-705-1280,SNV,Single Nucleotide Variation,GENOTYPE,C/C,C/C,C/C,19,CD33,GENE WITH PROTEIN PRODUCT,19:51224706,rs3865444,SCREENING 1,2014-01-11,-6
01-705-1281,SNV,Single Nucleotide Variation,GENOTYPE,T/C,T/T,T/T,19,APOE,GENE WITH PROTEIN PRODUCT,19:44908684,rs429358,SCREENING 1,2013-11-26,-2
01-705-1281,SNV,Single Nucleotide Variation,GENOTYPE,C/T,C/C,C/C,19,APOE,GENE WITH PROTEIN PRODUCT,19:44908822,rs7412,SCREENING 1,2013-11-26,-2
01-705-1281,SNV,Single Nucleotide Variation,GENOTYPE,T/T,T/T,T/T,19,ABCA7,GENE WITH PROTEIN PRODUCT,19:1046521,rs3764650,SCREENING 1,2013-11-26,-2
01-705-1281,SNV,Single Nucleotide Variation,GENOTYPE,A/G,A/A,A/A,2,BIN1,GENE WITH PROTEIN PRODUCT,2:127137039,rs744373,SCREENING 1,2013-11-26,-2
01-705-1281,SNV,Single Nucleotide Variation,GENOTYPE,C/C,T/T,T/T,8,CLU,GENE WITH PROTEIN PRODUCT,8:27607002,rs11136000,SCREENING 1,2013-11-26,-2
01-705-1281,SNV,Single Nucleotide Variation,GENOTYPE,A/A,A/A,A/A,1,CR1,GENE WITH PROTEIN PRODUCT,1:207518704,rs6656401,SCREENING 1,2013-11-26,-2
01-705-1281,SNV,Single Nucleotide Variation,GENOTYPE,T/C,T/T,T/T,7,EPHA1,GENE WITH PROTEIN PRODUCT,7:143412046,rs11767557,SCREENING 1,2013-11-26,-2
01-705-1281,SNV,Single Nucleotide Variation,GENOTYPE,T/T,T/T,T/T,11,MS4A6A,GENE WITH PROTEIN PRODUCT,11:60171834,rs610932,SCREENING 1,2013-11-26,-2
01-705-1281,SNV,Single Nucleotide Variation,GENOTYPE,T/C,T/T,T/T,11,PICALM,GENE WITH PROTEIN PRODUCT,11:86157598,rs3851179,SCREENING 1,2013-11-26,-2
01-705-1281,SNV,Single Nucleotide Variation,GENOTYPE,T/T,T/T,T/T,11,SORL1,GENE WITH PROTEIN PRODUCT,11:121564878,rs11218343,SCREENING 1,2013-11-26,-2
01-705-1281,SNV,Single Nucleotide Variation,GENOTYPE,C/C,C/C,C/C,6,TREM2,GENE WITH PROTEIN PRODUCT,6:41161514,rs75932628,SCREENING 1,2013-11-26,-2
01-705-1281,SNV,Single Nucleotide Variation,GENOTYPE,C/C,C/C,C/C,19,CD33,GENE WITH PROTEIN PRODUCT,19:51224706,rs3865444,SCREENING 1,2013-11-26,-2
01-705-1282,SNV,Single Nucleotide Variation,GENOTYPE,T/C,T/T,T/T,19,APOE,GENE WITH PROTEIN PRODUCT,19:44908684,rs429358,SCREENING 1,2012-12-23,-3
01-705-1282,SNV,Single Nucleotide Variation,GENOTYPE,C/C,C/C,C/C,19,APOE,GENE WITH PROTEIN PRODUCT,19:44908822,rs7412,SCREENING 1,2012-12-23,-3
01-705-1282,SNV,Single Nucleotide Variation,GENOTYPE,T/T,T/T,T/T,19,ABCA7,GENE WITH PROTEIN PRODUCT,19:1046521,rs3764650,SCREENING 1,2012-12-23,-3
01-705-1282,SNV,Single Nucleotide Variation,GENOTYPE,A/G,A/A,A/A,2,BIN1,GENE WITH PROTEIN PRODUCT,2:127137039,rs744373,SCREENING 1,2012-12-23,-3
01-705-1282,SNV,Single Nucleotide Variation,GENOTYPE,T/C,T/T,T/T,8,CLU,GENE WITH PROTEIN PRODUCT,8:27607002,rs11136000,SCREENING 1,2012-12-23,-3
01-705-1282,SNV,Single Nucleotide Variation,GENOTYPE,A/A,A/A,A/A,1,CR1,GENE WITH PROTEIN PRODUCT,1:207518704,rs6656401,SCREENING 1,2012-12-23,-3
01-705-1282,SNV,Single Nucleotide Variation,GENOTYPE,T/C,T/T,T/T,7,EPHA1,GENE WITH PROTEIN PRODUCT,7:143412046,rs11767557,SCREENING 1,2012-12-23,-3
01-705-1282,SNV,Single Nucleotide Variation,GENOTYPE,T/T,T/T,T/T,11,MS4A6A,GENE WITH PROTEIN PRODUCT,11:60171834,rs610932,SCREENING 1,2012-12-23,-3
01-705-1282,SNV,Single Nucleotide Variation,GENOTYPE,T/T,T/T,T/T,11,PICALM,GENE WITH PROTEIN PRODUCT,11:86157598,rs3851179,SCREENING 1,2012-12-23,-3
01-705-1282,SNV,Single Nucleotide Variation,GENOTYPE,T/T,T/T,T/T,11,SORL1,GENE WITH PROTEIN PRODUCT,11:121564878,rs11218343,SCREENING 1,2012-12-23,-3
01-705-1282,SNV,Single Nucleotide Variation,GENOTYPE,C/C,C/C,C/C,6,TREM2,GENE WITH PROTEIN PRODUCT,6:41161514,rs75932628,SCREENING 1,2012-12-23,-3
01-705-1282,SNV,Single Nucleotide Variation,GENOTYPE,C/A,C/C,C/C,19,CD33,GENE WITH PROTEIN PRODUCT,19:51224706,rs3865444,SCREENING 1,2012-12-23,-3
01-705-1292,SNV,Single Nucleotide Variation,GENOTYPE,T/T,T/T,T/T,19,APOE,GENE WITH PROTEIN PRODUCT,19:44908684,rs429358,SCREENING 1,2013-10-11,-3
01-705-1292,SNV,Single Nucleotide Variation,GENOTYPE,C/C,C/C,C/C,19,APOE,GENE WITH PROTEIN PRODUCT,19:44908822,rs7412,SCREENING 1,2013-10-11,-3
01-705-1292,SNV,Single Nucleotide Variation,GENOTYPE,T/T,T/T,T/T,19,ABCA7,GENE WITH PROTEIN PRODUCT,19:1046521,rs3764650,SCREENING 1,2013-10-11,-3
01-705-1292,SNV,Single Nucleotide Variation,GENOTYPE,A/G,A/A,A/A,2,BIN1,GENE WITH PROTEIN PRODUCT,2:127137039,rs744373,SCREENING 1,2013-10-11,-3
01-705-1292,SNV,Single Nucleotide Variation,GENOTYPE,T/C,T/T,T/T,8,CLU,GENE WITH PROTEIN PRODUCT,8:27607002,rs11136000,SCREENING 1,2013-10-11,-3
01-705-1292,SNV,Single Nucleotide Variation,GENOTYPE,A/G,A/A,A/A,1,CR1,GENE WITH PROTEIN PRODUCT,1:207518704,rs6656401,SCREENING 1,2013-10-11,-3
01-705-1292,SNV,Single Nucleotide Variation,GENOTYPE,C/C,T/T,T/T,7,EPHA1,GENE WITH PROTEIN PRODUCT,7:143412046,rs11767557,SCREENING 1,2013-10-11,-3
01-705-1292,SNV,Single Nucleotide Variation,GENOTYPE,T/C,T/T,T/T,11,MS4A6A,GENE WITH PROTEIN PRODUCT,11:60171834,rs610932,SCREENING 1,2013-10-11,-3
01-705-1292,SNV,Single Nucleotide Variation,GENOTYPE,T/T,T/T,T/T,11,PICALM,GENE WITH PROTEIN PRODUCT,11:86157598,rs3851179,SCREENING 1,2013-10-11,-3
01-705-1292,SNV,Single Nucleotide Variation,GENOTYPE,T/T,T/T,T/T,11,SORL1,GENE WITH PROTEIN PRODUCT,11:121564878,rs11218343,SCREENING 1,2013-10-11,-3
01-705-1292,SNV,Single Nucleotide Variation,GENOTYPE,C/C,C/C,C/C,6,TREM2,GENE WITH PROTEIN PRODUCT,6:41161514,rs75932628,SCREENING 1,2013-10-11,-3
01-705-1292,SNV,Single Nucleotide Variation,GENOTYPE,C/A,C/C,C/C,19,CD33,GENE WITH PROTEIN PRODUCT,19:51224706,rs3865444,SCREENING 1,2013-10-11,-3
01-705-1303,SNV,Single Nucleotide Variation,GENOTYPE,T/T,T/T,T/T,19,APOE,GENE WITH PROTEIN PRODUCT,19:44908684,rs429358,SCREENING 1,2013-12-10,-6
01-705-1303,SNV,Single Nucleotide Variation,GENOTYPE,C/C,C/C,C/C,19,APOE,GENE WITH PROTEIN PRODUCT,19:44908822,rs7412,SCREENING 1,2013-12-10,-6
01-705-1303,SNV,Single Nucleotide Variation,GENOTYPE,T/G,T/T,T/T,19,ABCA7,GENE WITH PROTEIN PRODUCT,19:1046521,rs3764650,SCREENING 1,2013-12-10,-6
01-705-1303,SNV,Single Nucleotide Variation,GENOTYPE,A/G,A/A,A/A,2,BIN1,GENE WITH PROTEIN PRODUCT,2:127137039,rs744373,SCREENING 1,2013-12-10,-6
01-705-1303,SNV,Single Nucleotide Variation,GENOTYPE,T/C,T/T,T/T,8,CLU,GENE WITH PROTEIN PRODUCT,8:27607002,rs11136000,SCREENING 1,2013-12-10,-6
01-705-1303,SNV,Single Nucleotide Variation,GENOTYPE,A/G,A/A,A/A,1,CR1,GENE WITH PROTEIN PRODUCT,1:207518704,rs6656401,SCREENING 1,2013-12-10,-6
01-705-1303,SNV,Single Nucleotide Variation,GENOTYPE,T/C,T/T,T/T,7,EPHA1,GENE WITH PROTEIN PRODUCT,7:143412046,rs11767557,SCREENING 1,2013-12-10,-6
01-705-1303,SNV,Single Nucleotide Variation,GENOTYPE,C/C,T/T,T/T,11,MS4A6A,GENE WITH PROTEIN PRODUCT,11:60171834,rs610932,SCREENING 1,2013-12-10,-6
01-705-1303,SNV,Single Nucleotide Variation,GENOTYPE,T/T,T/T,T/T,11,PICALM,GENE WITH PROTEIN PRODUCT,11:86157598,rs3851179,SCREENING 1,2013-12-10,-6
01-705-1303,SNV,Single Nucleotide Variation,GENOTYPE,T/T,T/T,T/T,11,SORL1,GENE WITH PROTEIN PRODUCT,11:121564878,rs11218343,SCREENING 1,2013-12-10,-6
01-705-1303,SNV,Single Nucleotide Variation,GENOTYPE,C/C,C/C,C/C,6,TREM2,GENE WITH PROTEIN PRODUCT,6:41161514,rs75932628,SCREENING 1,2013-12-10,-6
01-705-1303,SNV,Single Nucleotide Variation,GENOTYPE,C/C,C/C,C/C,19,CD33,GENE WITH PROTEIN PRODUCT,19:51224706,rs3865444,SCREENING 1,2013-12-10,-6
01-705-1310,SNV,Single Nucleotide Variation,GENOTYPE,T/C,T/T,T/T,19,APOE,GENE WITH PROTEIN PRODUCT,19:44908684,rs429358,SCREENING 1,2013-10-26,-7
01-705-1310,SNV,Single Nucleotide Variation,GENOTYPE,C/C,C/C,C/C,19,APOE,GENE WITH PROTEIN PRODUCT,19:44908822,rs7412,SCREENING 1,2013-10-26,-7
01-705-1310,SNV,Single Nucleotide Variation,GENOTYPE,T/T,T/T,T/T,19,ABCA7,GENE WITH PROTEIN PRODUCT,19:1046521,rs3764650,SCREENING 1,2013-10-26,-7
01-705-1310,SNV,Single Nucleotide Variation,GENOTYPE,A/G,A/A,A/A,2,BIN1,GENE WITH PROTEIN PRODUCT,2:127137039,rs744373,SCREENING 1,2013-10-26,-7
01-705-1310,SNV,Single Nucleotide Variation,GENOTYPE,C/C,T/T,T/T,8,CLU,GENE WITH PROTEIN PRODUCT,8:27607002,rs11136000,SCREENING 1,2013-10-26,-7
01-705-1310,SNV,Single Nucleotide Variation,GENOTYPE,A/G,A/A,A/A,1,CR1,GENE WITH PROTEIN PRODUCT,1:207518704,rs6656401,SCREENING 1,2013-10-26,-7
01-705-1310,SNV,Single Nucleotide Variation,GENOTYPE,C/C,T/T,T/T,7,EPHA1,GENE WITH PROTEIN PRODUCT,7:143412046,rs11767557,SCREENING 1,2013-10-26,-7
01-705-1310,SNV,Single Nucleotide Variation,GENOTYPE,C/C,T/T,T/T,11,MS4A6A,GENE WITH PROTEIN PRODUCT,11:60171834,rs610932,SCREENING 1,2013-10-26,-7
01-705-1310,SNV,Single Nucleotide Variation,GENOTYPE,T/T,T/T,T/T,11,PICALM,GENE WITH PROTEIN PRODUCT,11:86157598,rs3851179,SCREENING 1,2013-10-26,-7
01-705-1310,SNV,Single Nucleotide Variation,GENOTYPE,T/T,T/T,T/T,11,SORL1,GENE WITH PROTEIN PRODUCT,11:121564878,rs11218343,SCREENING 1,2013-10-26,-7
01-705-1310,SNV,Single Nucleotide Variation,GENOTYPE,C/C,C/C,C/C,6,TREM2,GENE WITH PROTEIN PRODUCT,6:41161514,rs75932628,SCREENING 1,2013-10-26,-7
01-705-1310,SNV,Single Nucleotide Variation,GENOTYPE,C/A,C/C,C/C,19,CD33,GENE WITH PROTEIN PRODUCT,19:51224706,rs3865444,SCREENING 1,2013-10-26,-7
01-705-1349,SNV,Single Nucleotide Variation,GENOTYPE,T/T,T/T,T/T,19,APOE,GENE WITH PROTEIN PRODUCT,19:44908684,rs429358,SCREENING 1,2013-02-24,-14
01-705-1349,SNV,Single Nucleotide Variation,GENOTYPE,C/C,C/C,C/C,19,APOE,GENE WITH PROTEIN PRODUCT,19:44908822,rs7412,SCREENING 1,2013-02-24,-14
01-705-1349,SNV,Single Nucleotide Variation,GENOTYPE,T/T,T/T,T/T,19,ABCA7,GENE WITH PROTEIN PRODUCT,19:1046521,rs3764650,SCREENING 1,2013-02-24,-14
01-705-1349,SNV,Single Nucleotide Variation,GENOTYPE,A/G,A/A,A/A,2,BIN1,GENE WITH PROTEIN PRODUCT,2:127137039,rs744373,SCREENING 1,2013-02-24,-14
01-705-1349,SNV,Single Nucleotide Variation,GENOTYPE,T/T,T/T,T/T,8,CLU,GENE WITH PROTEIN PRODUCT,8:27607002,rs11136000,SCREENING 1,2013-02-24,-14
01-705-1349,SNV,Single Nucleotide Variation,GENOTYPE,A/G,A/A,A/A,1,CR1,GENE WITH PROTEIN PRODUCT,1:207518704,rs6656401,SCREENING 1,2013-02-24,-14
01-705-1349,SNV,Single Nucleotide Variation,GENOTYPE,T/C,T/T,T/T,7,EPHA1,GENE WITH PROTEIN PRODUCT,7:143412046,rs11767557,SCREENING 1,2013-02-24,-14
01-705-1349,SNV,Single Nucleotide Variation,GENOTYPE,T/C,T/T,T/T,11,MS4A6A,GENE WITH PROTEIN PRODUCT,11:60171834,rs610932,SCREENING 1,2013-02-24,-14
01-705-1349,SNV,Single Nucleotide Variation,GENOTYPE,T/T,T/T,T/T,11,PICALM,GENE WITH PROTEIN PRODUCT,11:86157598,rs3851179,SCREENING 1,2013-02-24,-14
01-705-1349,SNV,Single Nucleotide Variation,GENOTYPE,T/C,T/T,T/T,11,SORL1,GENE WITH PROTEIN PRODUCT,11:121564878,rs11218343,SCREENING 1,2013-02-24,-14
01-705-1349,SNV,Single Nucleotide Variation,GENOTYPE,C/C,C/C,C/C,6,TREM2,GENE WITH PROTEIN PRODUCT,6:41161514,rs75932628,SCREENING 1,2013-02-24,-14
01-705-1349,SNV,Single Nucleotide Variation,GENOTYPE,C/A,C/C,C/C,19,CD33,GENE WITH PROTEIN PRODUCT,19:51224706,rs3865444,SCREENING 1,2013-02-24,-14
01-705-1377,SNV,Single Nucleotide Variation,GENOTYPE,T/T,T/T,T/T,19,APOE,GENE WITH PROTEIN PRODUCT,19:44908684,rs429358,SCREENING 1,2013-12-29,-6
01-705-1377,SNV,Single Nucleotide Variation,GENOTYPE,C/T,C/C,C/C,19,APOE,GENE WITH PROTEIN PRODUCT,19:44908822,rs7412,SCREENING 1,2013-12-29,-6
01-705-1377,SNV,Single Nucleotide Variation,GENOTYPE,T/T,T/T,T/T,19,ABCA7,GENE WITH PROTEIN PRODUCT,19:1046521,rs3764650,SCREENING 1,2013-12-29,-6
01-705-1377,SNV,Single Nucleotide Variation,GENOTYPE,A/G,A/A,A/A,2,BIN1,GENE WITH PROTEIN PRODUCT,2:127137039,rs744373,SCREENING 1,2013-12-29,-6
01-705-1377,SNV,Single Nucleotide Variation,GENOTYPE,T/C,T/T,T/T,8,CLU,GENE WITH PROTEIN PRODUCT,8:27607002,rs11136000,SCREENING 1,2013-12-29,-6
01-705-1377,SNV,Single Nucleotide Variation,GENOTYPE,A/A,A/A,A/A,1,CR1,GENE WITH PROTEIN PRODUCT,1:207518704,rs6656401,SCREENING 1,2013-12-29,-6
01-705-1377,SNV,Single Nucleotide Variation,GENOTYPE,T/C,T/T,T/T,7,EPHA1,GENE WITH PROTEIN PRODUCT,7:143412046,rs11767557,SCREENING 1,2013-12-29,-6
01-705-1377,SNV,Single Nucleotide Variation,GENOTYPE,T/T,T/T,T/T,11,MS4A6A,GENE WITH PROTEIN PRODUCT,11:60171834,rs610932,SCREENING 1,2013-12-29,-6
01-705-1377,SNV,Single Nucleotide Variation,GENOTYPE,T/T,T/T,T/T,11,PICALM,GENE WITH PROTEIN PRODUCT,11:86157598,rs3851179,SCREENING 1,2013-12-29,-6
01-705-1377,SNV,Single Nucleotide Variation,GENOTYPE,T/T,T/T,T/T,11,SORL1,GENE WITH PROTEIN PRODUCT,11:121564878,rs11218343,SCREENING 1,2013-12-29,-6
01-705-1377,SNV,Single Nucleotide Variation,GENOTYPE,C/C,C/C,C/C,6,TREM2,GENE WITH PROTEIN PRODUCT,6:41161514,rs75932628,SCREENING 1,2013-12-29,-6
01-705-1377,SNV,Single Nucleotide Variation,GENOTYPE,C/C,C/C,C/C,19,CD33,GENE WITH PROTEIN PRODUCT,19:51224706,rs3865444,SCREENING 1,2013-12-29,-6
01-705-1382,SNV,Single Nucleotide Variation,GENOTYPE,T/T,T/T,T/T,19,APOE,GENE WITH PROTEIN PRODUCT,19:44908684,rs429358,SCREENING 1,2013-05-09,-4
01-705-1382,SNV,Single Nucleotide Variation,GENOTYPE,C/C,C/C,C/C,19,APOE,GENE WITH PROTEIN PRODUCT,19:44908822,rs7412,SCREENING 1,2013-05-09,-4
01-705-1382,SNV,Single Nucleotide Variation,GENOTYPE,G/G,T/T,T/T,19,ABCA7,GENE WITH PROTEIN PRODUCT,19:1046521,rs3764650,SCREENING 1,2013-05-09,-4
01-705-1382,SNV,Single Nucleotide Variation,GENOTYPE,A/G,A/A,A/A,2,BIN1,GENE WITH PROTEIN PRODUCT,2:127137039,rs744373,SCREENING 1,2013-05-09,-4
01-705-1382,SNV,Single Nucleotide Variation,GENOTYPE,T/C,T/T,T/T,8,CLU,GENE WITH PROTEIN PRODUCT,8:27607002,rs11136000,SCREENING 1,2013-05-09,-4
01-705-1382,SNV,Single Nucleotide Variation,GENOTYPE,A/A,A/A,A/A,1,CR1,GENE WITH PROTEIN PRODUCT,1:207518704,rs6656401,SCREENING 1,2013-05-09,-4
01-705-1382,SNV,Single Nucleotide Variation,GENOTYPE,T/T,T/T,T/T,7,EPHA1,GENE WITH PROTEIN PRODUCT,7:143412046,rs11767557,SCREENING 1,2013-05-09,-4
01-705-1382,SNV,Single Nucleotide Variation,GENOTYPE,T/C,T/T,T/T,11,MS4A6A,GENE WITH PROTEIN PRODUCT,11:60171834,rs610932,SCREENING 1,2013-05-09,-4
01-705-1382,SNV,Single Nucleotide Variation,GENOTYPE,T/T,T/T,T/T,11,PICALM,GENE WITH PROTEIN PRODUCT,11:86157598,rs3851179,SCREENING 1,2013-05-09,-4
01-705-1382,SNV,Single Nucleotide Variation,GENOTYPE,T/T,T/T,T/T,11,SORL1,GENE WITH PROTEIN PRODUCT,11:121564878,rs11218343,SCREENING 1,2013-05-09,-4
01-705-1382,SNV,Single Nucleotide Variation,GENOTYPE,C/C,C/C,C/C,6,TREM2,GENE WITH PROTEIN PRODUCT,6:41161514,rs75932628,SCREENING 1,2013-05-09,-4
01-705-1382,SNV,Single Nucleotide Variation,GENOTYPE,C/C,C/C,C/C,19,CD33,GENE WITH PROTEIN PRODUCT,19:51224706,rs3865444,SCREENING 1,2013-05-09,-4
01-705-1393,SNV,Single Nucleotide Variation,GENOTYPE,T/T,T/T,T/T,19,APOE,GENE WITH PROTEIN PRODUCT,19:44908684,rs429358,SCREENING 1,2012-09-02,-5
01-705-1393,SNV,Single Nucleotide Variation,GENOTYPE,C/C,C/C,C/C,19,APOE,GENE WITH PROTEIN PRODUCT,19:44908822,rs7412,SCREENING 1,2012-09-02,-5
01-705-1393,SNV,Single Nucleotide Variation,GENOTYPE,T/T,T/T,T/T,19,ABCA7,GENE WITH PROTEIN PRODUCT,19:1046521,rs3764650,SCREENING 1,2012-09-02,-5
01-705-1393,SNV,Single Nucleotide Variation,GENOTYPE,A/G,A/A,A/A,2,BIN1,GENE WITH PROTEIN PRODUCT,2:127137039,rs744373,SCREENING 1,2012-09-02,-5
01-705-1393,SNV,Single Nucleotide Variation,GENOTYPE,T/T,T/T,T/T,8,CLU,GENE WITH PROTEIN PRODUCT,8:27607002,rs11136000,SCREENING 1,2012-09-02,-5
01-705-1393,SNV,Single Nucleotide Variation,GENOTYPE,A/G,A/A,A/A,1,CR1,GENE WITH PROTEIN PRODUCT,1:207518704,rs6656401,SCREENING 1,2012-09-02,-5
01-705-1393,SNV,Single Nucleotide Variation,GENOTYPE,T/T,T/T,T/T,7,EPHA1,GENE WITH PROTEIN PRODUCT,7:143412046,rs11767557,SCREENING 1,2012-09-02,-5
01-705-1393,SNV,Single Nucleotide Variation,GENOTYPE,T/T,T/T,T/T,11,MS4A6A,GENE WITH PROTEIN PRODUCT,11:60171834,rs610932,SCREENING 1,2012-09-02,-5
01-705-1393,SNV,Single Nucleotide Variation,GENOTYPE,C/C,T/T,T/T,11,PICALM,GENE WITH PROTEIN PRODUCT,11:86157598,rs3851179,SCREENING 1,2012-09-02,-5
01-705-1393,SNV,Single Nucleotide Variation,GENOTYPE,T/T,T/T,T/T,11,SORL1,GENE WITH PROTEIN PRODUCT,11:121564878,rs11218343,SCREENING 1,2012-09-02,-5
01-705-1393,SNV,Single Nucleotide Variation,GENOTYPE,C/C,C/C,C/C,6,TREM2,GENE WITH PROTEIN PRODUCT,6:41161514,rs75932628,SCREENING 1,2012-09-02,-5
01-705-1393,SNV,Single Nucleotide Variation,GENOTYPE,A/A,C/C,C/C,19,CD33,GENE WITH PROTEIN PRODUCT,19:51224706,rs3865444,SCREENING 1,2012-09-02,-5
01-705-1431,SNV,Single Nucleotide Variation,GENOTYPE,T/C,T/T,T/T,19,APOE,GENE WITH PROTEIN PRODUCT,19:44908684,rs429358,SCREENING 1,2013-06-16,-7
01-705-1431,SNV,Single Nucleotide Variation,GENOTYPE,C/C,C/C,C/C,19,APOE,GENE WITH PROTEIN PRODUCT,19:44908822,rs7412,SCREENING 1,2013-06-16,-7
01-705-1431,SNV,Single Nucleotide Variation,GENOTYPE,T/G,T/T,T/T,19,ABCA7,GENE WITH PROTEIN PRODUCT,19:1046521,rs3764650,SCREENING 1,2013-06-16,-7
01-705-1431,SNV,Single Nucleotide Variation,GENOTYPE,A/G,A/A,A/A,2,BIN1,GENE WITH PROTEIN PRODUCT,2:127137039,rs744373,SCREENING 1,2013-06-16,-7
01-705-1431,SNV,Single Nucleotide Variation,GENOTYPE,T/T,T/T,T/T,8,CLU,GENE WITH PROTEIN PRODUCT,8:27607002,rs11136000,SCREENING 1,2013-06-16,-7
01-705-1431,SNV,Single Nucleotide Variation,GENOTYPE,A/A,A/A,A/A,1,CR1,GENE WITH PROTEIN PRODUCT,1:207518704,rs6656401,SCREENING 1,2013-06-16,-7
01-705-1431,SNV,Single Nucleotide Variation,GENOTYPE,T/T,T/T,T/T,7,EPHA1,GENE WITH PROTEIN PRODUCT,7:143412046,rs11767557,SCREENING 1,2013-06-16,-7
01-705-1431,SNV,Single Nucleotide Variation,GENOTYPE,T/C,T/T,T/T,11,MS4A6A,GENE WITH PROTEIN PRODUCT,11:60171834,rs610932,SCREENING 1,2013-06-16,-7
01-705-1431,SNV,Single Nucleotide Variation,GENOTYPE,T/T,T/T,T/T,11,PICALM,GENE WITH PROTEIN PRODUCT,11:86157598,rs3851179,SCREENING 1,2013-06-16,-7
01-705-1431,SNV,Single Nucleotide Variation,GENOTYPE,T/C,T/T,T/T,11,SORL1,GENE WITH PROTEIN PRODUCT,11:121564878,rs11218343,SCREENING 1,2013-06-16,-7
01-705-1431,SNV,Single Nucleotide Variation,GENOTYPE,C/C,C/C,C/C,6,TREM2,GENE WITH PROTEIN PRODUCT,6:41161514,rs75932628,SCREENING 1,2013-06-16,-7
01-705-1431,SNV,Single Nucleotide Variation,GENOTYPE,A/A,C/C,C/C,19,CD33,GENE WITH PROTEIN PRODUCT,19:51224706,rs3865444,SCREENING 1,2013-06-16,-7
01-706-1041,SNV,Single Nucleotide Variation,GENOTYPE,T/C,T/T,T/T,19,APOE,GENE WITH PROTEIN PRODUCT,19:44908684,rs429358,SCREENING 1,2013-12-21,-10
01-706-1041,SNV,Single Nucleotide Variation,GENOTYPE,C/T,C/C,C/C,19,APOE,GENE WITH PROTEIN PRODUCT,19:44908822,rs7412,SCREENING 1,2013-12-21,-10
01-706-1041,SNV,Single Nucleotide Variation,GENOTYPE,T/T,T/T,T/T,19,ABCA7,GENE WITH PROTEIN PRODUCT,19:1046521,rs3764650,SCREENING 1,2013-12-21,-10
01-706-1041,SNV,Single Nucleotide Variation,GENOTYPE,A/G,A/A,A/A,2,BIN1,GENE WITH PROTEIN PRODUCT,2:127137039,rs744373,SCREENING 1,2013-12-21,-10
01-706-1041,SNV,Single Nucleotide Variation,GENOTYPE,T/T,T/T,T/T,8,CLU,GENE WITH PROTEIN PRODUCT,8:27607002,rs11136000,SCREENING 1,2013-12-21,-10
01-706-1041,SNV,Single Nucleotide Variation,GENOTYPE,A/G,A/A,A/A,1,CR1,GENE WITH PROTEIN PRODUCT,1:207518704,rs6656401,SCREENING 1,2013-12-21,-10
01-706-1041,SNV,Single Nucleotide Variation,GENOTYPE,T/T,T/T,T/T,7,EPHA1,GENE WITH PROTEIN PRODUCT,7:143412046,rs11767557,SCREENING 1,2013-12-21,-10
01-706-1041,SNV,Single Nucleotide Variation,GENOTYPE,T/T,T/T,T/T,11,MS4A6A,GENE WITH PROTEIN PRODUCT,11:60171834,rs610932,SCREENING 1,2013-12-21,-10
01-706-1041,SNV,Single Nucleotide Variation,GENOTYPE,T/C,T/T,T/T,11,PICALM,GENE WITH PROTEIN PRODUCT,11:86157598,rs3851179,SCREENING 1,2013-12-21,-10
01-706-1041,SNV,Single Nucleotide Variation,GENOTYPE,T/T,T/T,T/T,11,SORL1,GENE WITH PROTEIN PRODUCT,11:121564878,rs11218343,SCREENING 1,2013-12-21,-10
01-706-1041,SNV,Single Nucleotide Variation,GENOTYPE,C/C,C/C,C/C,6,TREM2,GENE WITH PROTEIN PRODUCT,6:41161514,rs75932628,SCREENING 1,2013-12-21,-10
01-706-1041,SNV,Single Nucleotide Variation,GENOTYPE,C/C,C/C,C/C,19,CD33,GENE WITH PROTEIN PRODUCT,19:51224706,rs3865444,SCREENING 1,2013-12-21,-10
01-706-1049,SNV,Single Nucleotide Variation,GENOTYPE,C/C,T/T,T/T,19,APOE,GENE WITH PROTEIN PRODUCT,19:44908684,rs429358,SCREENING 1,2013-04-30,-14
01-706-1049,SNV,Single Nucleotide Variation,GENOTYPE,C/C,C/C,C/C,19,APOE,GENE WITH PROTEIN PRODUCT,19:44908822,rs7412,SCREENING 1,2013-04-30,-14
01-706-1049,SNV,Single Nucleotide Variation,GENOTYPE,T/T,T/T,T/T,19,ABCA7,GENE WITH PROTEIN PRODUCT,19:1046521,rs3764650,SCREENING 1,2013-04-30,-14
01-706-1049,SNV,Single Nucleotide Variation,GENOTYPE,A/A,A/A,A/A,2,BIN1,GENE WITH PROTEIN PRODUCT,2:127137039,rs744373,SCREENING 1,2013-04-30,-14
01-706-1049,SNV,Single Nucleotide Variation,GENOTYPE,C/C,T/T,T/T,8,CLU,GENE WITH PROTEIN PRODUCT,8:27607002,rs11136000,SCREENING 1,2013-04-30,-14
01-706-1049,SNV,Single Nucleotide Variation,GENOTYPE,A/A,A/A,A/A,1,CR1,GENE WITH PROTEIN PRODUCT,1:207518704,rs6656401,SCREENING 1,2013-04-30,-14
01-706-1049,SNV,Single Nucleotide Variation,GENOTYPE,T/T,T/T,T/T,7,EPHA1,GENE WITH PROTEIN PRODUCT,7:143412046,rs11767557,SCREENING 1,2013-04-30,-14
01-706-1049,SNV,Single Nucleotide Variation,GENOTYPE,C/C,T/T,T/T,11,MS4A6A,GENE WITH PROTEIN PRODUCT,11:60171834,rs610932,SCREENING 1,2013-04-30,-14
01-706-1049,SNV,Single Nucleotide Variation,GENOTYPE,T/T,T/T,T/T,11,PICALM,GENE WITH PROTEIN PRODUCT,11:86157598,rs3851179,SCREENING 1,2013-04-30,-14
01-706-1049,SNV,Single Nucleotide Variation,GENOTYPE,T/T,T/T,T/T,11,SORL1,GENE WITH PROTEIN PRODUCT,11:121564878,rs11218343,SCREENING 1,2013-04-30,-14
01-706-1049,SNV,Single Nucleotide Variation,GENOTYPE,C/C,C/C,C/C,6,TREM2,GENE WITH PROTEIN PRODUCT,6:41161514,rs75932628,SCREENING 1,2013-04-30,-14
01-706-1049,SNV,Single Nucleotide Variation,GENOTYPE,C/A,C/C,C/C,19,CD33,GENE WITH PROTEIN PRODUCT,19:51224706,rs3865444,SCREENING 1,2013-04-30,-14
01-706-1384,SNV,Single Nucleotide Variation,GENOTYPE,T/T,T/T,T/T,19,APOE,GENE WITH PROTEIN PRODUCT,19:44908684,rs429358,SCREENING 1,2012-08-25,-21
01-706-1384,SNV,Single Nucleotide Variation,GENOTYPE,C/T,C/C,C/C,19,APOE,GENE WITH PROTEIN PRODUCT,19:44908822,rs7412,SCREENING 1,2012-08-25,-21
01-706-1384,SNV,Single Nucleotide Variation,GENOTYPE,T/T,T/T,T/T,19,ABCA7,GENE WITH PROTEIN PRODUCT,19:1046521,rs3764650,SCREENING 1,2012-08-25,-21
01-706-1384,SNV,Single Nucleotide Variation,GENOTYPE,A/A,A/A,A/A,2,BIN1,GENE WITH PROTEIN PRODUCT,2:127137039,rs744373,SCREENING 1,2012-08-25,-21
01-706-1384,SNV,Single Nucleotide Variation,GENOTYPE,T/T,T/T,T/T,8,CLU,GENE WITH PROTEIN PRODUCT,8:27607002,rs11136000,SCREENING 1,2012-08-25,-21
01-706-1384,SNV,Single Nucleotide Variation,GENOTYPE,A/A,A/A,A/A,1,CR1,GENE WITH PROTEIN PRODUCT,1:207518704,rs6656401,SCREENING 1,2012-08-25,-21
01-706-1384,SNV,Single Nucleotide Variation,GENOTYPE,T/T,T/T,T/T,7,EPHA1,GENE WITH PROTEIN PRODUCT,7:143412046,rs11767557,SCREENING 1,2012-08-25,-21
01-706-1384,SNV,Single Nucleotide Variation,GENOTYPE,T/T,T/T,T/T,11,MS4A6A,GENE WITH PROTEIN PRODUCT,11:60171834,rs610932,SCREENING 1,2012-08-25,-21
01-706-1384,SNV,Single Nucleotide Variation,GENOTYPE,T/T,T/T,T/T,11,PICALM,GENE WITH PROTEIN PRODUCT,11:86157598,rs3851179,SCREENING 1,2012-08-25,-21
01-706-1384,SNV,Single Nucleotide Variation,GENOTYPE,C/C,T/T,T/T,11,SORL1,GENE WITH PROTEIN PRODUCT,11:121564878,rs11218343,SCREENING 1,2012-08-25,-21
01-706-1384,SNV,Single Nucleotide Variation,GENOTYPE,C/C,C/C,C/C,6,TREM2,GENE WITH PROTEIN PRODUCT,6:41161514,rs75932628,SCREENING 1,2012-08-25,-21
01-706-1384,SNV,Single Nucleotide Variation,GENOTYPE,C/A,C/C,C/C,19,CD33,GENE WITH PROTEIN PRODUCT,19:51224706,rs3865444,SCREENING 1,2012-08-25,-21
01-707-1037,SNV,Single Nucleotide Variation,GENOTYPE,T/T,T/T,T/T,19,APOE,GENE WITH PROTEIN PRODUCT,19:44908684,rs429358,SCREENING 1,2013-12-12,-8
01-707-1037,SNV,Single Nucleotide Variation,GENOTYPE,C/C,C/C,C/C,19,APOE,GENE WITH PROTEIN PRODUCT,19:44908822,rs7412,SCREENING 1,2013-12-12,-8
01-707-1037,SNV,Single Nucleotide Variation,GENOTYPE,T/T,T/T,T/T,19,ABCA7,GENE WITH PROTEIN PRODUCT,19:1046521,rs3764650,SCREENING 1,2013-12-12,-8
01-707-1037,SNV,Single Nucleotide Variation,GENOTYPE,G/G,A/A,A/A,2,BIN1,GENE WITH PROTEIN PRODUCT,2:127137039,rs744373,SCREENING 1,2013-12-12,-8
01-707-1037,SNV,Single Nucleotide Variation,GENOTYPE,C/C,T/T,T/T,8,CLU,GENE WITH PROTEIN PRODUCT,8:27607002,rs11136000,SCREENING 1,2013-12-12,-8
01-707-1037,SNV,Single Nucleotide Variation,GENOTYPE,A/A,A/A,A/A,1,CR1,GENE WITH PROTEIN PRODUCT,1:207518704,rs6656401,SCREENING 1,2013-12-12,-8
01-707-1037,SNV,Single Nucleotide Variation,GENOTYPE,T/C,T/T,T/T,7,EPHA1,GENE WITH PROTEIN PRODUCT,7:143412046,rs11767557,SCREENING 1,2013-12-12,-8
01-707-1037,SNV,Single Nucleotide Variation,GENOTYPE,C/C,T/T,T/T,11,MS4A6A,GENE WITH PROTEIN PRODUCT,11:60171834,rs610932,SCREENING 1,2013-12-12,-8
01-707-1037,SNV,Single Nucleotide Variation,GENOTYPE,T/C,T/T,T/T,11,PICALM,GENE WITH PROTEIN PRODUCT,11:86157598,rs3851179,SCREENING 1,2013-12-12,-8
01-707-1037,SNV,Single Nucleotide Variation,GENOTYPE,T/T,T/T,T/T,11,SORL1,GENE WITH PROTEIN PRODUCT,11:121564878,rs11218343,SCREENING 1,2013-12-12,-8
01-707-1037,SNV,Single Nucleotide Variation,GENOTYPE,C/C,C/C,C/C,6,TREM2,GENE WITH PROTEIN PRODUCT,6:41161514,rs75932628,SCREENING 1,2013-12-12,-8
01-707-1037,SNV,Single Nucleotide Variation,GENOTYPE,C/A,C/C,C/C,19,CD33,GENE WITH PROTEIN PRODUCT,19:51224706,rs3865444,SCREENING 1,2013-12-12,-8
01-707-1206,SNV,Single Nucleotide Variation,GENOTYPE,T/T,T/T,T/T,19,APOE,GENE WITH PROTEIN PRODUCT,19:44908684,rs429358,SCREENING 1,2013-10-20,-8
01-707-1206,SNV,Single Nucleotide Variation,GENOTYPE,C/C,C/C,C/C,19,APOE,GENE WITH PROTEIN PRODUCT,19:44908822,rs7412,SCREENING 1,2013-10-20,-8
01-707-1206,SNV,Single Nucleotide Variation,GENOTYPE,T/G,T/T,T/T,19,ABCA7,GENE WITH PROTEIN PRODUCT,19:1046521,rs3764650,SCREENING 1,2013-10-20,-8
01-707-1206,SNV,Single Nucleotide Variation,GENOTYPE,A/A,A/A,A/A,2,BIN1,GENE WITH PROTEIN PRODUCT,2:127137039,rs744373,SCREENING 1,2013-10-20,-8
01-707-1206,SNV,Single Nucleotide Variation,GENOTYPE,T/C,T/T,T/T,8,CLU,GENE WITH PROTEIN PRODUCT,8:27607002,rs11136000,SCREENING 1,2013-10-20,-8
01-707-1206,SNV,Single Nucleotide Variation,GENOTYPE,A/A,A/A,A/A,1,CR1,GENE WITH PROTEIN PRODUCT,1:207518704,rs6656401,SCREENING 1,2013-10-20,-8
01-707-1206,SNV,Single Nucleotide Variation,GENOTYPE,T/T,T/T,T/T,7,EPHA1,GENE WITH PROTEIN PRODUCT,7:143412046,rs11767557,SCREENING 1,2013-10-20,-8
01-707-1206,SNV,Single Nucleotide Variation,GENOTYPE,T/T,T/T,T/T,11,MS4A6A,GENE WITH PROTEIN PRODUCT,11:60171834,rs610932,SCREENING 1,2013-10-20,-8
01-707-1206,SNV,Single Nucleotide Variation,GENOTYPE,T/T,T/T,T/T,11,PICALM,GENE WITH PROTEIN PRODUCT,11:86157598,rs3851179,SCREENING 1,2013-10-20,-8
01-707-1206,SNV,Single Nucleotide Variation,GENOTYPE,T/T,T/T,T/T,11,SORL1,GENE WITH PROTEIN PRODUCT,11:121564878,rs11218343,SCREENING 1,2013-10-20,-8
01-707-1206,SNV,Single Nucleotide Variation,GENOTYPE,C/C,C/C,C/C,6,TREM2,GENE WITH PROTEIN PRODUCT,6:41161514,rs75932628,SCREENING 1,2013-10-20,-8
01-707-1206,SNV,Single Nucleotide Variation,GENOTYPE,C/C,C/C,C/C,19,CD33,GENE WITH PROTEIN PRODUCT,19:51224706,rs3865444,SCREENING 1,2013-10-20,-8
01-708-1019,SNV,Single Nucleotide Variation,GENOTYPE,T/T,T/T,T/T,19,APOE,GENE WITH PROTEIN PRODUCT,19:44908684,rs429358,SCREENING 1,2013-12-10,-10
01-708-1019,SNV,Single Nucleotide Variation,GENOTYPE,C/T,C/C,C/C,19,APOE,GENE WITH PROTEIN PRODUCT,19:44908822,rs7412,SCREENING 1,2013-12-10,-10
01-708-1019,SNV,Single Nucleotide Variation,GENOTYPE,T/G,T/T,T/T,19,ABCA7,GENE WITH PROTEIN PRODUCT,19:1046521,rs3764650,SCREENING 1,2013-12-10,-10
01-708-1019,SNV,Single Nucleotide Variation,GENOTYPE,A/A,A/A,A/A,2,BIN1,GENE WITH PROTEIN PRODUCT,2:127137039,rs744373,SCREENING 1,2013-12-10,-10
01-708-1019,SNV,Single Nucleotide Variation,GENOTYPE,T/C,T/T,T/T,8,CLU,GENE WITH PROTEIN PRODUCT,8:27607002,rs11136000,SCREENING 1,2013-12-10,-10
01-708-1019,SNV,Single Nucleotide Variation,GENOTYPE,A/A,A/A,A/A,1,CR1,GENE WITH PROTEIN PRODUCT,1:207518704,rs6656401,SCREENING 1,2013-12-10,-10
01-708-1019,SNV,Single Nucleotide Variation,GENOTYPE,T/T,T/T,T/T,7,EPHA1,GENE WITH PROTEIN PRODUCT,7:143412046,rs11767557,SCREENING 1,2013-12-10,-10
01-708-1019,SNV,Single Nucleotide Variation,GENOTYPE,C/C,T/T,T/T,11,MS4A6A,GENE WITH PROTEIN PRODUCT,11:60171834,rs610932,SCREENING 1,2013-12-10,-10
01-708-1019,SNV,Single Nucleotide Variation,GENOTYPE,T/C,T/T,T/T,11,PICALM,GENE WITH PROTEIN PRODUCT,11:86157598,rs3851179,SCREENING 1,2013-12-10,-10
01-708-1019,SNV,Single Nucleotide Variation,GENOTYPE,T/T,T/T,T/T,11,SORL1,GENE WITH PROTEIN PRODUCT,11:121564878,rs11218343,SCREENING 1,2013-12-10,-10
01-708-1019,SNV,Single Nucleotide Variation,GENOTYPE,C/C,C/C,C/C,6,TREM2,GENE WITH PROTEIN PRODUCT,6:41161514,rs75932628,SCREENING 1,2013-12-10,-10
01-708-1019,SNV,Single Nucleotide Variation,GENOTYPE,C/A,C/C,C/C,19,CD33,GENE WITH PROTEIN PRODUCT,19:51224706,rs3865444,SCREENING 1,2013-12-10,-10
01-708-1032,SNV,Single Nucleotide Variation,GENOTYPE,T/C,T/T,T/T,19,APOE,GENE WITH PROTEIN PRODUCT,19:44908684,rs429358,SCREENING 1,2013-02-02,-7
01-708-1032,SNV,Single Nucleotide Variation,GENOTYPE,C/C,C/C,C/C,19,APOE,GENE WITH PROTEIN PRODUCT,19:44908822,rs7412,SCREENING 1,2013-02-02,-7
01-708-1032,SNV,Single Nucleotide Variation,GENOTYPE,T/T,T/T,T/T,19,ABCA7,GENE WITH PROTEIN PRODUCT,19:1046521,rs3764650,SCREENING 1,2013-02-02,-7
01-708-1032,SNV,Single Nucleotide Variation,GENOTYPE,A/A,A/A,A/A,2,BIN1,GENE WITH PROTEIN PRODUCT,2:127137039,rs744373,SCREENING 1,2013-02-02,-7
01-708-1032,SNV,Single Nucleotide Variation,GENOTYPE,T/C,T/T,T/T,8,CLU,GENE WITH PROTEIN PRODUCT,8:27607002,rs11136000,SCREENING 1,2013-02-02,-7
01-708-1032,SNV,Single Nucleotide Variation,GENOTYPE,A/G,A/A,A/A,1,CR1,GENE WITH PROTEIN PRODUCT,1:207518704,rs6656401,SCREENING 1,2013-02-02,-7
01-708-1032,SNV,Single Nucleotide Variation,GENOTYPE,T/T,T/T,T/T,7,EPHA1,GENE WITH PROTEIN PRODUCT,7:143412046,rs11767557,SCREENING 1,2013-02-02,-7
01-708-1032,SNV,Single Nucleotide Variation,GENOTYPE,T/T,T/T,T/T,11,MS4A6A,GENE WITH PROTEIN PRODUCT,11:60171834,rs610932,SCREENING 1,2013-02-02,-7
01-708-1032,SNV,Single Nucleotide Variation,GENOTYPE,T/T,T/T,T/T,11,PICALM,GENE WITH PROTEIN PRODUCT,11:86157598,rs3851179,SCREENING 1,2013-02-02,-7
01-708-1032,SNV,Single Nucleotide Variation,GENOTYPE,T/T,T/T,T/T,11,SORL1,GENE WITH PROTEIN PRODUCT,11:121564878,rs11218343,SCREENING 1,2013-02-02,-7
01-708-1032,SNV,Single Nucleotide Variation,GENOTYPE,C/C,C/C,C/C,6,TREM2,GENE WITH PROTEIN PRODUCT,6:41161514,rs75932628,SCREENING 1,2013-02-02,-7
01-708-1032,SNV,Single Nucleotide Variation,GENOTYPE,C/C,C/C,C/C,19,CD33,GENE WITH PROTEIN PRODUCT,19:51224706,rs3865444,SCREENING 1,2013-02-02,-7
01-708-1084,SNV,Single Nucleotide Variation,GENOTYPE,T/T,T/T,T/T,19,APOE,GENE WITH PROTEIN PRODUCT,19:44908684,rs429358,SCREENING 1,2013-05-01,-8
01-708-1084,SNV,Single Nucleotide Variation,GENOTYPE,C/C,C/C,C/C,19,APOE,GENE WITH PROTEIN PRODUCT,19:44908822,rs7412,SCREENING 1,2013-05-01,-8
01-708-1084,SNV,Single Nucleotide Variation,GENOTYPE,T/G,T/T,T/T,19,ABCA7,GENE WITH PROTEIN PRODUCT,19:1046521,rs3764650,SCREENING 1,2013-05-01,-8
01-708-1084,SNV,Single Nucleotide Variation,GENOTYPE,G/G,A/A,A/A,2,BIN1,GENE WITH PROTEIN PRODUCT,2:127137039,rs744373,SCREENING 1,2013-05-01,-8
01-708-1084,SNV,Single Nucleotide Variation,GENOTYPE,T/C,T/T,T/T,8,CLU,GENE WITH PROTEIN PRODUCT,8:27607002,rs11136000,SCREENING 1,2013-05-01,-8
01-708-1084,SNV,Single Nucleotide Variation,GENOTYPE,A/G,A/A,A/A,1,CR1,GENE WITH PROTEIN PRODUCT,1:207518704,rs6656401,SCREENING 1,2013-05-01,-8
01-708-1084,SNV,Single Nucleotide Variation,GENOTYPE,C/C,T/T,T/T,7,EPHA1,GENE WITH PROTEIN PRODUCT,7:143412046,rs11767557,SCREENING 1,2013-05-01,-8
01-708-1084,SNV,Single Nucleotide Variation,GENOTYPE,T/T,T/T,T/T,11,MS4A6A,GENE WITH PROTEIN PRODUCT,11:60171834,rs610932,SCREENING 1,2013-05-01,-8
01-708-1084,SNV,Single Nucleotide Variation,GENOTYPE,T/T,T/T,T/T,11,PICALM,GENE WITH PROTEIN PRODUCT,11:86157598,rs3851179,SCREENING 1,2013-05-01,-8
01-708-1084,SNV,Single Nucleotide Variation,GENOTYPE,T/T,T/T,T/T,11,SORL1,GENE WITH PROTEIN PRODUCT,11:121564878,rs11218343,SCREENING 1,2013-05-01,-8
01-708-1084,SNV,Single Nucleotide Variation,GENOTYPE,C/C,C/C,C/C,6,TREM2,GENE WITH PROTEIN PRODUCT,6:41161514,rs75932628,SCREENING 1,2013-05-01,-8
01-708-1084,SNV,Single Nucleotide Variation,GENOTYPE,A/A,C/C,C/C,19,CD33,GENE WITH PROTEIN PRODUCT,19:51224706,rs3865444,SCREENING 1,2013-05-01,-8
01-708-1087,SNV,Single Nucleotide Variation,GENOTYPE,T/C,T/T,T/T,19,APOE,GENE WITH PROTEIN PRODUCT,19:44908684,rs429358,SCREENING 1,2012-10-06,-16
01-708-1087,SNV,Single Nucleotide Variation,GENOTYPE,C/C,C/C,C/C,19,APOE,GENE WITH PROTEIN PRODUCT,19:44908822,rs7412,SCREENING 1,2012-10-06,-16
01-708-1087,SNV,Single Nucleotide Variation,GENOTYPE,T/G,T/T,T/T,19,ABCA7,GENE WITH PROTEIN PRODUCT,19:1046521,rs3764650,SCREENING 1,2012-10-06,-16
01-708-1087,SNV,Single Nucleotide Variation,GENOTYPE,A/G,A/A,A/A,2,BIN1,GENE WITH PROTEIN PRODUCT,2:127137039,rs744373,SCREENING 1,2012-10-06,-16
01-708-1087,SNV,Single Nucleotide Variation,GENOTYPE,T/C,T/T,T/T,8,CLU,GENE WITH PROTEIN PRODUCT,8:27607002,rs11136000,SCREENING 1,2012-10-06,-16
01-708-1087,SNV,Single Nucleotide Variation,GENOTYPE,A/G,A/A,A/A,1,CR1,GENE WITH PROTEIN PRODUCT,1:207518704,rs6656401,SCREENING 1,2012-10-06,-16
01-708-1087,SNV,Single Nucleotide Variation,GENOTYPE,T/T,T/T,T/T,7,EPHA1,GENE WITH PROTEIN PRODUCT,7:143412046,rs11767557,SCREENING 1,2012-10-06,-16
01-708-1087,SNV,Single Nucleotide Variation,GENOTYPE,T/C,T/T,T/T,11,MS4A6A,GENE WITH PROTEIN PRODUCT,11:60171834,rs610932,SCREENING 1,2012-10-06,-16
01-708-1087,SNV,Single Nucleotide Variation,GENOTYPE,T/T,T/T,T/T,11,PICALM,GENE WITH PROTEIN PRODUCT,11:86157598,rs3851179,SCREENING 1,2012-10-06,-16
01-708-1087,SNV,Single Nucleotide Variation,GENOTYPE,T/C,T/T,T/T,11,SORL1,GENE WITH PROTEIN PRODUCT,11:121564878,rs11218343,SCREENING 1,2012-10-06,-16
01-708-1087,SNV,Single Nucleotide Variation,GENOTYPE,C/C,C/C,C/C,6,TREM2,GENE WITH PROTEIN PRODUCT,6:41161514,rs75932628,SCREENING 1,2012-10-06,-16
01-708-1087,SNV,Single Nucleotide Variation,GENOTYPE,C/C,C/C,C/C,19,CD33,GENE WITH PROTEIN PRODUCT,19:51224706,rs3865444,SCREENING 1,2012-10-06,-16
01-708-1158,SNV,Single Nucleotide Variation,GENOTYPE,T/T,T/T,T/T,19,APOE,GENE WITH PROTEIN PRODUCT,19:44908684,rs429358,SCREENING 1,2014-02-01,-7
01-708-1158,SNV,Single Nucleotide Variation,GENOTYPE,C/C,C/C,C/C,19,APOE,GENE WITH PROTEIN PRODUCT,19:44908822,rs7412,SCREENING 1,2014-02-01,-7
01-708-1158,SNV,Single Nucleotide Variation,GENOTYPE,T/T,T/T,T/T,19,ABCA7,GENE WITH PROTEIN PRODUCT,19:1046521,rs3764650,SCREENING 1,2014-02-01,-7
01-708-1158,SNV,Single Nucleotide Variation,GENOTYPE,A/G,A/A,A/A,2,BIN1,GENE WITH PROTEIN PRODUCT,2:127137039,rs744373,SCREENING 1,2014-02-01,-7
01-708-1158,SNV,Single Nucleotide Variation,GENOTYPE,T/C,T/T,T/T,8,CLU,GENE WITH PROTEIN PRODUCT,8:27607002,rs11136000,SCREENING 1,2014-02-01,-7
01-708-1158,SNV,Single Nucleotide Variation,GENOTYPE,A/G,A/A,A/A,1,CR1,GENE WITH PROTEIN PRODUCT,1:207518704,rs6656401,SCREENING 1,2014-02-01,-7
01-708-1158,SNV,Single Nucleotide Variation,GENOTYPE,T/C,T/T,T/T,7,EPHA1,GENE WITH PROTEIN PRODUCT,7:143412046,rs11767557,SCREENING 1,2014-02-01,-7
01-708-1158,SNV,Single Nucleotide Variation,GENOTYPE,T/T,T/T,T/T,11,MS4A6A,GENE WITH PROTEIN PRODUCT,11:60171834,rs610932,SCREENING 1,2014-02-01,-7
01-708-1158,SNV,Single Nucleotide Variation,GENOTYPE,T/C,T/T,T/T,11,PICALM,GENE WITH PROTEIN PRODUCT,11:86157598,rs3851179,SCREENING 1,2014-02-01,-7
01-708-1158,SNV,Single Nucleotide Variation,GENOTYPE,T/T,T/T,T/T,11,SORL1,GENE WITH PROTEIN PRODUCT,11:121564878,rs11218343,SCREENING 1,2014-02-01,-7
01-708-1158,SNV,Single Nucleotide Variation,GENOTYPE,C/C,C/C,C/C,6,TREM2,GENE WITH PROTEIN PRODUCT,6:41161514,rs75932628,SCREENING 1,2014-02-01,-7
01-708-1158,SNV,Single Nucleotide Variation,GENOTYPE,A/A,C/C,C/C,19,CD33,GENE WITH PROTEIN PRODUCT,19:51224706,rs3865444,SCREENING 1,2014-02-01,-7
01-708-1171,SNV,Single Nucleotide Variation,GENOTYPE,T/T,T/T,T/T,19,APOE,GENE WITH PROTEIN PRODUCT,19:44908684,rs429358,SCREENING 1,2012-11-25,-11
01-708-1171,SNV,Single Nucleotide Variation,GENOTYPE,C/T,C/C,C/C,19,APOE,GENE WITH PROTEIN PRODUCT,19:44908822,rs7412,SCREENING 1,2012-11-25,-11
01-708-1171,SNV,Single Nucleotide Variation,GENOTYPE,T/T,T/T,T/T,19,ABCA7,GENE WITH PROTEIN PRODUCT,19:1046521,rs3764650,SCREENING 1,2012-11-25,-11
01-708-1171,SNV,Single Nucleotide Variation,GENOTYPE,G/G,A/A,A/A,2,BIN1,GENE WITH PROTEIN PRODUCT,2:127137039,rs744373,SCREENING 1,2012-11-25,-11
01-708-1171,SNV,Single Nucleotide Variation,GENOTYPE,T/C,T/T,T/T,8,CLU,GENE WITH PROTEIN PRODUCT,8:27607002,rs11136000,SCREENING 1,2012-11-25,-11
01-708-1171,SNV,Single Nucleotide Variation,GENOTYPE,A/A,A/A,A/A,1,CR1,GENE WITH PROTEIN PRODUCT,1:207518704,rs6656401,SCREENING 1,2012-11-25,-11
01-708-1171,SNV,Single Nucleotide Variation,GENOTYPE,T/C,T/T,T/T,7,EPHA1,GENE WITH PROTEIN PRODUCT,7:143412046,rs11767557,SCREENING 1,2012-11-25,-11
01-708-1171,SNV,Single Nucleotide Variation,GENOTYPE,T/T,T/T,T/T,11,MS4A6A,GENE WITH PROTEIN PRODUCT,11:60171834,rs610932,SCREENING 1,2012-11-25,-11
01-708-1171,SNV,Single Nucleotide Variation,GENOTYPE,T/C,T/T,T/T,11,PICALM,GENE WITH PROTEIN PRODUCT,11:86157598,rs3851179,SCREENING 1,2012-11-25,-11
01-708-1171,SNV,Single Nucleotide Variation,GENOTYPE,T/C,T/T,T/T,11,SORL1,GENE WITH PROTEIN PRODUCT,11:121564878,rs11218343,SCREENING 1,2012-11-25,-11
01-708-1171,SNV,Single Nucleotide Variation,GENOTYPE,C/C,C/C,C/C,6,TREM2,GENE WITH PROTEIN PRODUCT,6:41161514,rs75932628,SCREENING 1,2012-11-25,-11
01-708-1171,SNV,Single Nucleotide Variation,GENOTYPE,C/C,C/C,C/C,19,CD33,GENE WITH PROTEIN PRODUCT,19:51224706,rs3865444,SCREENING 1,2012-11-25,-11
01-708-1178,SNV,Single Nucleotide Variation,GENOTYPE,T/T,T/T,T/T,19,APOE,GENE WITH PROTEIN PRODUCT,19:44908684,rs429358,SCREENING 1,2013-12-13,-16
01-708-1178,SNV,Single Nucleotide Variation,GENOTYPE,C/C,C/C,C/C,19,APOE,GENE WITH PROTEIN PRODUCT,19:44908822,rs7412,SCREENING 1,2013-12-13,-16
01-708-1178,SNV,Single Nucleotide Variation,GENOTYPE,T/T,T/T,T/T,19,ABCA7,GENE WITH PROTEIN PRODUCT,19:1046521,rs3764650,SCREENING 1,2013-12-13,-16
01-708-1178,SNV,Single Nucleotide Variation,GENOTYPE,A/A,A/A,A/A,2,BIN1,GENE WITH PROTEIN PRODUCT,2:127137039,rs744373,SCREENING 1,2013-12-13,-16
01-708-1178,SNV,Single Nucleotide Variation,GENOTYPE,T/C,T/T,T/T,8,CLU,GENE WITH PROTEIN PRODUCT,8:27607002,rs11136000,SCREENING 1,2013-12-13,-16
01-708-1178,SNV,Single Nucleotide Variation,GENOTYPE,A/A,A/A,A/A,1,CR1,GENE WITH PROTEIN PRODUCT,1:207518704,rs6656401,SCREENING 1,2013-12-13,-16
01-708-1178,SNV,Single Nucleotide Variation,GENOTYPE,T/C,T/T,T/T,7,EPHA1,GENE WITH PROTEIN PRODUCT,7:143412046,rs11767557,SCREENING 1,2013-12-13,-16
01-708-1178,SNV,Single Nucleotide Variation,GENOTYPE,T/C,T/T,T/T,11,MS4A6A,GENE WITH PROTEIN PRODUCT,11:60171834,rs610932,SCREENING 1,2013-12-13,-16
01-708-1178,SNV,Single Nucleotide Variation,GENOTYPE,C/C,T/T,T/T,11,PICALM,GENE WITH PROTEIN PRODUCT,11:86157598,rs3851179,SCREENING 1,2013-12-13,-16
01-708-1178,SNV,Single Nucleotide Variation,GENOTYPE,T/C,T/T,T/T,11,SORL1,GENE WITH PROTEIN PRODUCT,11:121564878,rs11218343,SCREENING 1,2013-12-13,-16
01-708-1178,SNV,Single Nucleotide Variation,GENOTYPE,C/C,C/C,C/C,6,TREM2,GENE WITH PROTEIN PRODUCT,6:41161514,rs75932628,SCREENING 1,2013-12-13,-16
01-708-1178,SNV,Single Nucleotide Variation,GENOTYPE,C/A,C/C,C/C,19,CD33,GENE WITH PROTEIN PRODUCT,19:51224706,rs3865444,SCREENING 1,2013-12-13,-16
01-708-1213,SNV,Single Nucleotide Variation,GENOTYPE,T/C,T/T,T/T,19,APOE,GENE WITH PROTEIN PRODUCT,19:44908684,rs429358,SCREENING 1,2013-02-01,-8
01-708-1213,SNV,Single Nucleotide Variation,GENOTYPE,C/C,C/C,C/C,19,APOE,GENE WITH PROTEIN PRODUCT,19:44908822,rs7412,SCREENING 1,2013-02-01,-8
01-708-1213,SNV,Single Nucleotide Variation,GENOTYPE,T/T,T/T,T/T,19,ABCA7,GENE WITH PROTEIN PRODUCT,19:1046521,rs3764650,SCREENING 1,2013-02-01,-8
01-708-1213,SNV,Single Nucleotide Variation,GENOTYPE,A/A,A/A,A/A,2,BIN1,GENE WITH PROTEIN PRODUCT,2:127137039,rs744373,SCREENING 1,2013-02-01,-8
01-708-1213,SNV,Single Nucleotide Variation,GENOTYPE,T/C,T/T,T/T,8,CLU,GENE WITH PROTEIN PRODUCT,8:27607002,rs11136000,SCREENING 1,2013-02-01,-8
01-708-1213,SNV,Single Nucleotide Variation,GENOTYPE,A/A,A/A,A/A,1,CR1,GENE WITH PROTEIN PRODUCT,1:207518704,rs6656401,SCREENING 1,2013-02-01,-8
01-708-1213,SNV,Single Nucleotide Variation,GENOTYPE,T/T,T/T,T/T,7,EPHA1,GENE WITH PROTEIN PRODUCT,7:143412046,rs11767557,SCREENING 1,2013-02-01,-8
01-708-1213,SNV,Single Nucleotide Variation,GENOTYPE,T/C,T/T,T/T,11,MS4A6A,GENE WITH PROTEIN PRODUCT,11:60171834,rs610932,SCREENING 1,2013-02-01,-8
01-708-1213,SNV,Single Nucleotide Variation,GENOTYPE,T/T,T/T,T/T,11,PICALM,GENE WITH PROTEIN PRODUCT,11:86157598,rs3851179,SCREENING 1,2013-02-01,-8
01-708-1213,SNV,Single Nucleotide Variation,GENOTYPE,T/T,T/T,T/T,11,SORL1,GENE WITH PROTEIN PRODUCT,11:121564878,rs11218343,SCREENING 1,2013-02-01,-8
01-708-1213,SNV,Single Nucleotide Variation,GENOTYPE,C/C,C/C,C/C,6,TREM2,GENE WITH PROTEIN PRODUCT,6:41161514,rs75932628,SCREENING 1,2013-02-01,-8
01-708-1213,SNV,Single Nucleotide Variation,GENOTYPE,C/C,C/C,C/C,19,CD33,GENE WITH PROTEIN PRODUCT,19:51224706,rs3865444,SCREENING 1,2013-02-01,-8
01-708-1216,SNV,Single Nucleotide Variation,GENOTYPE,T/T,T/T,T/T,19,APOE,GENE WITH PROTEIN PRODUCT,19:44908684,rs429358,SCREENING 1,2012-10-14,-10
01-708-1216,SNV,Single Nucleotide Variation,GENOTYPE,C/C,C/C,C/C,19,APOE,GENE WITH PROTEIN PRODUCT,19:44908822,rs7412,SCREENING 1,2012-10-14,-10
01-708-1216,SNV,Single Nucleotide Variation,GENOTYPE,T/T,T/T,T/T,19,ABCA7,GENE WITH PROTEIN PRODUCT,19:1046521,rs3764650,SCREENING 1,2012-10-14,-10
01-708-1216,SNV,Single Nucleotide Variation,GENOTYPE,A/A,A/A,A/A,2,BIN1,GENE WITH PROTEIN PRODUCT,2:127137039,rs744373,SCREENING 1,2012-10-14,-10
01-708-1216,SNV,Single Nucleotide Variation,GENOTYPE,T/C,T/T,T/T,8,CLU,GENE WITH PROTEIN PRODUCT,8:27607002,rs11136000,SCREENING 1,2012-10-14,-10
01-708-1216,SNV,Single Nucleotide Variation,GENOTYPE,A/A,A/A,A/A,1,CR1,GENE WITH PROTEIN PRODUCT,1:207518704,rs6656401,SCREENING 1,2012-10-14,-10
01-708-1216,SNV,Single Nucleotide Variation,GENOTYPE,T/C,T/T,T/T,7,EPHA1,GENE WITH PROTEIN PRODUCT,7:143412046,rs11767557,SCREENING 1,2012-10-14,-10
01-708-1216,SNV,Single Nucleotide Variation,GENOTYPE,T/T,T/T,T/T,11,MS4A6A,GENE WITH PROTEIN PRODUCT,11:60171834,rs610932,SCREENING 1,2012-10-14,-10
01-708-1216,SNV,Single Nucleotide Variation,GENOTYPE,T/T,T/T,T/T,11,PICALM,GENE WITH PROTEIN PRODUCT,11:86157598,rs3851179,SCREENING 1,2012-10-14,-10
01-708-1216,SNV,Single Nucleotide Variation,GENOTYPE,T/T,T/T,T/T,11,SORL1,GENE WITH PROTEIN PRODUCT,11:121564878,rs11218343,SCREENING 1,2012-10-14,-10
01-708-1216,SNV,Single Nucleotide Variation,GENOTYPE,C/C,C/C,C/C,6,TREM2,GENE WITH PROTEIN PRODUCT,6:41161514,rs75932628,SCREENING 1,2012-10-14,-10
01-708-1216,SNV,Single Nucleotide Variation,GENOTYPE,C/C,C/C,C/C,19,CD33,GENE WITH PROTEIN PRODUCT,19:51224706,rs3865444,SCREENING 1,2012-10-14,-10
01-708-1236,SNV,Single Nucleotide Variation,GENOTYPE,T/T,T/T,T/T,19,APOE,GENE WITH PROTEIN PRODUCT,19:44908684,rs429358,SCREENING 1,2013-09-08,-13
01-708-1236,SNV,Single Nucleotide Variation,GENOTYPE,C/C,C/C,C/C,19,APOE,GENE WITH PROTEIN PRODUCT,19:44908822,rs7412,SCREENING 1,2013-09-08,-13
01-708-1236,SNV,Single Nucleotide Variation,GENOTYPE,T/G,T/T,T/T,19,ABCA7,GENE WITH PROTEIN PRODUCT,19:1046521,rs3764650,SCREENING 1,2013-09-08,-13
01-708-1236,SNV,Single Nucleotide Variation,GENOTYPE,A/A,A/A,A/A,2,BIN1,GENE WITH PROTEIN PRODUCT,2:127137039,rs744373,SCREENING 1,2013-09-08,-13
01-708-1236,SNV,Single Nucleotide Variation,GENOTYPE,T/T,T/T,T/T,8,CLU,GENE WITH PROTEIN PRODUCT,8:27607002,rs11136000,SCREENING 1,2013-09-08,-13
01-708-1236,SNV,Single Nucleotide Variation,GENOTYPE,A/A,A/A,A/A,1,CR1,GENE WITH PROTEIN PRODUCT,1:207518704,rs6656401,SCREENING 1,2013-09-08,-13
01-708-1236,SNV,Single Nucleotide Variation,GENOTYPE,T/T,T/T,T/T,7,EPHA1,GENE WITH PROTEIN PRODUCT,7:143412046,rs11767557,SCREENING 1,2013-09-08,-13
01-708-1236,SNV,Single Nucleotide Variation,GENOTYPE,T/C,T/T,T/T,11,MS4A6A,GENE WITH PROTEIN PRODUCT,11:60171834,rs610932,SCREENING 1,2013-09-08,-13
01-708-1236,SNV,Single Nucleotide Variation,GENOTYPE,T/T,T/T,T/T,11,PICALM,GENE WITH PROTEIN PRODUCT,11:86157598,rs3851179,SCREENING 1,2013-09-08,-13
01-708-1236,SNV,Single Nucleotide Variation,GENOTYPE,T/T,T/T,T/T,11,SORL1,GENE WITH PROTEIN PRODUCT,11:121564878,rs11218343,SCREENING 1,2013-09-08,-13
01-708-1236,SNV,Single Nucleotide Variation,GENOTYPE,C/C,C/C,C/C,6,TREM2,GENE WITH PROTEIN PRODUCT,6:41161514,rs75932628,SCREENING 1,2013-09-08,-13
01-708-1236,SNV,Single Nucleotide Variation,GENOTYPE,C/C,C/C,C/C,19,CD33,GENE WITH PROTEIN PRODUCT,19:51224706,rs3865444,SCREENING 1,2013-09-08,-13
01-708-1253,SNV,Single Nucleotide Variation,GENOTYPE,T/T,T/T,T/T,19,APOE,GENE WITH PROTEIN PRODUCT,19:44908684,rs429358,SCREENING 1,2013-04-26,-11
01-708-1253,SNV,Single Nucleotide Variation,GENOTYPE,C/C,C/C,C/C,19,APOE,GENE WITH PROTEIN PRODUCT,19:44908822,rs7412,SCREENING 1,2013-04-26,-11
01-708-1253,SNV,Single Nucleotide Variation,GENOTYPE,T/T,T/T,T/T,19,ABCA7,GENE WITH PROTEIN PRODUCT,19:1046521,rs3764650,SCREENING 1,2013-04-26,-11
01-708-1253,SNV,Single Nucleotide Variation,GENOTYPE,A/G,A/A,A/A,2,BIN1,GENE WITH PROTEIN PRODUCT,2:127137039,rs744373,SCREENING 1,2013-04-26,-11
01-708-1253,SNV,Single Nucleotide Variation,GENOTYPE,T/C,T/T,T/T,8,CLU,GENE WITH PROTEIN PRODUCT,8:27607002,rs11136000,SCREENING 1,2013-04-26,-11
01-708-1253,SNV,Single Nucleotide Variation,GENOTYPE,A/A,A/A,A/A,1,CR1,GENE WITH PROTEIN PRODUCT,1:207518704,rs6656401,SCREENING 1,2013-04-26,-11
01-708-1253,SNV,Single Nucleotide Variation,GENOTYPE,T/C,T/T,T/T,7,EPHA1,GENE WITH PROTEIN PRODUCT,7:143412046,rs11767557,SCREENING 1,2013-04-26,-11
01-708-1253,SNV,Single Nucleotide Variation,GENOTYPE,T/T,T/T,T/T,11,MS4A6A,GENE WITH PROTEIN PRODUCT,11:60171834,rs610932,SCREENING 1,2013-04-26,-11
01-708-1253,SNV,Single Nucleotide Variation,GENOTYPE,C/C,T/T,T/T,11,PICALM,GENE WITH PROTEIN PRODUCT,11:86157598,rs3851179,SCREENING 1,2013-04-26,-11
01-708-1253,SNV,Single Nucleotide Variation,GENOTYPE,T/C,T/T,T/T,11,SORL1,GENE WITH PROTEIN PRODUCT,11:121564878,rs11218343,SCREENING 1,2013-04-26,-11
01-708-1253,SNV,Single Nucleotide Variation,GENOTYPE,C/C,C/C,C/C,6,TREM2,GENE WITH PROTEIN PRODUCT,6:41161514,rs75932628,SCREENING 1,2013-04-26,-11
01-708-1253,SNV,Single Nucleotide Variation,GENOTYPE,C/A,C/C,C/C,19,CD33,GENE WITH PROTEIN PRODUCT,19:51224706,rs3865444,SCREENING 1,2013-04-26,-11
01-708-1272,SNV,Single Nucleotide Variation,GENOTYPE,T/C,T/T,T/T,19,APOE,GENE WITH PROTEIN PRODUCT,19:44908684,rs429358,SCREENING 1,2013-01-22,-15
01-708-1272,SNV,Single Nucleotide Variation,GENOTYPE,C/C,C/C,C/C,19,APOE,GENE WITH PROTEIN PRODUCT,19:44908822,rs7412,SCREENING 1,2013-01-22,-15
01-708-1272,SNV,Single Nucleotide Variation,GENOTYPE,T/T,T/T,T/T,19,ABCA7,GENE WITH PROTEIN PRODUCT,19:1046521,rs3764650,SCREENING 1,2013-01-22,-15
01-708-1272,SNV,Single Nucleotide Variation,GENOTYPE,A/A,A/A,A/A,2,BIN1,GENE WITH PROTEIN PRODUCT,2:127137039,rs744373,SCREENING 1,2013-01-22,-15
01-708-1272,SNV,Single Nucleotide Variation,GENOTYPE,T/T,T/T,T/T,8,CLU,GENE WITH PROTEIN PRODUCT,8:27607002,rs11136000,SCREENING 1,2013-01-22,-15
01-708-1272,SNV,Single Nucleotide Variation,GENOTYPE,A/G,A/A,A/A,1,CR1,GENE WITH PROTEIN PRODUCT,1:207518704,rs6656401,SCREENING 1,2013-01-22,-15
01-708-1272,SNV,Single Nucleotide Variation,GENOTYPE,T/C,T/T,T/T,7,EPHA1,GENE WITH PROTEIN PRODUCT,7:143412046,rs11767557,SCREENING 1,2013-01-22,-15
01-708-1272,SNV,Single Nucleotide Variation,GENOTYPE,C/C,T/T,T/T,11,MS4A6A,GENE WITH PROTEIN PRODUCT,11:60171834,rs610932,SCREENING 1,2013-01-22,-15
01-708-1272,SNV,Single Nucleotide Variation,GENOTYPE,T/T,T/T,T/T,11,PICALM,GENE WITH PROTEIN PRODUCT,11:86157598,rs3851179,SCREENING 1,2013-01-22,-15
01-708-1272,SNV,Single Nucleotide Variation,GENOTYPE,T/T,T/T,T/T,11,SORL1,GENE WITH PROTEIN PRODUCT,11:121564878,rs11218343,SCREENING 1,2013-01-22,-15
01-708-1272,SNV,Single Nucleotide Variation,GENOTYPE,C/C,C/C,C/C,6,TREM2,GENE WITH PROTEIN PRODUCT,6:41161514,rs75932628,SCREENING 1,2013-01-22,-15
01-708-1272,SNV,Single Nucleotide Variation,GENOTYPE,C/C,C/C,C/C,19,CD33,GENE WITH PROTEIN PRODUCT,19:51224706,rs3865444,SCREENING 1,2013-01-22,-15
01-708-1286,SNV,Single Nucleotide Variation,GENOTYPE,T/C,T/T,T/T,19,APOE,GENE WITH PROTEIN PRODUCT,19:44908684,rs429358,SCREENING 1,2013-08-25,-16
01-708-1286,SNV,Single Nucleotide Variation,GENOTYPE,C/C,C/C,C/C,19,APOE,GENE WITH PROTEIN PRODUCT,19:44908822,rs7412,SCREENING 1,2013-08-25,-16
01-708-1286,SNV,Single Nucleotide Variation,GENOTYPE,T/G,T/T,T/T,19,ABCA7,GENE WITH PROTEIN PRODUCT,19:1046521,rs3764650,SCREENING 1,2013-08-25,-16
01-708-1286,SNV,Single Nucleotide Variation,GENOTYPE,G/G,A/A,A/A,2,BIN1,GENE WITH PROTEIN PRODUCT,2:127137039,rs744373,SCREENING 1,2013-08-25,-16
01-708-1286,SNV,Single Nucleotide Variation,GENOTYPE,C/C,T/T,T/T,8,CLU,GENE WITH PROTEIN PRODUCT,8:27607002,rs11136000,SCREENING 1,2013-08-25,-16
01-708-1286,SNV,Single Nucleotide Variation,GENOTYPE,A/A,A/A,A/A,1,CR1,GENE WITH PROTEIN PRODUCT,1:207518704,rs6656401,SCREENING 1,2013-08-25,-16
01-708-1286,SNV,Single Nucleotide Variation,GENOTYPE,T/T,T/T,T/T,7,EPHA1,GENE WITH PROTEIN PRODUCT,7:143412046,rs11767557,SCREENING 1,2013-08-25,-16
01-708-1286,SNV,Single Nucleotide Variation,GENOTYPE,T/T,T/T,T/T,11,MS4A6A,GENE WITH PROTEIN PRODUCT,11:60171834,rs610932,SCREENING 1,2013-08-25,-16
01-708-1286,SNV,Single Nucleotide Variation,GENOTYPE,T/T,T/T,T/T,11,PICALM,GENE WITH PROTEIN PRODUCT,11:86157598,rs3851179,SCREENING 1,2013-08-25,-16
01-708-1286,SNV,Single Nucleotide Variation,GENOTYPE,T/T,T/T,T/T,11,SORL1,GENE WITH PROTEIN PRODUCT,11:121564878,rs11218343,SCREENING 1,2013-08-25,-16
01-708-1286,SNV,Single Nucleotide Variation,GENOTYPE,C/C,C/C,C/C,6,TREM2,GENE WITH PROTEIN PRODUCT,6:41161514,rs75932628,SCREENING 1,2013-08-25,-16
01-708-1286,SNV,Single Nucleotide Variation,GENOTYPE,C/C,C/C,C/C,19,CD33,GENE WITH PROTEIN PRODUCT,19:51224706,rs3865444,SCREENING 1,2013-08-25,-16
01-708-1296,SNV,Single Nucleotide Variation,GENOTYPE,T/C,T/T,T/T,19,APOE,GENE WITH PROTEIN PRODUCT,19:44908684,rs429358,SCREENING 1,2013-06-07,-7
01-708-1296,SNV,Single Nucleotide Variation,GENOTYPE,C/C,C/C,C/C,19,APOE,GENE WITH PROTEIN PRODUCT,19:44908822,rs7412,SCREENING 1,2013-06-07,-7
01-708-1296,SNV,Single Nucleotide Variation,GENOTYPE,T/T,T/T,T/T,19,ABCA7,GENE WITH PROTEIN PRODUCT,19:1046521,rs3764650,SCREENING 1,2013-06-07,-7
01-708-1296,SNV,Single Nucleotide Variation,GENOTYPE,A/G,A/A,A/A,2,BIN1,GENE WITH PROTEIN PRODUCT,2:127137039,rs744373,SCREENING 1,2013-06-07,-7
01-708-1296,SNV,Single Nucleotide Variation,GENOTYPE,T/T,T/T,T/T,8,CLU,GENE WITH PROTEIN PRODUCT,8:27607002,rs11136000,SCREENING 1,2013-06-07,-7
01-708-1296,SNV,Single Nucleotide Variation,GENOTYPE,A/G,A/A,A/A,1,CR1,GENE WITH PROTEIN PRODUCT,1:207518704,rs6656401,SCREENING 1,2013-06-07,-7
01-708-1296,SNV,Single Nucleotide Variation,GENOTYPE,T/C,T/T,T/T,7,EPHA1,GENE WITH PROTEIN PRODUCT,7:143412046,rs11767557,SCREENING 1,2013-06-07,-7
01-708-1296,SNV,Single Nucleotide Variation,GENOTYPE,T/T,T/T,T/T,11,MS4A6A,GENE WITH PROTEIN PRODUCT,11:60171834,rs610932,SCREENING 1,2013-06-07,-7
01-708-1296,SNV,Single Nucleotide Variation,GENOTYPE,T/C,T/T,T/T,11,PICALM,GENE WITH PROTEIN PRODUCT,11:86157598,rs3851179,SCREENING 1,2013-06-07,-7
01-708-1296,SNV,Single Nucleotide Variation,GENOTYPE,T/C,T/T,T/T,11,SORL1,GENE WITH PROTEIN PRODUCT,11:121564878,rs11218343,SCREENING 1,2013-06-07,-7
01-708-1296,SNV,Single Nucleotide Variation,GENOTYPE,C/C,C/C,C/C,6,TREM2,GENE WITH PROTEIN PRODUCT,6:41161514,rs75932628,SCREENING 1,2013-06-07,-7
01-708-1296,SNV,Single Nucleotide Variation,GENOTYPE,C/A,C/C,C/C,19,CD33,GENE WITH PROTEIN PRODUCT,19:51224706,rs3865444,SCREENING 1,2013-06-07,-7
01-708-1297,SNV,Single Nucleotide Variation,GENOTYPE,T/T,T/T,T/T,19,APOE,GENE WITH PROTEIN PRODUCT,19:44908684,rs429358,SCREENING 1,2013-01-15,-10
01-708-1297,SNV,Single Nucleotide Variation,GENOTYPE,C/T,C/C,C/C,19,APOE,GENE WITH PROTEIN PRODUCT,19:44908822,rs7412,SCREENING 1,2013-01-15,-10
01-708-1297,SNV,Single Nucleotide Variation,GENOTYPE,T/T,T/T,T/T,19,ABCA7,GENE WITH PROTEIN PRODUCT,19:1046521,rs3764650,SCREENING 1,2013-01-15,-10
01-708-1297,SNV,Single Nucleotide Variation,GENOTYPE,A/G,A/A,A/A,2,BIN1,GENE WITH PROTEIN PRODUCT,2:127137039,rs744373,SCREENING 1,2013-01-15,-10
01-708-1297,SNV,Single Nucleotide Variation,GENOTYPE,T/T,T/T,T/T,8,CLU,GENE WITH PROTEIN PRODUCT,8:27607002,rs11136000,SCREENING 1,2013-01-15,-10
01-708-1297,SNV,Single Nucleotide Variation,GENOTYPE,A/A,A/A,A/A,1,CR1,GENE WITH PROTEIN PRODUCT,1:207518704,rs6656401,SCREENING 1,2013-01-15,-10
01-708-1297,SNV,Single Nucleotide Variation,GENOTYPE,T/T,T/T,T/T,7,EPHA1,GENE WITH PROTEIN PRODUCT,7:143412046,rs11767557,SCREENING 1,2013-01-15,-10
01-708-1297,SNV,Single Nucleotide Variation,GENOTYPE,T/T,T/T,T/T,11,MS4A6A,GENE WITH PROTEIN PRODUCT,11:60171834,rs610932,SCREENING 1,2013-01-15,-10
01-708-1297,SNV,Single Nucleotide Variation,GENOTYPE,T/T,T/T,T/T,11,PICALM,GENE WITH PROTEIN PRODUCT,11:86157598,rs3851179,SCREENING 1,2013-01-15,-10
01-708-1297,SNV,Single Nucleotide Variation,GENOTYPE,T/T,T/T,T/T,11,SORL1,GENE WITH PROTEIN PRODUCT,11:121564878,rs11218343,SCREENING 1,2013-01-15,-10
01-708-1297,SNV,Single Nucleotide Variation,GENOTYPE,C/C,C/C,C/C,6,TREM2,GENE WITH PROTEIN PRODUCT,6:41161514,rs75932628,SCREENING 1,2013-01-15,-10
01-708-1297,SNV,Single Nucleotide Variation,GENOTYPE,C/A,C/C,C/C,19,CD33,GENE WITH PROTEIN PRODUCT,19:51224706,rs3865444,SCREENING 1,2013-01-15,-10
01-708-1316,SNV,Single Nucleotide Variation,GENOTYPE,T/T,T/T,T/T,19,APOE,GENE WITH PROTEIN PRODUCT,19:44908684,rs429358,SCREENING 1,2013-08-15,-8
01-708-1316,SNV,Single Nucleotide Variation,GENOTYPE,C/C,C/C,C/C,19,APOE,GENE WITH PROTEIN PRODUCT,19:44908822,rs7412,SCREENING 1,2013-08-15,-8
01-708-1316,SNV,Single Nucleotide Variation,GENOTYPE,T/T,T/T,T/T,19,ABCA7,GENE WITH PROTEIN PRODUCT,19:1046521,rs3764650,SCREENING 1,2013-08-15,-8
01-708-1316,SNV,Single Nucleotide Variation,GENOTYPE,A/A,A/A,A/A,2,BIN1,GENE WITH PROTEIN PRODUCT,2:127137039,rs744373,SCREENING 1,2013-08-15,-8
01-708-1316,SNV,Single Nucleotide Variation,GENOTYPE,C/C,T/T,T/T,8,CLU,GENE WITH PROTEIN PRODUCT,8:27607002,rs11136000,SCREENING 1,2013-08-15,-8
01-708-1316,SNV,Single Nucleotide Variation,GENOTYPE,A/G,A/A,A/A,1,CR1,GENE WITH PROTEIN PRODUCT,1:207518704,rs6656401,SCREENING 1,2013-08-15,-8
01-708-1316,SNV,Single Nucleotide Variation,GENOTYPE,T/T,T/T,T/T,7,EPHA1,GENE WITH PROTEIN PRODUCT,7:143412046,rs11767557,SCREENING 1,2013-08-15,-8
01-708-1316,SNV,Single Nucleotide Variation,GENOTYPE,T/T,T/T,T/T,11,MS4A6A,GENE WITH PROTEIN PRODUCT,11:60171834,rs610932,SCREENING 1,2013-08-15,-8
01-708-1316,SNV,Single Nucleotide Variation,GENOTYPE,C/C,T/T,T/T,11,PICALM,GENE WITH PROTEIN PRODUCT,11:86157598,rs3851179,SCREENING 1,2013-08-15,-8
01-708-1316,SNV,Single Nucleotide Variation,GENOTYPE,T/T,T/T,T/T,11,SORL1,GENE WITH PROTEIN PRODUCT,11:121564878,rs11218343,SCREENING 1,2013-08-15,-8
01-708-1316,SNV,Single Nucleotide Variation,GENOTYPE,C/C,C/C,C/C,6,TREM2,GENE WITH PROTEIN PRODUCT,6:41161514,rs75932628,SCREENING 1,2013-08-15,-8
01-708-1316,SNV,Single Nucleotide Variation,GENOTYPE,C/C,C/C,C/C,19,CD33,GENE WITH PROTEIN PRODUCT,19:51224706,rs3865444,SCREENING 1,2013-08-15,-8
01-708-1336,SNV,Single Nucleotide Variation,GENOTYPE,T/T,T/T,T/T,19,APOE,GENE WITH PROTEIN PRODUCT,19:44908684,rs429358,SCREENING 1,2012-11-21,-16
01-708-1336,SNV,Single Nucleotide Variation,GENOTYPE,C/C,C/C,C/C,19,APOE,GENE WITH PROTEIN PRODUCT,19:44908822,rs7412,SCREENING 1,2012-11-21,-16
01-708-1336,SNV,Single Nucleotide Variation,GENOTYPE,T/T,T/T,T/T,19,ABCA7,GENE WITH PROTEIN PRODUCT,19:1046521,rs3764650,SCREENING 1,2012-11-21,-16
01-708-1336,SNV,Single Nucleotide Variation,GENOTYPE,A/G,A/A,A/A,2,BIN1,GENE WITH PROTEIN PRODUCT,2:127137039,rs744373,SCREENING 1,2012-11-21,-16
01-708-1336,SNV,Single Nucleotide Variation,GENOTYPE,T/T,T/T,T/T,8,CLU,GENE WITH PROTEIN PRODUCT,8:27607002,rs11136000,SCREENING 1,2012-11-21,-16
01-708-1336,SNV,Single Nucleotide Variation,GENOTYPE,A/A,A/A,A/A,1,CR1,GENE WITH PROTEIN PRODUCT,1:207518704,rs6656401,SCREENING 1,2012-11-21,-16
01-708-1336,SNV,Single Nucleotide Variation,GENOTYPE,T/T,T/T,T/T,7,EPHA1,GENE WITH PROTEIN PRODUCT,7:143412046,rs11767557,SCREENING 1,2012-11-21,-16
01-708-1336,SNV,Single Nucleotide Variation,GENOTYPE,T/T,T/T,T/T,11,MS4A6A,GENE WITH PROTEIN PRODUCT,11:60171834,rs610932,SCREENING 1,2012-11-21,-16
01-708-1336,SNV,Single Nucleotide Variation,GENOTYPE,T/C,T/T,T/T,11,PICALM,GENE WITH PROTEIN PRODUCT,11:86157598,rs3851179,SCREENING 1,2012-11-21,-16
01-708-1336,SNV,Single Nucleotide Variation,GENOTYPE,T/T,T/T,T/T,11,SORL1,GENE WITH PROTEIN PRODUCT,11:121564878,rs11218343,SCREENING 1,2012-11-21,-16
01-708-1336,SNV,Single Nucleotide Variation,GENOTYPE,C/C,C/C,C/C,6,TREM2,GENE WITH PROTEIN PRODUCT,6:41161514,rs75932628,SCREENING 1,2012-11-21,-16
01-708-1336,SNV,Single Nucleotide Variation,GENOTYPE,C/C,C/C,C/C,19,CD33,GENE WITH PROTEIN PRODUCT,19:51224706,rs3865444,SCREENING 1,2012-11-21,-16
01-708-1342,SNV,Single Nucleotide Variation,GENOTYPE,T/T,T/T,T/T,19,APOE,GENE WITH PROTEIN PRODUCT,19:44908684,rs429358,SCREENING 1,2012-12-21,-8
01-708-1342,SNV,Single Nucleotide Variation,GENOTYPE,C/C,C/C,C/C,19,APOE,GENE WITH PROTEIN PRODUCT,19:44908822,rs7412,SCREENING 1,2012-12-21,-8
01-708-1342,SNV,Single Nucleotide Variation,GENOTYPE,T/T,T/T,T/T,19,ABCA7,GENE WITH PROTEIN PRODUCT,19:1046521,rs3764650,SCREENING 1,2012-12-21,-8
01-708-1342,SNV,Single Nucleotide Variation,GENOTYPE,A/A,A/A,A/A,2,BIN1,GENE WITH PROTEIN PRODUCT,2:127137039,rs744373,SCREENING 1,2012-12-21,-8
01-708-1342,SNV,Single Nucleotide Variation,GENOTYPE,T/C,T/T,T/T,8,CLU,GENE WITH PROTEIN PRODUCT,8:27607002,rs11136000,SCREENING 1,2012-12-21,-8
01-708-1342,SNV,Single Nucleotide Variation,GENOTYPE,G/G,A/A,A/A,1,CR1,GENE WITH PROTEIN PRODUCT,1:207518704,rs6656401,SCREENING 1,2012-12-21,-8
01-708-1342,SNV,Single Nucleotide Variation,GENOTYPE,T/T,T/T,T/T,7,EPHA1,GENE WITH PROTEIN PRODUCT,7:143412046,rs11767557,SCREENING 1,2012-12-21,-8
01-708-1342,SNV,Single Nucleotide Variation,GENOTYPE,T/C,T/T,T/T,11,MS4A6A,GENE WITH PROTEIN PRODUCT,11:60171834,rs610932,SCREENING 1,2012-12-21,-8
01-708-1342,SNV,Single Nucleotide Variation,GENOTYPE,T/C,T/T,T/T,11,PICALM,GENE WITH PROTEIN PRODUCT,11:86157598,rs3851179,SCREENING 1,2012-12-21,-8
01-708-1342,SNV,Single Nucleotide Variation,GENOTYPE,T/T,T/T,T/T,11,SORL1,GENE WITH PROTEIN PRODUCT,11:121564878,rs11218343,SCREENING 1,2012-12-21,-8
01-708-1342,SNV,Single Nucleotide Variation,GENOTYPE,C/C,C/C,C/C,6,TREM2,GENE WITH PROTEIN PRODUCT,6:41161514,rs75932628,SCREENING 1,2012-12-21,-8
01-708-1342,SNV,Single Nucleotide Variation,GENOTYPE,C/C,C/C,C/C,19,CD33,GENE WITH PROTEIN PRODUCT,19:51224706,rs3865444,SCREENING 1,2012-12-21,-8
01-708-1347,SNV,Single Nucleotide Variation,GENOTYPE,T/T,T/T,T/T,19,APOE,GENE WITH PROTEIN PRODUCT,19:44908684,rs429358,SCREENING 1,2013-04-11,-9
01-708-1347,SNV,Single Nucleotide Variation,GENOTYPE,C/C,C/C,C/C,19,APOE,GENE WITH PROTEIN PRODUCT,19:44908822,rs7412,SCREENING 1,2013-04-11,-9
01-708-1347,SNV,Single Nucleotide Variation,GENOTYPE,T/T,T/T,T/T,19,ABCA7,GENE WITH PROTEIN PRODUCT,19:1046521,rs3764650,SCREENING 1,2013-04-11,-9
01-708-1347,SNV,Single Nucleotide Variation,GENOTYPE,A/A,A/A,A/A,2,BIN1,GENE WITH PROTEIN PRODUCT,2:127137039,rs744373,SCREENING 1,2013-04-11,-9
01-708-1347,SNV,Single Nucleotide Variation,GENOTYPE,T/C,T/T,T/T,8,CLU,GENE WITH PROTEIN PRODUCT,8:27607002,rs11136000,SCREENING 1,2013-04-11,-9
01-708-1347,SNV,Single Nucleotide Variation,GENOTYPE,A/G,A/A,A/A,1,CR1,GENE WITH PROTEIN PRODUCT,1:207518704,rs6656401,SCREENING 1,2013-04-11,-9
01-708-1347,SNV,Single Nucleotide Variation,GENOTYPE,T/C,T/T,T/T,7,EPHA1,GENE WITH PROTEIN PRODUCT,7:143412046,rs11767557,SCREENING 1,2013-04-11,-9
01-708-1347,SNV,Single Nucleotide Variation,GENOTYPE,T/T,T/T,T/T,11,MS4A6A,GENE WITH PROTEIN PRODUCT,11:60171834,rs610932,SCREENING 1,2013-04-11,-9
01-708-1347,SNV,Single Nucleotide Variation,GENOTYPE,T/C,T/T,T/T,11,PICALM,GENE WITH PROTEIN PRODUCT,11:86157598,rs3851179,SCREENING 1,2013-04-11,-9
01-708-1347,SNV,Single Nucleotide Variation,GENOTYPE,T/T,T/T,T/T,11,SORL1,GENE WITH PROTEIN PRODUCT,11:121564878,rs11218343,SCREENING 1,2013-04-11,-9
01-708-1347,SNV,Single Nucleotide Variation,GENOTYPE,C/C,C/C,C/C,6,TREM2,GENE WITH PROTEIN PRODUCT,6:41161514,rs75932628,SCREENING 1,2013-04-11,-9
01-708-1347,SNV,Single Nucleotide Variation,GENOTYPE,C/C,C/C,C/C,19,CD33,GENE WITH PROTEIN PRODUCT,19:51224706,rs3865444,SCREENING 1,2013-04-11,-9
01-708-1348,SNV,Single Nucleotide Variation,GENOTYPE,T/T,T/T,T/T,19,APOE,GENE WITH PROTEIN PRODUCT,19:44908684,rs429358,SCREENING 1,2013-07-28,-8
01-708-1348,SNV,Single Nucleotide Variation,GENOTYPE,C/C,C/C,C/C,19,APOE,GENE WITH PROTEIN PRODUCT,19:44908822,rs7412,SCREENING 1,2013-07-28,-8
01-708-1348,SNV,Single Nucleotide Variation,GENOTYPE,T/T,T/T,T/T,19,ABCA7,GENE WITH PROTEIN PRODUCT,19:1046521,rs3764650,SCREENING 1,2013-07-28,-8
01-708-1348,SNV,Single Nucleotide Variation,GENOTYPE,A/A,A/A,A/A,2,BIN1,GENE WITH PROTEIN PRODUCT,2:127137039,rs744373,SCREENING 1,2013-07-28,-8
01-708-1348,SNV,Single Nucleotide Variation,GENOTYPE,T/T,T/T,T/T,8,CLU,GENE WITH PROTEIN PRODUCT,8:27607002,rs11136000,SCREENING 1,2013-07-28,-8
01-708-1348,SNV,Single Nucleotide Variation,GENOTYPE,A/G,A/A,A/A,1,CR1,GENE WITH PROTEIN PRODUCT,1:207518704,rs6656401,SCREENING 1,2013-07-28,-8
01-708-1348,SNV,Single Nucleotide Variation,GENOTYPE,T/C,T/T,T/T,7,EPHA1,GENE WITH PROTEIN PRODUCT,7:143412046,rs11767557,SCREENING 1,2013-07-28,-8
01-708-1348,SNV,Single Nucleotide Variation,GENOTYPE,T/C,T/T,T/T,11,MS4A6A,GENE WITH PROTEIN PRODUCT,11:60171834,rs610932,SCREENING 1,2013-07-28,-8
01-708-1348,SNV,Single Nucleotide Variation,GENOTYPE,T/T,T/T,T/T,11,PICALM,GENE WITH PROTEIN PRODUCT,11:86157598,rs3851179,SCREENING 1,2013-07-28,-8
01-708-1348,SNV,Single Nucleotide Variation,GENOTYPE,T/T,T/T,T/T,11,SORL1,GENE WITH PROTEIN PRODUCT,11:121564878,rs11218343,SCREENING 1,2013-07-28,-8
01-708-1348,SNV,Single Nucleotide Variation,GENOTYPE,C/C,C/C,C/C,6,TREM2,GENE WITH PROTEIN PRODUCT,6:41161514,rs75932628,SCREENING 1,2013-07-28,-8
01-708-1348,SNV,Single Nucleotide Variation,GENOTYPE,C/C,C/C,C/C,19,CD33,GENE WITH PROTEIN PRODUCT,19:51224706,rs3865444,SCREENING 1,2013-07-28,-8
01-708-1353,SNV,Single Nucleotide Variation,GENOTYPE,T/C,T/T,T/T,19,APOE,GENE WITH PROTEIN PRODUCT,19:44908684,rs429358,SCREENING 1,2013-06-17,-17
01-708-1353,SNV,Single Nucleotide Variation,GENOTYPE,C/T,C/C,C/C,19,APOE,GENE WITH PROTEIN PRODUCT,19:44908822,rs7412,SCREENING 1,2013-06-17,-17
01-708-1353,SNV,Single Nucleotide Variation,GENOTYPE,T/T,T/T,T/T,19,ABCA7,GENE WITH PROTEIN PRODUCT,19:1046521,rs3764650,SCREENING 1,2013-06-17,-17
01-708-1353,SNV,Single Nucleotide Variation,GENOTYPE,G/G,A/A,A/A,2,BIN1,GENE WITH PROTEIN PRODUCT,2:127137039,rs744373,SCREENING 1,2013-06-17,-17
01-708-1353,SNV,Single Nucleotide Variation,GENOTYPE,C/C,T/T,T/T,8,CLU,GENE WITH PROTEIN PRODUCT,8:27607002,rs11136000,SCREENING 1,2013-06-17,-17
01-708-1353,SNV,Single Nucleotide Variation,GENOTYPE,A/G,A/A,A/A,1,CR1,GENE WITH PROTEIN PRODUCT,1:207518704,rs6656401,SCREENING 1,2013-06-17,-17
01-708-1353,SNV,Single Nucleotide Variation,GENOTYPE,T/C,T/T,T/T,7,EPHA1,GENE WITH PROTEIN PRODUCT,7:143412046,rs11767557,SCREENING 1,2013-06-17,-17
01-708-1353,SNV,Single Nucleotide Variation,GENOTYPE,T/C,T/T,T/T,11,MS4A6A,GENE WITH PROTEIN PRODUCT,11:60171834,rs610932,SCREENING 1,2013-06-17,-17
01-708-1353,SNV,Single Nucleotide Variation,GENOTYPE,T/C,T/T,T/T,11,PICALM,GENE WITH PROTEIN PRODUCT,11:86157598,rs3851179,SCREENING 1,2013-06-17,-17
01-708-1353,SNV,Single Nucleotide Variation,GENOTYPE,T/T,T/T,T/T,11,SORL1,GENE WITH PROTEIN PRODUCT,11:121564878,rs11218343,SCREENING 1,2013-06-17,-17
01-708-1353,SNV,Single Nucleotide Variation,GENOTYPE,C/C,C/C,C/C,6,TREM2,GENE WITH PROTEIN PRODUCT,6:41161514,rs75932628,SCREENING 1,2013-06-17,-17
01-708-1353,SNV,Single Nucleotide Variation,GENOTYPE,C/C,C/C,C/C,19,CD33,GENE WITH PROTEIN PRODUCT,19:51224706,rs3865444,SCREENING 1,2013-06-17,-17
01-708-1372,SNV,Single Nucleotide Variation,GENOTYPE,T/T,T/T,T/T,19,APOE,GENE WITH PROTEIN PRODUCT,19:44908684,rs429358,SCREENING 1,2013-04-03,-9
01-708-1372,SNV,Single Nucleotide Variation,GENOTYPE,C/C,C/C,C/C,19,APOE,GENE WITH PROTEIN PRODUCT,19:44908822,rs7412,SCREENING 1,2013-04-03,-9
01-708-1372,SNV,Single Nucleotide Variation,GENOTYPE,T/T,T/T,T/T,19,ABCA7,GENE WITH PROTEIN PRODUCT,19:1046521,rs3764650,SCREENING 1,2013-04-03,-9
01-708-1372,SNV,Single Nucleotide Variation,GENOTYPE,A/G,A/A,A/A,2,BIN1,GENE WITH PROTEIN PRODUCT,2:127137039,rs744373,SCREENING 1,2013-04-03,-9
01-708-1372,SNV,Single Nucleotide Variation,GENOTYPE,T/C,T/T,T/T,8,CLU,GENE WITH PROTEIN PRODUCT,8:27607002,rs11136000,SCREENING 1,2013-04-03,-9
01-708-1372,SNV,Single Nucleotide Variation,GENOTYPE,A/A,A/A,A/A,1,CR1,GENE WITH PROTEIN PRODUCT,1:207518704,rs6656401,SCREENING 1,2013-04-03,-9
01-708-1372,SNV,Single Nucleotide Variation,GENOTYPE,T/C,T/T,T/T,7,EPHA1,GENE WITH PROTEIN PRODUCT,7:143412046,rs11767557,SCREENING 1,2013-04-03,-9
01-708-1372,SNV,Single Nucleotide Variation,GENOTYPE,T/C,T/T,T/T,11,MS4A6A,GENE WITH PROTEIN PRODUCT,11:60171834,rs610932,SCREENING 1,2013-04-03,-9
01-708-1372,SNV,Single Nucleotide Variation,GENOTYPE,T/C,T/T,T/T,11,PICALM,GENE WITH PROTEIN PRODUCT,11:86157598,rs3851179,SCREENING 1,2013-04-03,-9
01-708-1372,SNV,Single Nucleotide Variation,GENOTYPE,T/T,T/T,T/T,11,SORL1,GENE WITH PROTEIN PRODUCT,11:121564878,rs11218343,SCREENING 1,2013-04-03,-9
01-708-1372,SNV,Single Nucleotide Variation,GENOTYPE,C/C,C/C,C/C,6,TREM2,GENE WITH PROTEIN PRODUCT,6:41161514,rs75932628,SCREENING 1,2013-04-03,-9
01-708-1372,SNV,Single Nucleotide Variation,GENOTYPE,C/A,C/C,C/C,19,CD33,GENE WITH PROTEIN PRODUCT,19:51224706,rs3865444,SCREENING 1,2013-04-03,-9
01-708-1378,SNV,Single Nucleotide Variation,GENOTYPE,T/T,T/T,T/T,19,APOE,GENE WITH PROTEIN PRODUCT,19:44908684,rs429358,SCREENING 1,2013-08-24,-10
01-708-1378,SNV,Single Nucleotide Variation,GENOTYPE,C/C,C/C,C/C,19,APOE,GENE WITH PROTEIN PRODUCT,19:44908822,rs7412,SCREENING 1,2013-08-24,-10
01-708-1378,SNV,Single Nucleotide Variation,GENOTYPE,T/T,T/T,T/T,19,ABCA7,GENE WITH PROTEIN PRODUCT,19:1046521,rs3764650,SCREENING 1,2013-08-24,-10
01-708-1378,SNV,Single Nucleotide Variation,GENOTYPE,G/G,A/A,A/A,2,BIN1,GENE WITH PROTEIN PRODUCT,2:127137039,rs744373,SCREENING 1,2013-08-24,-10
01-708-1378,SNV,Single Nucleotide Variation,GENOTYPE,T/T,T/T,T/T,8,CLU,GENE WITH PROTEIN PRODUCT,8:27607002,rs11136000,SCREENING 1,2013-08-24,-10
01-708-1378,SNV,Single Nucleotide Variation,GENOTYPE,A/G,A/A,A/A,1,CR1,GENE WITH PROTEIN PRODUCT,1:207518704,rs6656401,SCREENING 1,2013-08-24,-10
01-708-1378,SNV,Single Nucleotide Variation,GENOTYPE,T/T,T/T,T/T,7,EPHA1,GENE WITH PROTEIN PRODUCT,7:143412046,rs11767557,SCREENING 1,2013-08-24,-10
01-708-1378,SNV,Single Nucleotide Variation,GENOTYPE,T/C,T/T,T/T,11,MS4A6A,GENE WITH PROTEIN PRODUCT,11:60171834,rs610932,SCREENING 1,2013-08-24,-10
01-708-1378,SNV,Single Nucleotide Variation,GENOTYPE,T/C,T/T,T/T,11,PICALM,GENE WITH PROTEIN PRODUCT,11:86157598,rs3851179,SCREENING 1,2013-08-24,-10
01-708-1378,SNV,Single Nucleotide Variation,GENOTYPE,T/T,T/T,T/T,11,SORL1,GENE WITH PROTEIN PRODUCT,11:121564878,rs11218343,SCREENING 1,2013-08-24,-10
01-708-1378,SNV,Single Nucleotide Variation,GENOTYPE,C/C,C/C,C/C,6,TREM2,GENE WITH PROTEIN PRODUCT,6:41161514,rs75932628,SCREENING 1,2013-08-24,-10
01-708-1378,SNV,Single Nucleotide Variation,GENOTYPE,C/C,C/C,C/C,19,CD33,GENE WITH PROTEIN PRODUCT,19:51224706,rs3865444,SCREENING 1,2013-08-24,-10
01-708-1406,SNV,Single Nucleotide Variation,GENOTYPE,T/C,T/T,T/T,19,APOE,GENE WITH PROTEIN PRODUCT,19:44908684,rs429358,SCREENING 1,2013-12-06,-20
01-708-1406,SNV,Single Nucleotide Variation,GENOTYPE,C/C,C/C,C/C,19,APOE,GENE WITH PROTEIN PRODUCT,19:44908822,rs7412,SCREENING 1,2013-12-06,-20
01-708-1406,SNV,Single Nucleotide Variation,GENOTYPE,T/G,T/T,T/T,19,ABCA7,GENE WITH PROTEIN PRODUCT,19:1046521,rs3764650,SCREENING 1,2013-12-06,-20
01-708-1406,SNV,Single Nucleotide Variation,GENOTYPE,A/A,A/A,A/A,2,BIN1,GENE WITH PROTEIN PRODUCT,2:127137039,rs744373,SCREENING 1,2013-12-06,-20
01-708-1406,SNV,Single Nucleotide Variation,GENOTYPE,C/C,T/T,T/T,8,CLU,GENE WITH PROTEIN PRODUCT,8:27607002,rs11136000,SCREENING 1,2013-12-06,-20
01-708-1406,SNV,Single Nucleotide Variation,GENOTYPE,G/G,A/A,A/A,1,CR1,GENE WITH PROTEIN PRODUCT,1:207518704,rs6656401,SCREENING 1,2013-12-06,-20
01-708-1406,SNV,Single Nucleotide Variation,GENOTYPE,C/C,T/T,T/T,7,EPHA1,GENE WITH PROTEIN PRODUCT,7:143412046,rs11767557,SCREENING 1,2013-12-06,-20
01-708-1406,SNV,Single Nucleotide Variation,GENOTYPE,T/T,T/T,T/T,11,MS4A6A,GENE WITH PROTEIN PRODUCT,11:60171834,rs610932,SCREENING 1,2013-12-06,-20
01-708-1406,SNV,Single Nucleotide Variation,GENOTYPE,T/C,T/T,T/T,11,PICALM,GENE WITH PROTEIN PRODUCT,11:86157598,rs3851179,SCREENING 1,2013-12-06,-20
01-708-1406,SNV,Single Nucleotide Variation,GENOTYPE,T/T,T/T,T/T,11,SORL1,GENE WITH PROTEIN PRODUCT,11:121564878,rs11218343,SCREENING 1,2013-12-06,-20
01-708-1406,SNV,Single Nucleotide Variation,GENOTYPE,C/C,C/C,C/C,6,TREM2,GENE WITH PROTEIN PRODUCT,6:41161514,rs75932628,SCREENING 1,2013-12-06,-20
01-708-1406,SNV,Single Nucleotide Variation,GENOTYPE,C/A,C/C,C/C,19,CD33,GENE WITH PROTEIN PRODUCT,19:51224706,rs3865444,SCREENING 1,2013-12-06,-20
01-708-1428,SNV,Single Nucleotide Variation,GENOTYPE,T/T,T/T,T/T,19,APOE,GENE WITH PROTEIN PRODUCT,19:44908684,rs429358,SCREENING 1,2013-11-02,-7
01-708-1428,SNV,Single Nucleotide Variation,GENOTYPE,C/T,C/C,C/C,19,APOE,GENE WITH PROTEIN PRODUCT,19:44908822,rs7412,SCREENING 1,2013-11-02,-7
01-708-1428,SNV,Single Nucleotide Variation,GENOTYPE,T/T,T/T,T/T,19,ABCA7,GENE WITH PROTEIN PRODUCT,19:1046521,rs3764650,SCREENING 1,2013-11-02,-7
01-708-1428,SNV,Single Nucleotide Variation,GENOTYPE,A/G,A/A,A/A,2,BIN1,GENE WITH PROTEIN PRODUCT,2:127137039,rs744373,SCREENING 1,2013-11-02,-7
01-708-1428,SNV,Single Nucleotide Variation,GENOTYPE,T/C,T/T,T/T,8,CLU,GENE WITH PROTEIN PRODUCT,8:27607002,rs11136000,SCREENING 1,2013-11-02,-7
01-708-1428,SNV,Single Nucleotide Variation,GENOTYPE,A/A,A/A,A/A,1,CR1,GENE WITH PROTEIN PRODUCT,1:207518704,rs6656401,SCREENING 1,2013-11-02,-7
01-708-1428,SNV,Single Nucleotide Variation,GENOTYPE,T/T,T/T,T/T,7,EPHA1,GENE WITH PROTEIN PRODUCT,7:143412046,rs11767557,SCREENING 1,2013-11-02,-7
01-708-1428,SNV,Single Nucleotide Variation,GENOTYPE,T/C,T/T,T/T,11,MS4A6A,GENE WITH PROTEIN PRODUCT,11:60171834,rs610932,SCREENING 1,2013-11-02,-7
01-708-1428,SNV,Single Nucleotide Variation,GENOTYPE,T/T,T/T,T/T,11,PICALM,GENE WITH PROTEIN PRODUCT,11:86157598,rs3851179,SCREENING 1,2013-11-02,-7
01-708-1428,SNV,Single Nucleotide Variation,GENOTYPE,T/T,T/T,T/T,11,SORL1,GENE WITH PROTEIN PRODUCT,11:121564878,rs11218343,SCREENING 1,2013-11-02,-7
01-708-1428,SNV,Single Nucleotide Variation,GENOTYPE,C/C,C/C,C/C,6,TREM2,GENE WITH PROTEIN PRODUCT,6:41161514,rs75932628,SCREENING 1,2013-11-02,-7
01-708-1428,SNV,Single Nucleotide Variation,GENOTYPE,C/A,C/C,C/C,19,CD33,GENE WITH PROTEIN PRODUCT,19:51224706,rs3865444,SCREENING 1,2013-11-02,-7
01-709-1001,SNV,Single Nucleotide Variation,GENOTYPE,T/C,T/T,T/T,19,APOE,GENE WITH PROTEIN PRODUCT,19:44908684,rs429358,SCREENING 1,2013-09-20,-18
01-709-1001,SNV,Single Nucleotide Variation,GENOTYPE,C/C,C/C,C/C,19,APOE,GENE WITH PROTEIN PRODUCT,19:44908822,rs7412,SCREENING 1,2013-09-20,-18
01-709-1001,SNV,Single Nucleotide Variation,GENOTYPE,T/T,T/T,T/T,19,ABCA7,GENE WITH PROTEIN PRODUCT,19:1046521,rs3764650,SCREENING 1,2013-09-20,-18
01-709-1001,SNV,Single Nucleotide Variation,GENOTYPE,A/A,A/A,A/A,2,BIN1,GENE WITH PROTEIN PRODUCT,2:127137039,rs744373,SCREENING 1,2013-09-20,-18
01-709-1001,SNV,Single Nucleotide Variation,GENOTYPE,C/C,T/T,T/T,8,CLU,GENE WITH PROTEIN PRODUCT,8:27607002,rs11136000,SCREENING 1,2013-09-20,-18
01-709-1001,SNV,Single Nucleotide Variation,GENOTYPE,A/A,A/A,A/A,1,CR1,GENE WITH PROTEIN PRODUCT,1:207518704,rs6656401,SCREENING 1,2013-09-20,-18
01-709-1001,SNV,Single Nucleotide Variation,GENOTYPE,T/C,T/T,T/T,7,EPHA1,GENE WITH PROTEIN PRODUCT,7:143412046,rs11767557,SCREENING 1,2013-09-20,-18
01-709-1001,SNV,Single Nucleotide Variation,GENOTYPE,T/C,T/T,T/T,11,MS4A6A,GENE WITH PROTEIN PRODUCT,11:60171834,rs610932,SCREENING 1,2013-09-20,-18
01-709-1001,SNV,Single Nucleotide Variation,GENOTYPE,T/C,T/T,T/T,11,PICALM,GENE WITH PROTEIN PRODUCT,11:86157598,rs3851179,SCREENING 1,2013-09-20,-18
01-709-1001,SNV,Single Nucleotide Variation,GENOTYPE,T/T,T/T,T/T,11,SORL1,GENE WITH PROTEIN PRODUCT,11:121564878,rs11218343,SCREENING 1,2013-09-20,-18
01-709-1001,SNV,Single Nucleotide Variation,GENOTYPE,C/C,C/C,C/C,6,TREM2,GENE WITH PROTEIN PRODUCT,6:41161514,rs75932628,SCREENING 1,2013-09-20,-18
01-709-1001,SNV,Single Nucleotide Variation,GENOTYPE,C/A,C/C,C/C,19,CD33,GENE WITH PROTEIN PRODUCT,19:51224706,rs3865444,SCREENING 1,2013-09-20,-18
01-709-1007,SNV,Single Nucleotide Variation,GENOTYPE,T/T,T/T,T/T,19,APOE,GENE WITH PROTEIN PRODUCT,19:44908684,rs429358,SCREENING 1,2012-07-21,-10
01-709-1007,SNV,Single Nucleotide Variation,GENOTYPE,C/C,C/C,C/C,19,APOE,GENE WITH PROTEIN PRODUCT,19:44908822,rs7412,SCREENING 1,2012-07-21,-10
01-709-1007,SNV,Single Nucleotide Variation,GENOTYPE,T/T,T/T,T/T,19,ABCA7,GENE WITH PROTEIN PRODUCT,19:1046521,rs3764650,SCREENING 1,2012-07-21,-10
01-709-1007,SNV,Single Nucleotide Variation,GENOTYPE,A/G,A/A,A/A,2,BIN1,GENE WITH PROTEIN PRODUCT,2:127137039,rs744373,SCREENING 1,2012-07-21,-10
01-709-1007,SNV,Single Nucleotide Variation,GENOTYPE,T/T,T/T,T/T,8,CLU,GENE WITH PROTEIN PRODUCT,8:27607002,rs11136000,SCREENING 1,2012-07-21,-10
01-709-1007,SNV,Single Nucleotide Variation,GENOTYPE,G/G,A/A,A/A,1,CR1,GENE WITH PROTEIN PRODUCT,1:207518704,rs6656401,SCREENING 1,2012-07-21,-10
01-709-1007,SNV,Single Nucleotide Variation,GENOTYPE,T/T,T/T,T/T,7,EPHA1,GENE WITH PROTEIN PRODUCT,7:143412046,rs11767557,SCREENING 1,2012-07-21,-10
01-709-1007,SNV,Single Nucleotide Variation,GENOTYPE,T/C,T/T,T/T,11,MS4A6A,GENE WITH PROTEIN PRODUCT,11:60171834,rs610932,SCREENING 1,2012-07-21,-10
01-709-1007,SNV,Single Nucleotide Variation,GENOTYPE,T/T,T/T,T/T,11,PICALM,GENE WITH PROTEIN PRODUCT,11:86157598,rs3851179,SCREENING 1,2012-07-21,-10
01-709-1007,SNV,Single Nucleotide Variation,GENOTYPE,T/T,T/T,T/T,11,SORL1,GENE WITH PROTEIN PRODUCT,11:121564878,rs11218343,SCREENING 1,2012-07-21,-10
01-709-1007,SNV,Single Nucleotide Variation,GENOTYPE,C/C,C/C,C/C,6,TREM2,GENE WITH PROTEIN PRODUCT,6:41161514,rs75932628,SCREENING 1,2012-07-21,-10
01-709-1007,SNV,Single Nucleotide Variation,GENOTYPE,C/A,C/C,C/C,19,CD33,GENE WITH PROTEIN PRODUCT,19:51224706,rs3865444,SCREENING 1,2012-07-21,-10
01-709-1020,SNV,Single Nucleotide Variation,GENOTYPE,T/T,T/T,T/T,19,APOE,GENE WITH PROTEIN PRODUCT,19:44908684,rs429358,SCREENING 1,2012-11-22,-9
01-709-1020,SNV,Single Nucleotide Variation,GENOTYPE,C/C,C/C,C/C,19,APOE,GENE WITH PROTEIN PRODUCT,19:44908822,rs7412,SCREENING 1,2012-11-22,-9
01-709-1020,SNV,Single Nucleotide Variation,GENOTYPE,T/T,T/T,T/T,19,ABCA7,GENE WITH PROTEIN PRODUCT,19:1046521,rs3764650,SCREENING 1,2012-11-22,-9
01-709-1020,SNV,Single Nucleotide Variation,GENOTYPE,A/G,A/A,A/A,2,BIN1,GENE WITH PROTEIN PRODUCT,2:127137039,rs744373,SCREENING 1,2012-11-22,-9
01-709-1020,SNV,Single Nucleotide Variation,GENOTYPE,T/T,T/T,T/T,8,CLU,GENE WITH PROTEIN PRODUCT,8:27607002,rs11136000,SCREENING 1,2012-11-22,-9
01-709-1020,SNV,Single Nucleotide Variation,GENOTYPE,A/A,A/A,A/A,1,CR1,GENE WITH PROTEIN PRODUCT,1:207518704,rs6656401,SCREENING 1,2012-11-22,-9
01-709-1020,SNV,Single Nucleotide Variation,GENOTYPE,T/C,T/T,T/T,7,EPHA1,GENE WITH PROTEIN PRODUCT,7:143412046,rs11767557,SCREENING 1,2012-11-22,-9
01-709-1020,SNV,Single Nucleotide Variation,GENOTYPE,T/T,T/T,T/T,11,MS4A6A,GENE WITH PROTEIN PRODUCT,11:60171834,rs610932,SCREENING 1,2012-11-22,-9
01-709-1020,SNV,Single Nucleotide Variation,GENOTYPE,C/C,T/T,T/T,11,PICALM,GENE WITH PROTEIN PRODUCT,11:86157598,rs3851179,SCREENING 1,2012-11-22,-9
01-709-1020,SNV,Single Nucleotide Variation,GENOTYPE,T/T,T/T,T/T,11,SORL1,GENE WITH PROTEIN PRODUCT,11:121564878,rs11218343,SCREENING 1,2012-11-22,-9
01-709-1020,SNV,Single Nucleotide Variation,GENOTYPE,C/C,C/C,C/C,6,TREM2,GENE WITH PROTEIN PRODUCT,6:41161514,rs75932628,SCREENING 1,2012-11-22,-9
01-709-1020,SNV,Single Nucleotide Variation,GENOTYPE,C/A,C/C,C/C,19,CD33,GENE WITH PROTEIN PRODUCT,19:51224706,rs3865444,SCREENING 1,2012-11-22,-9
01-709-1029,SNV,Single Nucleotide Variation,GENOTYPE,T/C,T/T,T/T,19,APOE,GENE WITH PROTEIN PRODUCT,19:44908684,rs429358,SCREENING 1,2012-12-10,-15
01-709-1029,SNV,Single Nucleotide Variation,GENOTYPE,C/C,C/C,C/C,19,APOE,GENE WITH PROTEIN PRODUCT,19:44908822,rs7412,SCREENING 1,2012-12-10,-15
01-709-1029,SNV,Single Nucleotide Variation,GENOTYPE,T/G,T/T,T/T,19,ABCA7,GENE WITH PROTEIN PRODUCT,19:1046521,rs3764650,SCREENING 1,2012-12-10,-15
01-709-1029,SNV,Single Nucleotide Variation,GENOTYPE,A/G,A/A,A/A,2,BIN1,GENE WITH PROTEIN PRODUCT,2:127137039,rs744373,SCREENING 1,2012-12-10,-15
01-709-1029,SNV,Single Nucleotide Variation,GENOTYPE,T/C,T/T,T/T,8,CLU,GENE WITH PROTEIN PRODUCT,8:27607002,rs11136000,SCREENING 1,2012-12-10,-15
01-709-1029,SNV,Single Nucleotide Variation,GENOTYPE,G/G,A/A,A/A,1,CR1,GENE WITH PROTEIN PRODUCT,1:207518704,rs6656401,SCREENING 1,2012-12-10,-15
01-709-1029,SNV,Single Nucleotide Variation,GENOTYPE,T/T,T/T,T/T,7,EPHA1,GENE WITH PROTEIN PRODUCT,7:143412046,rs11767557,SCREENING 1,2012-12-10,-15
01-709-1029,SNV,Single Nucleotide Variation,GENOTYPE,T/C,T/T,T/T,11,MS4A6A,GENE WITH PROTEIN PRODUCT,11:60171834,rs610932,SCREENING 1,2012-12-10,-15
01-709-1029,SNV,Single Nucleotide Variation,GENOTYPE,T/C,T/T,T/T,11,PICALM,GENE WITH PROTEIN PRODUCT,11:86157598,rs3851179,SCREENING 1,2012-12-10,-15
01-709-1029,SNV,Single Nucleotide Variation,GENOTYPE,T/T,T/T,T/T,11,SORL1,GENE WITH PROTEIN PRODUCT,11:121564878,rs11218343,SCREENING 1,2012-12-10,-15
01-709-1029,SNV,Single Nucleotide Variation,GENOTYPE,C/C,C/C,C/C,6,TREM2,GENE WITH PROTEIN PRODUCT,6:41161514,rs75932628,SCREENING 1,2012-12-10,-15
01-709-1029,SNV,Single Nucleotide Variation,GENOTYPE,C/C,C/C,C/C,19,CD33,GENE WITH PROTEIN PRODUCT,19:51224706,rs3865444,SCREENING 1,2012-12-10,-15
01-709-1081,SNV,Single Nucleotide Variation,GENOTYPE,T/C,T/T,T/T,19,APOE,GENE WITH PROTEIN PRODUCT,19:44908684,rs429358,SCREENING 1,2014-01-09,-9
01-709-1081,SNV,Single Nucleotide Variation,GENOTYPE,C/C,C/C,C/C,19,APOE,GENE WITH PROTEIN PRODUCT,19:44908822,rs7412,SCREENING 1,2014-01-09,-9
01-709-1081,SNV,Single Nucleotide Variation,GENOTYPE,T/G,T/T,T/T,19,ABCA7,GENE WITH PROTEIN PRODUCT,19:1046521,rs3764650,SCREENING 1,2014-01-09,-9
01-709-1081,SNV,Single Nucleotide Variation,GENOTYPE,A/A,A/A,A/A,2,BIN1,GENE WITH PROTEIN PRODUCT,2:127137039,rs744373,SCREENING 1,2014-01-09,-9
01-709-1081,SNV,Single Nucleotide Variation,GENOTYPE,T/T,T/T,T/T,8,CLU,GENE WITH PROTEIN PRODUCT,8:27607002,rs11136000,SCREENING 1,2014-01-09,-9
01-709-1081,SNV,Single Nucleotide Variation,GENOTYPE,A/A,A/A,A/A,1,CR1,GENE WITH PROTEIN PRODUCT,1:207518704,rs6656401,SCREENING 1,2014-01-09,-9
01-709-1081,SNV,Single Nucleotide Variation,GENOTYPE,T/C,T/T,T/T,7,EPHA1,GENE WITH PROTEIN PRODUCT,7:143412046,rs11767557,SCREENING 1,2014-01-09,-9
01-709-1081,SNV,Single Nucleotide Variation,GENOTYPE,T/C,T/T,T/T,11,MS4A6A,GENE WITH PROTEIN PRODUCT,11:60171834,rs610932,SCREENING 1,2014-01-09,-9
01-709-1081,SNV,Single Nucleotide Variation,GENOTYPE,T/T,T/T,T/T,11,PICALM,GENE WITH PROTEIN PRODUCT,11:86157598,rs3851179,SCREENING 1,2014-01-09,-9
01-709-1081,SNV,Single Nucleotide Variation,GENOTYPE,T/T,T/T,T/T,11,SORL1,GENE WITH PROTEIN PRODUCT,11:121564878,rs11218343,SCREENING 1,2014-01-09,-9
01-709-1081,SNV,Single Nucleotide Variation,GENOTYPE,C/C,C/C,C/C,6,TREM2,GENE WITH PROTEIN PRODUCT,6:41161514,rs75932628,SCREENING 1,2014-01-09,-9
01-709-1081,SNV,Single Nucleotide Variation,GENOTYPE,C/C,C/C,C/C,19,CD33,GENE WITH PROTEIN PRODUCT,19:51224706,rs3865444,SCREENING 1,2014-01-09,-9
01-709-1088,SNV,Single Nucleotide Variation,GENOTYPE,T/T,T/T,T/T,19,APOE,GENE WITH PROTEIN PRODUCT,19:44908684,rs429358,SCREENING 1,2014-03-30,-13
01-709-1088,SNV,Single Nucleotide Variation,GENOTYPE,C/C,C/C,C/C,19,APOE,GENE WITH PROTEIN PRODUCT,19:44908822,rs7412,SCREENING 1,2014-03-30,-13
01-709-1088,SNV,Single Nucleotide Variation,GENOTYPE,T/T,T/T,T/T,19,ABCA7,GENE WITH PROTEIN PRODUCT,19:1046521,rs3764650,SCREENING 1,2014-03-30,-13
01-709-1088,SNV,Single Nucleotide Variation,GENOTYPE,A/A,A/A,A/A,2,BIN1,GENE WITH PROTEIN PRODUCT,2:127137039,rs744373,SCREENING 1,2014-03-30,-13
01-709-1088,SNV,Single Nucleotide Variation,GENOTYPE,T/C,T/T,T/T,8,CLU,GENE WITH PROTEIN PRODUCT,8:27607002,rs11136000,SCREENING 1,2014-03-30,-13
01-709-1088,SNV,Single Nucleotide Variation,GENOTYPE,A/G,A/A,A/A,1,CR1,GENE WITH PROTEIN PRODUCT,1:207518704,rs6656401,SCREENING 1,2014-03-30,-13
01-709-1088,SNV,Single Nucleotide Variation,GENOTYPE,T/T,T/T,T/T,7,EPHA1,GENE WITH PROTEIN PRODUCT,7:143412046,rs11767557,SCREENING 1,2014-03-30,-13
01-709-1088,SNV,Single Nucleotide Variation,GENOTYPE,T/C,T/T,T/T,11,MS4A6A,GENE WITH PROTEIN PRODUCT,11:60171834,rs610932,SCREENING 1,2014-03-30,-13
01-709-1088,SNV,Single Nucleotide Variation,GENOTYPE,T/T,T/T,T/T,11,PICALM,GENE WITH PROTEIN PRODUCT,11:86157598,rs3851179,SCREENING 1,2014-03-30,-13
01-709-1088,SNV,Single Nucleotide Variation,GENOTYPE,T/C,T/T,T/T,11,SORL1,GENE WITH PROTEIN PRODUCT,11:121564878,rs11218343,SCREENING 1,2014-03-30,-13
01-709-1088,SNV,Single Nucleotide Variation,GENOTYPE,C/C,C/C,C/C,6,TREM2,GENE WITH PROTEIN PRODUCT,6:41161514,rs75932628,SCREENING 1,2014-03-30,-13
01-709-1088,SNV,Single Nucleotide Variation,GENOTYPE,C/A,C/C,C/C,19,CD33,GENE WITH PROTEIN PRODUCT,19:51224706,rs3865444,SCREENING 1,2014-03-30,-13
01-709-1099,SNV,Single Nucleotide Variation,GENOTYPE,C/C,T/T,T/T,19,APOE,GENE WITH PROTEIN PRODUCT,19:44908684,rs429358,SCREENING 1,2013-10-14,-11
01-709-1099,SNV,Single Nucleotide Variation,GENOTYPE,C/C,C/C,C/C,19,APOE,GENE WITH PROTEIN PRODUCT,19:44908822,rs7412,SCREENING 1,2013-10-14,-11
01-709-1099,SNV,Single Nucleotide Variation,GENOTYPE,T/G,T/T,T/T,19,ABCA7,GENE WITH PROTEIN PRODUCT,19:1046521,rs3764650,SCREENING 1,2013-10-14,-11
01-709-1099,SNV,Single Nucleotide Variation,GENOTYPE,A/A,A/A,A/A,2,BIN1,GENE WITH PROTEIN PRODUCT,2:127137039,rs744373,SCREENING 1,2013-10-14,-11
01-709-1099,SNV,Single Nucleotide Variation,GENOTYPE,T/T,T/T,T/T,8,CLU,GENE WITH PROTEIN PRODUCT,8:27607002,rs11136000,SCREENING 1,2013-10-14,-11
01-709-1099,SNV,Single Nucleotide Variation,GENOTYPE,A/A,A/A,A/A,1,CR1,GENE WITH PROTEIN PRODUCT,1:207518704,rs6656401,SCREENING 1,2013-10-14,-11
01-709-1099,SNV,Single Nucleotide Variation,GENOTYPE,T/T,T/T,T/T,7,EPHA1,GENE WITH PROTEIN PRODUCT,7:143412046,rs11767557,SCREENING 1,2013-10-14,-11
01-709-1099,SNV,Single Nucleotide Variation,GENOTYPE,T/C,T/T,T/T,11,MS4A6A,GENE WITH PROTEIN PRODUCT,11:60171834,rs610932,SCREENING 1,2013-10-14,-11
01-709-1099,SNV,Single Nucleotide Variation,GENOTYPE,C/C,T/T,T/T,11,PICALM,GENE WITH PROTEIN PRODUCT,11:86157598,rs3851179,SCREENING 1,2013-10-14,-11
01-709-1099,SNV,Single Nucleotide Variation,GENOTYPE,T/T,T/T,T/T,11,SORL1,GENE WITH PROTEIN PRODUCT,11:121564878,rs11218343,SCREENING 1,2013-10-14,-11
01-709-1099,SNV,Single Nucleotide Variation,GENOTYPE,C/C,C/C,C/C,6,TREM2,GENE WITH PROTEIN PRODUCT,6:41161514,rs75932628,SCREENING 1,2013-10-14,-11
01-709-1099,SNV,Single Nucleotide Variation,GENOTYPE,C/A,C/C,C/C,19,CD33,GENE WITH PROTEIN PRODUCT,19:51224706,rs3865444,SCREENING 1,2013-10-14,-11
01-709-1102,SNV,Single Nucleotide Variation,GENOTYPE,T/C,T/T,T/T,19,APOE,GENE WITH PROTEIN PRODUCT,19:44908684,rs429358,SCREENING 1,2013-01-07,-8
01-709-1102,SNV,Single Nucleotide Variation,GENOTYPE,C/C,C/C,C/C,19,APOE,GENE WITH PROTEIN PRODUCT,19:44908822,rs7412,SCREENING 1,2013-01-07,-8
01-709-1102,SNV,Single Nucleotide Variation,GENOTYPE,T/T,T/T,T/T,19,ABCA7,GENE WITH PROTEIN PRODUCT,19:1046521,rs3764650,SCREENING 1,2013-01-07,-8
01-709-1102,SNV,Single Nucleotide Variation,GENOTYPE,A/G,A/A,A/A,2,BIN1,GENE WITH PROTEIN PRODUCT,2:127137039,rs744373,SCREENING 1,2013-01-07,-8
01-709-1102,SNV,Single Nucleotide Variation,GENOTYPE,T/T,T/T,T/T,8,CLU,GENE WITH PROTEIN PRODUCT,8:27607002,rs11136000,SCREENING 1,2013-01-07,-8
01-709-1102,SNV,Single Nucleotide Variation,GENOTYPE,A/A,A/A,A/A,1,CR1,GENE WITH PROTEIN PRODUCT,1:207518704,rs6656401,SCREENING 1,2013-01-07,-8
01-709-1102,SNV,Single Nucleotide Variation,GENOTYPE,T/T,T/T,T/T,7,EPHA1,GENE WITH PROTEIN PRODUCT,7:143412046,rs11767557,SCREENING 1,2013-01-07,-8
01-709-1102,SNV,Single Nucleotide Variation,GENOTYPE,T/T,T/T,T/T,11,MS4A6A,GENE WITH PROTEIN PRODUCT,11:60171834,rs610932,SCREENING 1,2013-01-07,-8
01-709-1102,SNV,Single Nucleotide Variation,GENOTYPE,T/C,T/T,T/T,11,PICALM,GENE WITH PROTEIN PRODUCT,11:86157598,rs3851179,SCREENING 1,2013-01-07,-8
01-709-1102,SNV,Single Nucleotide Variation,GENOTYPE,T/T,T/T,T/T,11,SORL1,GENE WITH PROTEIN PRODUCT,11:121564878,rs11218343,SCREENING 1,2013-01-07,-8
01-709-1102,SNV,Single Nucleotide Variation,GENOTYPE,C/C,C/C,C/C,6,TREM2,GENE WITH PROTEIN PRODUCT,6:41161514,rs75932628,SCREENING 1,2013-01-07,-8
01-709-1102,SNV,Single Nucleotide Variation,GENOTYPE,C/A,C/C,C/C,19,CD33,GENE WITH PROTEIN PRODUCT,19:51224706,rs3865444,SCREENING 1,2013-01-07,-8
01-709-1168,SNV,Single Nucleotide Variation,GENOTYPE,T/T,T/T,T/T,19,APOE,GENE WITH PROTEIN PRODUCT,19:44908684,rs429358,SCREENING 1,2013-07-25,-8
01-709-1168,SNV,Single Nucleotide Variation,GENOTYPE,C/C,C/C,C/C,19,APOE,GENE WITH PROTEIN PRODUCT,19:44908822,rs7412,SCREENING 1,2013-07-25,-8
01-709-1168,SNV,Single Nucleotide Variation,GENOTYPE,T/G,T/T,T/T,19,ABCA7,GENE WITH PROTEIN PRODUCT,19:1046521,rs3764650,SCREENING 1,2013-07-25,-8
01-709-1168,SNV,Single Nucleotide Variation,GENOTYPE,A/A,A/A,A/A,2,BIN1,GENE WITH PROTEIN PRODUCT,2:127137039,rs744373,SCREENING 1,2013-07-25,-8
01-709-1168,SNV,Single Nucleotide Variation,GENOTYPE,T/C,T/T,T/T,8,CLU,GENE WITH PROTEIN PRODUCT,8:27607002,rs11136000,SCREENING 1,2013-07-25,-8
01-709-1168,SNV,Single Nucleotide Variation,GENOTYPE,A/A,A/A,A/A,1,CR1,GENE WITH PROTEIN PRODUCT,1:207518704,rs6656401,SCREENING 1,2013-07-25,-8
01-709-1168,SNV,Single Nucleotide Variation,GENOTYPE,T/C,T/T,T/T,7,EPHA1,GENE WITH PROTEIN PRODUCT,7:143412046,rs11767557,SCREENING 1,2013-07-25,-8
01-709-1168,SNV,Single Nucleotide Variation,GENOTYPE,T/C,T/T,T/T,11,MS4A6A,GENE WITH PROTEIN PRODUCT,11:60171834,rs610932,SCREENING 1,2013-07-25,-8
01-709-1168,SNV,Single Nucleotide Variation,GENOTYPE,T/T,T/T,T/T,11,PICALM,GENE WITH PROTEIN PRODUCT,11:86157598,rs3851179,SCREENING 1,2013-07-25,-8
01-709-1168,SNV,Single Nucleotide Variation,GENOTYPE,T/T,T/T,T/T,11,SORL1,GENE WITH PROTEIN PRODUCT,11:121564878,rs11218343,SCREENING 1,2013-07-25,-8
01-709-1168,SNV,Single Nucleotide Variation,GENOTYPE,C/C,C/C,C/C,6,TREM2,GENE WITH PROTEIN PRODUCT,6:41161514,rs75932628,SCREENING 1,2013-07-25,-8
01-709-1168,SNV,Single Nucleotide Variation,GENOTYPE,C/C,C/C,C/C,19,CD33,GENE WITH PROTEIN PRODUCT,19:51224706,rs3865444,SCREENING 1,2013-07-25,-8
01-709-1217,SNV,Single Nucleotide Variation,GENOTYPE,T/C,T/T,T/T,19,APOE,GENE WITH PROTEIN PRODUCT,19:44908684,rs429358,SCREENING 1,2013-02-16,-16
01-709-1217,SNV,Single Nucleotide Variation,GENOTYPE,C/C,C/C,C/C,19,APOE,GENE WITH PROTEIN PRODUCT,19:44908822,rs7412,SCREENING 1,2013-02-16,-16
01-709-1217,SNV,Single Nucleotide Variation,GENOTYPE,T/G,T/T,T/T,19,ABCA7,GENE WITH PROTEIN PRODUCT,19:1046521,rs3764650,SCREENING 1,2013-02-16,-16
01-709-1217,SNV,Single Nucleotide Variation,GENOTYPE,A/G,A/A,A/A,2,BIN1,GENE WITH PROTEIN PRODUCT,2:127137039,rs744373,SCREENING 1,2013-02-16,-16
01-709-1217,SNV,Single Nucleotide Variation,GENOTYPE,T/C,T/T,T/T,8,CLU,GENE WITH PROTEIN PRODUCT,8:27607002,rs11136000,SCREENING 1,2013-02-16,-16
01-709-1217,SNV,Single Nucleotide Variation,GENOTYPE,A/A,A/A,A/A,1,CR1,GENE WITH PROTEIN PRODUCT,1:207518704,rs6656401,SCREENING 1,2013-02-16,-16
01-709-1217,SNV,Single Nucleotide Variation,GENOTYPE,T/T,T/T,T/T,7,EPHA1,GENE WITH PROTEIN PRODUCT,7:143412046,rs11767557,SCREENING 1,2013-02-16,-16
01-709-1217,SNV,Single Nucleotide Variation,GENOTYPE,T/C,T/T,T/T,11,MS4A6A,GENE WITH PROTEIN PRODUCT,11:60171834,rs610932,SCREENING 1,2013-02-16,-16
01-709-1217,SNV,Single Nucleotide Variation,GENOTYPE,T/T,T/T,T/T,11,PICALM,GENE WITH PROTEIN PRODUCT,11:86157598,rs3851179,SCREENING 1,2013-02-16,-16
01-709-1217,SNV,Single Nucleotide Variation,GENOTYPE,T/T,T/T,T/T,11,SORL1,GENE WITH PROTEIN PRODUCT,11:121564878,rs11218343,SCREENING 1,2013-02-16,-16
01-709-1217,SNV,Single Nucleotide Variation,GENOTYPE,C/C,C/C,C/C,6,TREM2,GENE WITH PROTEIN PRODUCT,6:41161514,rs75932628,SCREENING 1,2013-02-16,-16
01-709-1217,SNV,Single Nucleotide Variation,GENOTYPE,C/A,C/C,C/C,19,CD33,GENE WITH PROTEIN PRODUCT,19:51224706,rs3865444,SCREENING 1,2013-02-16,-16
01-709-1238,SNV,Single Nucleotide Variation,GENOTYPE,T/T,T/T,T/T,19,APOE,GENE WITH PROTEIN PRODUCT,19:44908684,rs429358,SCREENING 1,2013-05-02,-13
01-709-1238,SNV,Single Nucleotide Variation,GENOTYPE,C/T,C/C,C/C,19,APOE,GENE WITH PROTEIN PRODUCT,19:44908822,rs7412,SCREENING 1,2013-05-02,-13
01-709-1238,SNV,Single Nucleotide Variation,GENOTYPE,T/G,T/T,T/T,19,ABCA7,GENE WITH PROTEIN PRODUCT,19:1046521,rs3764650,SCREENING 1,2013-05-02,-13
01-709-1238,SNV,Single Nucleotide Variation,GENOTYPE,A/A,A/A,A/A,2,BIN1,GENE WITH PROTEIN PRODUCT,2:127137039,rs744373,SCREENING 1,2013-05-02,-13
01-709-1238,SNV,Single Nucleotide Variation,GENOTYPE,T/C,T/T,T/T,8,CLU,GENE WITH PROTEIN PRODUCT,8:27607002,rs11136000,SCREENING 1,2013-05-02,-13
01-709-1238,SNV,Single Nucleotide Variation,GENOTYPE,A/A,A/A,A/A,1,CR1,GENE WITH PROTEIN PRODUCT,1:207518704,rs6656401,SCREENING 1,2013-05-02,-13
01-709-1238,SNV,Single Nucleotide Variation,GENOTYPE,T/C,T/T,T/T,7,EPHA1,GENE WITH PROTEIN PRODUCT,7:143412046,rs11767557,SCREENING 1,2013-05-02,-13
01-709-1238,SNV,Single Nucleotide Variation,GENOTYPE,T/C,T/T,T/T,11,MS4A6A,GENE WITH PROTEIN PRODUCT,11:60171834,rs610932,SCREENING 1,2013-05-02,-13
01-709-1238,SNV,Single Nucleotide Variation,GENOTYPE,C/C,T/T,T/T,11,PICALM,GENE WITH PROTEIN PRODUCT,11:86157598,rs3851179,SCREENING 1,2013-05-02,-13
01-709-1238,SNV,Single Nucleotide Variation,GENOTYPE,T/T,T/T,T/T,11,SORL1,GENE WITH PROTEIN PRODUCT,11:121564878,rs11218343,SCREENING 1,2013-05-02,-13
01-709-1238,SNV,Single Nucleotide Variation,GENOTYPE,C/C,C/C,C/C,6,TREM2,GENE WITH PROTEIN PRODUCT,6:41161514,rs75932628,SCREENING 1,2013-05-02,-13
01-709-1238,SNV,Single Nucleotide Variation,GENOTYPE,C/C,C/C,C/C,19,CD33,GENE WITH PROTEIN PRODUCT,19:51224706,rs3865444,SCREENING 1,2013-05-02,-13
01-709-1259,SNV,Single Nucleotide Variation,GENOTYPE,T/T,T/T,T/T,19,APOE,GENE WITH PROTEIN PRODUCT,19:44908684,rs429358,SCREENING 1,2013-01-13,-13
01-709-1259,SNV,Single Nucleotide Variation,GENOTYPE,C/C,C/C,C/C,19,APOE,GENE WITH PROTEIN PRODUCT,19:44908822,rs7412,SCREENING 1,2013-01-13,-13
01-709-1259,SNV,Single Nucleotide Variation,GENOTYPE,T/T,T/T,T/T,19,ABCA7,GENE WITH PROTEIN PRODUCT,19:1046521,rs3764650,SCREENING 1,2013-01-13,-13
01-709-1259,SNV,Single Nucleotide Variation,GENOTYPE,A/A,A/A,A/A,2,BIN1,GENE WITH PROTEIN PRODUCT,2:127137039,rs744373,SCREENING 1,2013-01-13,-13
01-709-1259,SNV,Single Nucleotide Variation,GENOTYPE,T/T,T/T,T/T,8,CLU,GENE WITH PROTEIN PRODUCT,8:27607002,rs11136000,SCREENING 1,2013-01-13,-13
01-709-1259,SNV,Single Nucleotide Variation,GENOTYPE,A/A,A/A,A/A,1,CR1,GENE WITH PROTEIN PRODUCT,1:207518704,rs6656401,SCREENING 1,2013-01-13,-13
01-709-1259,SNV,Single Nucleotide Variation,GENOTYPE,T/T,T/T,T/T,7,EPHA1,GENE WITH PROTEIN PRODUCT,7:143412046,rs11767557,SCREENING 1,2013-01-13,-13
01-709-1259,SNV,Single Nucleotide Variation,GENOTYPE,T/T,T/T,T/T,11,MS4A6A,GENE WITH PROTEIN PRODUCT,11:60171834,rs610932,SCREENING 1,2013-01-13,-13
01-709-1259,SNV,Single Nucleotide Variation,GENOTYPE,T/C,T/T,T/T,11,PICALM,GENE WITH PROTEIN PRODUCT,11:86157598,rs3851179,SCREENING 1,2013-01-13,-13
01-709-1259,SNV,Single Nucleotide Variation,GENOTYPE,T/T,T/T,T/T,11,SORL1,GENE WITH PROTEIN PRODUCT,11:121564878,rs11218343,SCREENING 1,2013-01-13,-13
01-709-1259,SNV,Single Nucleotide Variation,GENOTYPE,C/T,C/C,C/C,6,TREM2,GENE WITH PROTEIN PRODUCT,6:41161514,rs75932628,SCREENING 1,2013-01-13,-13
01-709-1259,SNV,Single Nucleotide Variation,GENOTYPE,C/C,C/C,C/C,19,CD33,GENE WITH PROTEIN PRODUCT,19:51224706,rs3865444,SCREENING 1,2013-01-13,-13
01-709-1285,SNV,Single Nucleotide Variation,GENOTYPE,T/C,T/T,T/T,19,APOE,GENE WITH PROTEIN PRODUCT,19:44908684,rs429358,SCREENING 1,2013-03-17,-7
01-709-1285,SNV,Single Nucleotide Variation,GENOTYPE,C/T,C/C,C/C,19,APOE,GENE WITH PROTEIN PRODUCT,19:44908822,rs7412,SCREENING 1,2013-03-17,-7
01-709-1285,SNV,Single Nucleotide Variation,GENOTYPE,T/G,T/T,T/T,19,ABCA7,GENE WITH PROTEIN PRODUCT,19:1046521,rs3764650,SCREENING 1,2013-03-17,-7
01-709-1285,SNV,Single Nucleotide Variation,GENOTYPE,A/G,A/A,A/A,2,BIN1,GENE WITH PROTEIN PRODUCT,2:127137039,rs744373,SCREENING 1,2013-03-17,-7
01-709-1285,SNV,Single Nucleotide Variation,GENOTYPE,T/C,T/T,T/T,8,CLU,GENE WITH PROTEIN PRODUCT,8:27607002,rs11136000,SCREENING 1,2013-03-17,-7
01-709-1285,SNV,Single Nucleotide Variation,GENOTYPE,A/A,A/A,A/A,1,CR1,GENE WITH PROTEIN PRODUCT,1:207518704,rs6656401,SCREENING 1,2013-03-17,-7
01-709-1285,SNV,Single Nucleotide Variation,GENOTYPE,T/T,T/T,T/T,7,EPHA1,GENE WITH PROTEIN PRODUCT,7:143412046,rs11767557,SCREENING 1,2013-03-17,-7
01-709-1285,SNV,Single Nucleotide Variation,GENOTYPE,T/T,T/T,T/T,11,MS4A6A,GENE WITH PROTEIN PRODUCT,11:60171834,rs610932,SCREENING 1,2013-03-17,-7
01-709-1285,SNV,Single Nucleotide Variation,GENOTYPE,C/C,T/T,T/T,11,PICALM,GENE WITH PROTEIN PRODUCT,11:86157598,rs3851179,SCREENING 1,2013-03-17,-7
01-709-1285,SNV,Single Nucleotide Variation,GENOTYPE,T/T,T/T,T/T,11,SORL1,GENE WITH PROTEIN PRODUCT,11:121564878,rs11218343,SCREENING 1,2013-03-17,-7
01-709-1285,SNV,Single Nucleotide Variation,GENOTYPE,C/C,C/C,C/C,6,TREM2,GENE WITH PROTEIN PRODUCT,6:41161514,rs75932628,SCREENING 1,2013-03-17,-7
01-709-1285,SNV,Single Nucleotide Variation,GENOTYPE,C/A,C/C,C/C,19,CD33,GENE WITH PROTEIN PRODUCT,19:51224706,rs3865444,SCREENING 1,2013-03-17,-7
01-709-1301,SNV,Single Nucleotide Variation,GENOTYPE,T/C,T/T,T/T,19,APOE,GENE WITH PROTEIN PRODUCT,19:44908684,rs429358,SCREENING 1,2013-07-14,-5
01-709-1301,SNV,Single Nucleotide Variation,GENOTYPE,C/T,C/C,C/C,19,APOE,GENE WITH PROTEIN PRODUCT,19:44908822,rs7412,SCREENING 1,2013-07-14,-5
01-709-1301,SNV,Single Nucleotide Variation,GENOTYPE,T/T,T/T,T/T,19,ABCA7,GENE WITH PROTEIN PRODUCT,19:1046521,rs3764650,SCREENING 1,2013-07-14,-5
01-709-1301,SNV,Single Nucleotide Variation,GENOTYPE,A/G,A/A,A/A,2,BIN1,GENE WITH PROTEIN PRODUCT,2:127137039,rs744373,SCREENING 1,2013-07-14,-5
01-709-1301,SNV,Single Nucleotide Variation,GENOTYPE,T/T,T/T,T/T,8,CLU,GENE WITH PROTEIN PRODUCT,8:27607002,rs11136000,SCREENING 1,2013-07-14,-5
01-709-1301,SNV,Single Nucleotide Variation,GENOTYPE,A/A,A/A,A/A,1,CR1,GENE WITH PROTEIN PRODUCT,1:207518704,rs6656401,SCREENING 1,2013-07-14,-5
01-709-1301,SNV,Single Nucleotide Variation,GENOTYPE,T/C,T/T,T/T,7,EPHA1,GENE WITH PROTEIN PRODUCT,7:143412046,rs11767557,SCREENING 1,2013-07-14,-5
01-709-1301,SNV,Single Nucleotide Variation,GENOTYPE,T/C,T/T,T/T,11,MS4A6A,GENE WITH PROTEIN PRODUCT,11:60171834,rs610932,SCREENING 1,2013-07-14,-5
01-709-1301,SNV,Single Nucleotide Variation,GENOTYPE,T/T,T/T,T/T,11,PICALM,GENE WITH PROTEIN PRODUCT,11:86157598,rs3851179,SCREENING 1,2013-07-14,-5
01-709-1301,SNV,Single Nucleotide Variation,GENOTYPE,T/T,T/T,T/T,11,SORL1,GENE WITH PROTEIN PRODUCT,11:121564878,rs11218343,SCREENING 1,2013-07-14,-5
01-709-1301,SNV,Single Nucleotide Variation,GENOTYPE,C/C,C/C,C/C,6,TREM2,GENE WITH PROTEIN PRODUCT,6:41161514,rs75932628,SCREENING 1,2013-07-14,-5
01-709-1301,SNV,Single Nucleotide Variation,GENOTYPE,C/A,C/C,C/C,19,CD33,GENE WITH PROTEIN PRODUCT,19:51224706,rs3865444,SCREENING 1,2013-07-14,-5
01-709-1306,SNV,Single Nucleotide Variation,GENOTYPE,T/C,T/T,T/T,19,APOE,GENE WITH PROTEIN PRODUCT,19:44908684,rs429358,SCREENING 1,2014-01-19,-15
01-709-1306,SNV,Single Nucleotide Variation,GENOTYPE,C/C,C/C,C/C,19,APOE,GENE WITH PROTEIN PRODUCT,19:44908822,rs7412,SCREENING 1,2014-01-19,-15
01-709-1306,SNV,Single Nucleotide Variation,GENOTYPE,T/G,T/T,T/T,19,ABCA7,GENE WITH PROTEIN PRODUCT,19:1046521,rs3764650,SCREENING 1,2014-01-19,-15
01-709-1306,SNV,Single Nucleotide Variation,GENOTYPE,A/G,A/A,A/A,2,BIN1,GENE WITH PROTEIN PRODUCT,2:127137039,rs744373,SCREENING 1,2014-01-19,-15
01-709-1306,SNV,Single Nucleotide Variation,GENOTYPE,T/C,T/T,T/T,8,CLU,GENE WITH PROTEIN PRODUCT,8:27607002,rs11136000,SCREENING 1,2014-01-19,-15
01-709-1306,SNV,Single Nucleotide Variation,GENOTYPE,A/A,A/A,A/A,1,CR1,GENE WITH PROTEIN PRODUCT,1:207518704,rs6656401,SCREENING 1,2014-01-19,-15
01-709-1306,SNV,Single Nucleotide Variation,GENOTYPE,T/T,T/T,T/T,7,EPHA1,GENE WITH PROTEIN PRODUCT,7:143412046,rs11767557,SCREENING 1,2014-01-19,-15
01-709-1306,SNV,Single Nucleotide Variation,GENOTYPE,T/T,T/T,T/T,11,MS4A6A,GENE WITH PROTEIN PRODUCT,11:60171834,rs610932,SCREENING 1,2014-01-19,-15
01-709-1306,SNV,Single Nucleotide Variation,GENOTYPE,T/C,T/T,T/T,11,PICALM,GENE WITH PROTEIN PRODUCT,11:86157598,rs3851179,SCREENING 1,2014-01-19,-15
01-709-1306,SNV,Single Nucleotide Variation,GENOTYPE,T/T,T/T,T/T,11,SORL1,GENE WITH PROTEIN PRODUCT,11:121564878,rs11218343,SCREENING 1,2014-01-19,-15
01-709-1306,SNV,Single Nucleotide Variation,GENOTYPE,C/C,C/C,C/C,6,TREM2,GENE WITH PROTEIN PRODUCT,6:41161514,rs75932628,SCREENING 1,2014-01-19,-15
01-709-1306,SNV,Single Nucleotide Variation,GENOTYPE,C/C,C/C,C/C,19,CD33,GENE WITH PROTEIN PRODUCT,19:51224706,rs3865444,SCREENING 1,2014-01-19,-15
01-709-1309,SNV,Single Nucleotide Variation,GENOTYPE,T/C,T/T,T/T,19,APOE,GENE WITH PROTEIN PRODUCT,19:44908684,rs429358,SCREENING 1,2013-06-09,-10
01-709-1309,SNV,Single Nucleotide Variation,GENOTYPE,C/C,C/C,C/C,19,APOE,GENE WITH PROTEIN PRODUCT,19:44908822,rs7412,SCREENING 1,2013-06-09,-10
01-709-1309,SNV,Single Nucleotide Variation,GENOTYPE,T/T,T/T,T/T,19,ABCA7,GENE WITH PROTEIN PRODUCT,19:1046521,rs3764650,SCREENING 1,2013-06-09,-10
01-709-1309,SNV,Single Nucleotide Variation,GENOTYPE,A/A,A/A,A/A,2,BIN1,GENE WITH PROTEIN PRODUCT,2:127137039,rs744373,SCREENING 1,2013-06-09,-10
01-709-1309,SNV,Single Nucleotide Variation,GENOTYPE,T/C,T/T,T/T,8,CLU,GENE WITH PROTEIN PRODUCT,8:27607002,rs11136000,SCREENING 1,2013-06-09,-10
01-709-1309,SNV,Single Nucleotide Variation,GENOTYPE,A/G,A/A,A/A,1,CR1,GENE WITH PROTEIN PRODUCT,1:207518704,rs6656401,SCREENING 1,2013-06-09,-10
01-709-1309,SNV,Single Nucleotide Variation,GENOTYPE,T/T,T/T,T/T,7,EPHA1,GENE WITH PROTEIN PRODUCT,7:143412046,rs11767557,SCREENING 1,2013-06-09,-10
01-709-1309,SNV,Single Nucleotide Variation,GENOTYPE,C/C,T/T,T/T,11,MS4A6A,GENE WITH PROTEIN PRODUCT,11:60171834,rs610932,SCREENING 1,2013-06-09,-10
01-709-1309,SNV,Single Nucleotide Variation,GENOTYPE,T/T,T/T,T/T,11,PICALM,GENE WITH PROTEIN PRODUCT,11:86157598,rs3851179,SCREENING 1,2013-06-09,-10
01-709-1309,SNV,Single Nucleotide Variation,GENOTYPE,T/T,T/T,T/T,11,SORL1,GENE WITH PROTEIN PRODUCT,11:121564878,rs11218343,SCREENING 1,2013-06-09,-10
01-709-1309,SNV,Single Nucleotide Variation,GENOTYPE,C/C,C/C,C/C,6,TREM2,GENE WITH PROTEIN PRODUCT,6:41161514,rs75932628,SCREENING 1,2013-06-09,-10
01-709-1309,SNV,Single Nucleotide Variation,GENOTYPE,C/C,C/C,C/C,19,CD33,GENE WITH PROTEIN PRODUCT,19:51224706,rs3865444,SCREENING 1,2013-06-09,-10
01-709-1312,SNV,Single Nucleotide Variation,GENOTYPE,T/T,T/T,T/T,19,APOE,GENE WITH PROTEIN PRODUCT,19:44908684,rs429358,SCREENING 1,2014-04-13,-7
01-709-1312,SNV,Single Nucleotide Variation,GENOTYPE,C/C,C/C,C/C,19,APOE,GENE WITH PROTEIN PRODUCT,19:44908822,rs7412,SCREENING 1,2014-04-13,-7
01-709-1312,SNV,Single Nucleotide Variation,GENOTYPE,T/G,T/T,T/T,19,ABCA7,GENE WITH PROTEIN PRODUCT,19:1046521,rs3764650,SCREENING 1,2014-04-13,-7
01-709-1312,SNV,Single Nucleotide Variation,GENOTYPE,A/A,A/A,A/A,2,BIN1,GENE WITH PROTEIN PRODUCT,2:127137039,rs744373,SCREENING 1,2014-04-13,-7
01-709-1312,SNV,Single Nucleotide Variation,GENOTYPE,C/C,T/T,T/T,8,CLU,GENE WITH PROTEIN PRODUCT,8:27607002,rs11136000,SCREENING 1,2014-04-13,-7
01-709-1312,SNV,Single Nucleotide Variation,GENOTYPE,A/G,A/A,A/A,1,CR1,GENE WITH PROTEIN PRODUCT,1:207518704,rs6656401,SCREENING 1,2014-04-13,-7
01-709-1312,SNV,Single Nucleotide Variation,GENOTYPE,T/T,T/T,T/T,7,EPHA1,GENE WITH PROTEIN PRODUCT,7:143412046,rs11767557,SCREENING 1,2014-04-13,-7
01-709-1312,SNV,Single Nucleotide Variation,GENOTYPE,T/T,T/T,T/T,11,MS4A6A,GENE WITH PROTEIN PRODUCT,11:60171834,rs610932,SCREENING 1,2014-04-13,-7
01-709-1312,SNV,Single Nucleotide Variation,GENOTYPE,C/C,T/T,T/T,11,PICALM,GENE WITH PROTEIN PRODUCT,11:86157598,rs3851179,SCREENING 1,2014-04-13,-7
01-709-1312,SNV,Single Nucleotide Variation,GENOTYPE,T/T,T/T,T/T,11,SORL1,GENE WITH PROTEIN PRODUCT,11:121564878,rs11218343,SCREENING 1,2014-04-13,-7
01-709-1312,SNV,Single Nucleotide Variation,GENOTYPE,C/C,C/C,C/C,6,TREM2,GENE WITH PROTEIN PRODUCT,6:41161514,rs75932628,SCREENING 1,2014-04-13,-7
01-709-1312,SNV,Single Nucleotide Variation,GENOTYPE,A/A,C/C,C/C,19,CD33,GENE WITH PROTEIN PRODUCT,19:51224706,rs3865444,SCREENING 1,2014-04-13,-7
01-709-1326,SNV,Single Nucleotide Variation,GENOTYPE,T/T,T/T,T/T,19,APOE,GENE WITH PROTEIN PRODUCT,19:44908684,rs429358,SCREENING 1,2013-03-21,-15
01-709-1326,SNV,Single Nucleotide Variation,GENOTYPE,C/T,C/C,C/C,19,APOE,GENE WITH PROTEIN PRODUCT,19:44908822,rs7412,SCREENING 1,2013-03-21,-15
01-709-1326,SNV,Single Nucleotide Variation,GENOTYPE,T/T,T/T,T/T,19,ABCA7,GENE WITH PROTEIN PRODUCT,19:1046521,rs3764650,SCREENING 1,2013-03-21,-15
01-709-1326,SNV,Single Nucleotide Variation,GENOTYPE,A/G,A/A,A/A,2,BIN1,GENE WITH PROTEIN PRODUCT,2:127137039,rs744373,SCREENING 1,2013-03-21,-15
01-709-1326,SNV,Single Nucleotide Variation,GENOTYPE,T/T,T/T,T/T,8,CLU,GENE WITH PROTEIN PRODUCT,8:27607002,rs11136000,SCREENING 1,2013-03-21,-15
01-709-1326,SNV,Single Nucleotide Variation,GENOTYPE,A/G,A/A,A/A,1,CR1,GENE WITH PROTEIN PRODUCT,1:207518704,rs6656401,SCREENING 1,2013-03-21,-15
01-709-1326,SNV,Single Nucleotide Variation,GENOTYPE,T/T,T/T,T/T,7,EPHA1,GENE WITH PROTEIN PRODUCT,7:143412046,rs11767557,SCREENING 1,2013-03-21,-15
01-709-1326,SNV,Single Nucleotide Variation,GENOTYPE,T/T,T/T,T/T,11,MS4A6A,GENE WITH PROTEIN PRODUCT,11:60171834,rs610932,SCREENING 1,2013-03-21,-15
01-709-1326,SNV,Single Nucleotide Variation,GENOTYPE,T/T,T/T,T/T,11,PICALM,GENE WITH PROTEIN PRODUCT,11:86157598,rs3851179,SCREENING 1,2013-03-21,-15
01-709-1326,SNV,Single Nucleotide Variation,GENOTYPE,T/T,T/T,T/T,11,SORL1,GENE WITH PROTEIN PRODUCT,11:121564878,rs11218343,SCREENING 1,2013-03-21,-15
01-709-1326,SNV,Single Nucleotide Variation,GENOTYPE,C/C,C/C,C/C,6,TREM2,GENE WITH PROTEIN PRODUCT,6:41161514,rs75932628,SCREENING 1,2013-03-21,-15
01-709-1326,SNV,Single Nucleotide Variation,GENOTYPE,C/A,C/C,C/C,19,CD33,GENE WITH PROTEIN PRODUCT,19:51224706,rs3865444,SCREENING 1,2013-03-21,-15
01-709-1329,SNV,Single Nucleotide Variation,GENOTYPE,T/T,T/T,T/T,19,APOE,GENE WITH PROTEIN PRODUCT,19:44908684,rs429358,SCREENING 1,2013-08-01,-14
01-709-1329,SNV,Single Nucleotide Variation,GENOTYPE,C/C,C/C,C/C,19,APOE,GENE WITH PROTEIN PRODUCT,19:44908822,rs7412,SCREENING 1,2013-08-01,-14
01-709-1329,SNV,Single Nucleotide Variation,GENOTYPE,T/G,T/T,T/T,19,ABCA7,GENE WITH PROTEIN PRODUCT,19:1046521,rs3764650,SCREENING 1,2013-08-01,-14
01-709-1329,SNV,Single Nucleotide Variation,GENOTYPE,A/G,A/A,A/A,2,BIN1,GENE WITH PROTEIN PRODUCT,2:127137039,rs744373,SCREENING 1,2013-08-01,-14
01-709-1329,SNV,Single Nucleotide Variation,GENOTYPE,C/C,T/T,T/T,8,CLU,GENE WITH PROTEIN PRODUCT,8:27607002,rs11136000,SCREENING 1,2013-08-01,-14
01-709-1329,SNV,Single Nucleotide Variation,GENOTYPE,A/A,A/A,A/A,1,CR1,GENE WITH PROTEIN PRODUCT,1:207518704,rs6656401,SCREENING 1,2013-08-01,-14
01-709-1329,SNV,Single Nucleotide Variation,GENOTYPE,T/C,T/T,T/T,7,EPHA1,GENE WITH PROTEIN PRODUCT,7:143412046,rs11767557,SCREENING 1,2013-08-01,-14
01-709-1329,SNV,Single Nucleotide Variation,GENOTYPE,T/C,T/T,T/T,11,MS4A6A,GENE WITH PROTEIN PRODUCT,11:60171834,rs610932,SCREENING 1,2013-08-01,-14
01-709-1329,SNV,Single Nucleotide Variation,GENOTYPE,T/T,T/T,T/T,11,PICALM,GENE WITH PROTEIN PRODUCT,11:86157598,rs3851179,SCREENING 1,2013-08-01,-14
01-709-1329,SNV,Single Nucleotide Variation,GENOTYPE,T/T,T/T,T/T,11,SORL1,GENE WITH PROTEIN PRODUCT,11:121564878,rs11218343,SCREENING 1,2013-08-01,-14
01-709-1329,SNV,Single Nucleotide Variation,GENOTYPE,C/C,C/C,C/C,6,TREM2,GENE WITH PROTEIN PRODUCT,6:41161514,rs75932628,SCREENING 1,2013-08-01,-14
01-709-1329,SNV,Single Nucleotide Variation,GENOTYPE,C/C,C/C,C/C,19,CD33,GENE WITH PROTEIN PRODUCT,19:51224706,rs3865444,SCREENING 1,2013-08-01,-14
01-709-1339,SNV,Single Nucleotide Variation,GENOTYPE,T/T,T/T,T/T,19,APOE,GENE WITH PROTEIN PRODUCT,19:44908684,rs429358,SCREENING 1,2012-12-15,-8
01-709-1339,SNV,Single Nucleotide Variation,GENOTYPE,C/C,C/C,C/C,19,APOE,GENE WITH PROTEIN PRODUCT,19:44908822,rs7412,SCREENING 1,2012-12-15,-8
01-709-1339,SNV,Single Nucleotide Variation,GENOTYPE,T/T,T/T,T/T,19,ABCA7,GENE WITH PROTEIN PRODUCT,19:1046521,rs3764650,SCREENING 1,2012-12-15,-8
01-709-1339,SNV,Single Nucleotide Variation,GENOTYPE,G/G,A/A,A/A,2,BIN1,GENE WITH PROTEIN PRODUCT,2:127137039,rs744373,SCREENING 1,2012-12-15,-8
01-709-1339,SNV,Single Nucleotide Variation,GENOTYPE,C/C,T/T,T/T,8,CLU,GENE WITH PROTEIN PRODUCT,8:27607002,rs11136000,SCREENING 1,2012-12-15,-8
01-709-1339,SNV,Single Nucleotide Variation,GENOTYPE,A/G,A/A,A/A,1,CR1,GENE WITH PROTEIN PRODUCT,1:207518704,rs6656401,SCREENING 1,2012-12-15,-8
01-709-1339,SNV,Single Nucleotide Variation,GENOTYPE,T/T,T/T,T/T,7,EPHA1,GENE WITH PROTEIN PRODUCT,7:143412046,rs11767557,SCREENING 1,2012-12-15,-8
01-709-1339,SNV,Single Nucleotide Variation,GENOTYPE,T/T,T/T,T/T,11,MS4A6A,GENE WITH PROTEIN PRODUCT,11:60171834,rs610932,SCREENING 1,2012-12-15,-8
01-709-1339,SNV,Single Nucleotide Variation,GENOTYPE,C/C,T/T,T/T,11,PICALM,GENE WITH PROTEIN PRODUCT,11:86157598,rs3851179,SCREENING 1,2012-12-15,-8
01-709-1339,SNV,Single Nucleotide Variation,GENOTYPE,T/T,T/T,T/T,11,SORL1,GENE WITH PROTEIN PRODUCT,11:121564878,rs11218343,SCREENING 1,2012-12-15,-8
01-709-1339,SNV,Single Nucleotide Variation,GENOTYPE,C/C,C/C,C/C,6,TREM2,GENE WITH PROTEIN PRODUCT,6:41161514,rs75932628,SCREENING 1,2012-12-15,-8
01-709-1339,SNV,Single Nucleotide Variation,GENOTYPE,A/A,C/C,C/C,19,CD33,GENE WITH PROTEIN PRODUCT,19:51224706,rs3865444,SCREENING 1,2012-12-15,-8
01-709-1424,SNV,Single Nucleotide Variation,GENOTYPE,T/T,T/T,T/T,19,APOE,GENE WITH PROTEIN PRODUCT,19:44908684,rs429358,SCREENING 1,2013-02-15,-16
01-709-1424,SNV,Single Nucleotide Variation,GENOTYPE,C/C,C/C,C/C,19,APOE,GENE WITH PROTEIN PRODUCT,19:44908822,rs7412,SCREENING 1,2013-02-15,-16
01-709-1424,SNV,Single Nucleotide Variation,GENOTYPE,T/G,T/T,T/T,19,ABCA7,GENE WITH PROTEIN PRODUCT,19:1046521,rs3764650,SCREENING 1,2013-02-15,-16
01-709-1424,SNV,Single Nucleotide Variation,GENOTYPE,A/G,A/A,A/A,2,BIN1,GENE WITH PROTEIN PRODUCT,2:127137039,rs744373,SCREENING 1,2013-02-15,-16
01-709-1424,SNV,Single Nucleotide Variation,GENOTYPE,T/T,T/T,T/T,8,CLU,GENE WITH PROTEIN PRODUCT,8:27607002,rs11136000,SCREENING 1,2013-02-15,-16
01-709-1424,SNV,Single Nucleotide Variation,GENOTYPE,A/A,A/A,A/A,1,CR1,GENE WITH PROTEIN PRODUCT,1:207518704,rs6656401,SCREENING 1,2013-02-15,-16
01-709-1424,SNV,Single Nucleotide Variation,GENOTYPE,T/T,T/T,T/T,7,EPHA1,GENE WITH PROTEIN PRODUCT,7:143412046,rs11767557,SCREENING 1,2013-02-15,-16
01-709-1424,SNV,Single Nucleotide Variation,GENOTYPE,T/C,T/T,T/T,11,MS4A6A,GENE WITH PROTEIN PRODUCT,11:60171834,rs610932,SCREENING 1,2013-02-15,-16
01-709-1424,SNV,Single Nucleotide Variation,GENOTYPE,T/T,T/T,T/T,11,PICALM,GENE WITH PROTEIN PRODUCT,11:86157598,rs3851179,SCREENING 1,2013-02-15,-16
01-709-1424,SNV,Single Nucleotide Variation,GENOTYPE,T/T,T/T,T/T,11,SORL1,GENE WITH PROTEIN PRODUCT,11:121564878,rs11218343,SCREENING 1,2013-02-15,-16
01-709-1424,SNV,Single Nucleotide Variation,GENOTYPE,C/C,C/C,C/C,6,TREM2,GENE WITH PROTEIN PRODUCT,6:41161514,rs75932628,SCREENING 1,2013-02-15,-16
01-709-1424,SNV,Single Nucleotide Variation,GENOTYPE,C/C,C/C,C/C,19,CD33,GENE WITH PROTEIN PRODUCT,19:51224706,rs3865444,SCREENING 1,2013-02-15,-16
01-710-1002,SNV,Single Nucleotide Variation,GENOTYPE,T/C,T/T,T/T,19,APOE,GENE WITH PROTEIN PRODUCT,19:44908684,rs429358,SCREENING 1,2013-12-30,-15
01-710-1002,SNV,Single Nucleotide Variation,GENOTYPE,C/C,C/C,C/C,19,APOE,GENE WITH PROTEIN PRODUCT,19:44908822,rs7412,SCREENING 1,2013-12-30,-15
01-710-1002,SNV,Single Nucleotide Variation,GENOTYPE,T/G,T/T,T/T,19,ABCA7,GENE WITH PROTEIN PRODUCT,19:1046521,rs3764650,SCREENING 1,2013-12-30,-15
01-710-1002,SNV,Single Nucleotide Variation,GENOTYPE,A/G,A/A,A/A,2,BIN1,GENE WITH PROTEIN PRODUCT,2:127137039,rs744373,SCREENING 1,2013-12-30,-15
01-710-1002,SNV,Single Nucleotide Variation,GENOTYPE,T/C,T/T,T/T,8,CLU,GENE WITH PROTEIN PRODUCT,8:27607002,rs11136000,SCREENING 1,2013-12-30,-15
01-710-1002,SNV,Single Nucleotide Variation,GENOTYPE,A/A,A/A,A/A,1,CR1,GENE WITH PROTEIN PRODUCT,1:207518704,rs6656401,SCREENING 1,2013-12-30,-15
01-710-1002,SNV,Single Nucleotide Variation,GENOTYPE,T/T,T/T,T/T,7,EPHA1,GENE WITH PROTEIN PRODUCT,7:143412046,rs11767557,SCREENING 1,2013-12-30,-15
01-710-1002,SNV,Single Nucleotide Variation,GENOTYPE,T/C,T/T,T/T,11,MS4A6A,GENE WITH PROTEIN PRODUCT,11:60171834,rs610932,SCREENING 1,2013-12-30,-15
01-710-1002,SNV,Single Nucleotide Variation,GENOTYPE,C/C,T/T,T/T,11,PICALM,GENE WITH PROTEIN PRODUCT,11:86157598,rs3851179,SCREENING 1,2013-12-30,-15
01-710-1002,SNV,Single Nucleotide Variation,GENOTYPE,T/T,T/T,T/T,11,SORL1,GENE WITH PROTEIN PRODUCT,11:121564878,rs11218343,SCREENING 1,2013-12-30,-15
01-710-1002,SNV,Single Nucleotide Variation,GENOTYPE,C/C,C/C,C/C,6,TREM2,GENE WITH PROTEIN PRODUCT,6:41161514,rs75932628,SCREENING 1,2013-12-30,-15
01-710-1002,SNV,Single Nucleotide Variation,GENOTYPE,C/C,C/C,C/C,19,CD33,GENE WITH PROTEIN PRODUCT,19:51224706,rs3865444,SCREENING 1,2013-12-30,-15
01-710-1006,SNV,Single Nucleotide Variation,GENOTYPE,T/C,T/T,T/T,19,APOE,GENE WITH PROTEIN PRODUCT,19:44908684,rs429358,SCREENING 1,2013-01-27,-14
01-710-1006,SNV,Single Nucleotide Variation,GENOTYPE,C/C,C/C,C/C,19,APOE,GENE WITH PROTEIN PRODUCT,19:44908822,rs7412,SCREENING 1,2013-01-27,-14
01-710-1006,SNV,Single Nucleotide Variation,GENOTYPE,T/G,T/T,T/T,19,ABCA7,GENE WITH PROTEIN PRODUCT,19:1046521,rs3764650,SCREENING 1,2013-01-27,-14
01-710-1006,SNV,Single Nucleotide Variation,GENOTYPE,A/A,A/A,A/A,2,BIN1,GENE WITH PROTEIN PRODUCT,2:127137039,rs744373,SCREENING 1,2013-01-27,-14
01-710-1006,SNV,Single Nucleotide Variation,GENOTYPE,T/T,T/T,T/T,8,CLU,GENE WITH PROTEIN PRODUCT,8:27607002,rs11136000,SCREENING 1,2013-01-27,-14
01-710-1006,SNV,Single Nucleotide Variation,GENOTYPE,A/G,A/A,A/A,1,CR1,GENE WITH PROTEIN PRODUCT,1:207518704,rs6656401,SCREENING 1,2013-01-27,-14
01-710-1006,SNV,Single Nucleotide Variation,GENOTYPE,C/C,T/T,T/T,7,EPHA1,GENE WITH PROTEIN PRODUCT,7:143412046,rs11767557,SCREENING 1,2013-01-27,-14
01-710-1006,SNV,Single Nucleotide Variation,GENOTYPE,T/C,T/T,T/T,11,MS4A6A,GENE WITH PROTEIN PRODUCT,11:60171834,rs610932,SCREENING 1,2013-01-27,-14
01-710-1006,SNV,Single Nucleotide Variation,GENOTYPE,T/T,T/T,T/T,11,PICALM,GENE WITH PROTEIN PRODUCT,11:86157598,rs3851179,SCREENING 1,2013-01-27,-14
01-710-1006,SNV,Single Nucleotide Variation,GENOTYPE,T/T,T/T,T/T,11,SORL1,GENE WITH PROTEIN PRODUCT,11:121564878,rs11218343,SCREENING 1,2013-01-27,-14
01-710-1006,SNV,Single Nucleotide Variation,GENOTYPE,C/C,C/C,C/C,6,TREM2,GENE WITH PROTEIN PRODUCT,6:41161514,rs75932628,SCREENING 1,2013-01-27,-14
01-710-1006,SNV,Single Nucleotide Variation,GENOTYPE,C/A,C/C,C/C,19,CD33,GENE WITH PROTEIN PRODUCT,19:51224706,rs3865444,SCREENING 1,2013-01-27,-14
01-710-1021,SNV,Single Nucleotide Variation,GENOTYPE,T/C,T/T,T/T,19,APOE,GENE WITH PROTEIN PRODUCT,19:44908684,rs429358,SCREENING 1,2013-09-19,-8
01-710-1021,SNV,Single Nucleotide Variation,GENOTYPE,C/T,C/C,C/C,19,APOE,GENE WITH PROTEIN PRODUCT,19:44908822,rs7412,SCREENING 1,2013-09-19,-8
01-710-1021,SNV,Single Nucleotide Variation,GENOTYPE,T/T,T/T,T/T,19,ABCA7,GENE WITH PROTEIN PRODUCT,19:1046521,rs3764650,SCREENING 1,2013-09-19,-8
01-710-1021,SNV,Single Nucleotide Variation,GENOTYPE,G/G,A/A,A/A,2,BIN1,GENE WITH PROTEIN PRODUCT,2:127137039,rs744373,SCREENING 1,2013-09-19,-8
01-710-1021,SNV,Single Nucleotide Variation,GENOTYPE,T/T,T/T,T/T,8,CLU,GENE WITH PROTEIN PRODUCT,8:27607002,rs11136000,SCREENING 1,2013-09-19,-8
01-710-1021,SNV,Single Nucleotide Variation,GENOTYPE,A/G,A/A,A/A,1,CR1,GENE WITH PROTEIN PRODUCT,1:207518704,rs6656401,SCREENING 1,2013-09-19,-8
01-710-1021,SNV,Single Nucleotide Variation,GENOTYPE,T/T,T/T,T/T,7,EPHA1,GENE WITH PROTEIN PRODUCT,7:143412046,rs11767557,SCREENING 1,2013-09-19,-8
01-710-1021,SNV,Single Nucleotide Variation,GENOTYPE,T/C,T/T,T/T,11,MS4A6A,GENE WITH PROTEIN PRODUCT,11:60171834,rs610932,SCREENING 1,2013-09-19,-8
01-710-1021,SNV,Single Nucleotide Variation,GENOTYPE,T/C,T/T,T/T,11,PICALM,GENE WITH PROTEIN PRODUCT,11:86157598,rs3851179,SCREENING 1,2013-09-19,-8
01-710-1021,SNV,Single Nucleotide Variation,GENOTYPE,T/T,T/T,T/T,11,SORL1,GENE WITH PROTEIN PRODUCT,11:121564878,rs11218343,SCREENING 1,2013-09-19,-8
01-710-1021,SNV,Single Nucleotide Variation,GENOTYPE,C/C,C/C,C/C,6,TREM2,GENE WITH PROTEIN PRODUCT,6:41161514,rs75932628,SCREENING 1,2013-09-19,-8
01-710-1021,SNV,Single Nucleotide Variation,GENOTYPE,C/C,C/C,C/C,19,CD33,GENE WITH PROTEIN PRODUCT,19:51224706,rs3865444,SCREENING 1,2013-09-19,-8
01-710-1027,SNV,Single Nucleotide Variation,GENOTYPE,T/C,T/T,T/T,19,APOE,GENE WITH PROTEIN PRODUCT,19:44908684,rs429358,SCREENING 1,2014-02-03,-25
01-710-1027,SNV,Single Nucleotide Variation,GENOTYPE,C/C,C/C,C/C,19,APOE,GENE WITH PROTEIN PRODUCT,19:44908822,rs7412,SCREENING 1,2014-02-03,-25
01-710-1027,SNV,Single Nucleotide Variation,GENOTYPE,T/T,T/T,T/T,19,ABCA7,GENE WITH PROTEIN PRODUCT,19:1046521,rs3764650,SCREENING 1,2014-02-03,-25
01-710-1027,SNV,Single Nucleotide Variation,GENOTYPE,A/A,A/A,A/A,2,BIN1,GENE WITH PROTEIN PRODUCT,2:127137039,rs744373,SCREENING 1,2014-02-03,-25
01-710-1027,SNV,Single Nucleotide Variation,GENOTYPE,T/T,T/T,T/T,8,CLU,GENE WITH PROTEIN PRODUCT,8:27607002,rs11136000,SCREENING 1,2014-02-03,-25
01-710-1027,SNV,Single Nucleotide Variation,GENOTYPE,A/A,A/A,A/A,1,CR1,GENE WITH PROTEIN PRODUCT,1:207518704,rs6656401,SCREENING 1,2014-02-03,-25
01-710-1027,SNV,Single Nucleotide Variation,GENOTYPE,T/C,T/T,T/T,7,EPHA1,GENE WITH PROTEIN PRODUCT,7:143412046,rs11767557,SCREENING 1,2014-02-03,-25
01-710-1027,SNV,Single Nucleotide Variation,GENOTYPE,T/C,T/T,T/T,11,MS4A6A,GENE WITH PROTEIN PRODUCT,11:60171834,rs610932,SCREENING 1,2014-02-03,-25
01-710-1027,SNV,Single Nucleotide Variation,GENOTYPE,T/C,T/T,T/T,11,PICALM,GENE WITH PROTEIN PRODUCT,11:86157598,rs3851179,SCREENING 1,2014-02-03,-25
01-710-1027,SNV,Single Nucleotide Variation,GENOTYPE,T/C,T/T,T/T,11,SORL1,GENE WITH PROTEIN PRODUCT,11:121564878,rs11218343,SCREENING 1,2014-02-03,-25
01-710-1027,SNV,Single Nucleotide Variation,GENOTYPE,C/C,C/C,C/C,6,TREM2,GENE WITH PROTEIN PRODUCT,6:41161514,rs75932628,SCREENING 1,2014-02-03,-25
01-710-1027,SNV,Single Nucleotide Variation,GENOTYPE,C/A,C/C,C/C,19,CD33,GENE WITH PROTEIN PRODUCT,19:51224706,rs3865444,SCREENING 1,2014-02-03,-25
01-710-1045,SNV,Single Nucleotide Variation,GENOTYPE,T/C,T/T,T/T,19,APOE,GENE WITH PROTEIN PRODUCT,19:44908684,rs429358,SCREENING 1,2013-05-20,-14
01-710-1045,SNV,Single Nucleotide Variation,GENOTYPE,C/C,C/C,C/C,19,APOE,GENE WITH PROTEIN PRODUCT,19:44908822,rs7412,SCREENING 1,2013-05-20,-14
01-710-1045,SNV,Single Nucleotide Variation,GENOTYPE,T/T,T/T,T/T,19,ABCA7,GENE WITH PROTEIN PRODUCT,19:1046521,rs3764650,SCREENING 1,2013-05-20,-14
01-710-1045,SNV,Single Nucleotide Variation,GENOTYPE,A/A,A/A,A/A,2,BIN1,GENE WITH PROTEIN PRODUCT,2:127137039,rs744373,SCREENING 1,2013-05-20,-14
01-710-1045,SNV,Single Nucleotide Variation,GENOTYPE,T/T,T/T,T/T,8,CLU,GENE WITH PROTEIN PRODUCT,8:27607002,rs11136000,SCREENING 1,2013-05-20,-14
01-710-1045,SNV,Single Nucleotide Variation,GENOTYPE,A/G,A/A,A/A,1,CR1,GENE WITH PROTEIN PRODUCT,1:207518704,rs6656401,SCREENING 1,2013-05-20,-14
01-710-1045,SNV,Single Nucleotide Variation,GENOTYPE,T/T,T/T,T/T,7,EPHA1,GENE WITH PROTEIN PRODUCT,7:143412046,rs11767557,SCREENING 1,2013-05-20,-14
01-710-1045,SNV,Single Nucleotide Variation,GENOTYPE,C/C,T/T,T/T,11,MS4A6A,GENE WITH PROTEIN PRODUCT,11:60171834,rs610932,SCREENING 1,2013-05-20,-14
01-710-1045,SNV,Single Nucleotide Variation,GENOTYPE,C/C,T/T,T/T,11,PICALM,GENE WITH PROTEIN PRODUCT,11:86157598,rs3851179,SCREENING 1,2013-05-20,-14
01-710-1045,SNV,Single Nucleotide Variation,GENOTYPE,T/T,T/T,T/T,11,SORL1,GENE WITH PROTEIN PRODUCT,11:121564878,rs11218343,SCREENING 1,2013-05-20,-14
01-710-1045,SNV,Single Nucleotide Variation,GENOTYPE,C/C,C/C,C/C,6,TREM2,GENE WITH PROTEIN PRODUCT,6:41161514,rs75932628,SCREENING 1,2013-05-20,-14
01-710-1045,SNV,Single Nucleotide Variation,GENOTYPE,C/C,C/C,C/C,19,CD33,GENE WITH PROTEIN PRODUCT,19:51224706,rs3865444,SCREENING 1,2013-05-20,-14
01-710-1053,SNV,Single Nucleotide Variation,GENOTYPE,T/T,T/T,T/T,19,APOE,GENE WITH PROTEIN PRODUCT,19:44908684,rs429358,SCREENING 1,2012-12-15,-11
01-710-1053,SNV,Single Nucleotide Variation,GENOTYPE,C/C,C/C,C/C,19,APOE,GENE WITH PROTEIN PRODUCT,19:44908822,rs7412,SCREENING 1,2012-12-15,-11
01-710-1053,SNV,Single Nucleotide Variation,GENOTYPE,T/G,T/T,T/T,19,ABCA7,GENE WITH PROTEIN PRODUCT,19:1046521,rs3764650,SCREENING 1,2012-12-15,-11
01-710-1053,SNV,Single Nucleotide Variation,GENOTYPE,A/A,A/A,A/A,2,BIN1,GENE WITH PROTEIN PRODUCT,2:127137039,rs744373,SCREENING 1,2012-12-15,-11
01-710-1053,SNV,Single Nucleotide Variation,GENOTYPE,T/C,T/T,T/T,8,CLU,GENE WITH PROTEIN PRODUCT,8:27607002,rs11136000,SCREENING 1,2012-12-15,-11
01-710-1053,SNV,Single Nucleotide Variation,GENOTYPE,A/A,A/A,A/A,1,CR1,GENE WITH PROTEIN PRODUCT,1:207518704,rs6656401,SCREENING 1,2012-12-15,-11
01-710-1053,SNV,Single Nucleotide Variation,GENOTYPE,T/T,T/T,T/T,7,EPHA1,GENE WITH PROTEIN PRODUCT,7:143412046,rs11767557,SCREENING 1,2012-12-15,-11
01-710-1053,SNV,Single Nucleotide Variation,GENOTYPE,C/C,T/T,T/T,11,MS4A6A,GENE WITH PROTEIN PRODUCT,11:60171834,rs610932,SCREENING 1,2012-12-15,-11
01-710-1053,SNV,Single Nucleotide Variation,GENOTYPE,T/C,T/T,T/T,11,PICALM,GENE WITH PROTEIN PRODUCT,11:86157598,rs3851179,SCREENING 1,2012-12-15,-11
01-710-1053,SNV,Single Nucleotide Variation,GENOTYPE,T/T,T/T,T/T,11,SORL1,GENE WITH PROTEIN PRODUCT,11:121564878,rs11218343,SCREENING 1,2012-12-15,-11
01-710-1053,SNV,Single Nucleotide Variation,GENOTYPE,C/C,C/C,C/C,6,TREM2,GENE WITH PROTEIN PRODUCT,6:41161514,rs75932628,SCREENING 1,2012-12-15,-11
01-710-1053,SNV,Single Nucleotide Variation,GENOTYPE,C/C,C/C,C/C,19,CD33,GENE WITH PROTEIN PRODUCT,19:51224706,rs3865444,SCREENING 1,2012-12-15,-11
01-710-1060,SNV,Single Nucleotide Variation,GENOTYPE,T/T,T/T,T/T,19,APOE,GENE WITH PROTEIN PRODUCT,19:44908684,rs429358,SCREENING 1,2012-12-24,-8
01-710-1060,SNV,Single Nucleotide Variation,GENOTYPE,C/C,C/C,C/C,19,APOE,GENE WITH PROTEIN PRODUCT,19:44908822,rs7412,SCREENING 1,2012-12-24,-8
01-710-1060,SNV,Single Nucleotide Variation,GENOTYPE,G/G,T/T,T/T,19,ABCA7,GENE WITH PROTEIN PRODUCT,19:1046521,rs3764650,SCREENING 1,2012-12-24,-8
01-710-1060,SNV,Single Nucleotide Variation,GENOTYPE,A/A,A/A,A/A,2,BIN1,GENE WITH PROTEIN PRODUCT,2:127137039,rs744373,SCREENING 1,2012-12-24,-8
01-710-1060,SNV,Single Nucleotide Variation,GENOTYPE,T/C,T/T,T/T,8,CLU,GENE WITH PROTEIN PRODUCT,8:27607002,rs11136000,SCREENING 1,2012-12-24,-8
01-710-1060,SNV,Single Nucleotide Variation,GENOTYPE,A/G,A/A,A/A,1,CR1,GENE WITH PROTEIN PRODUCT,1:207518704,rs6656401,SCREENING 1,2012-12-24,-8
01-710-1060,SNV,Single Nucleotide Variation,GENOTYPE,T/T,T/T,T/T,7,EPHA1,GENE WITH PROTEIN PRODUCT,7:143412046,rs11767557,SCREENING 1,2012-12-24,-8
01-710-1060,SNV,Single Nucleotide Variation,GENOTYPE,T/T,T/T,T/T,11,MS4A6A,GENE WITH PROTEIN PRODUCT,11:60171834,rs610932,SCREENING 1,2012-12-24,-8
01-710-1060,SNV,Single Nucleotide Variation,GENOTYPE,T/C,T/T,T/T,11,PICALM,GENE WITH PROTEIN PRODUCT,11:86157598,rs3851179,SCREENING 1,2012-12-24,-8
01-710-1060,SNV,Single Nucleotide Variation,GENOTYPE,T/T,T/T,T/T,11,SORL1,GENE WITH PROTEIN PRODUCT,11:121564878,rs11218343,SCREENING 1,2012-12-24,-8
01-710-1060,SNV,Single Nucleotide Variation,GENOTYPE,C/C,C/C,C/C,6,TREM2,GENE WITH PROTEIN PRODUCT,6:41161514,rs75932628,SCREENING 1,2012-12-24,-8
01-710-1060,SNV,Single Nucleotide Variation,GENOTYPE,C/C,C/C,C/C,19,CD33,GENE WITH PROTEIN PRODUCT,19:51224706,rs3865444,SCREENING 1,2012-12-24,-8
01-710-1070,SNV,Single Nucleotide Variation,GENOTYPE,T/T,T/T,T/T,19,APOE,GENE WITH PROTEIN PRODUCT,19:44908684,rs429358,SCREENING 1,2012-08-28,-11
01-710-1070,SNV,Single Nucleotide Variation,GENOTYPE,C/C,C/C,C/C,19,APOE,GENE WITH PROTEIN PRODUCT,19:44908822,rs7412,SCREENING 1,2012-08-28,-11
01-710-1070,SNV,Single Nucleotide Variation,GENOTYPE,T/T,T/T,T/T,19,ABCA7,GENE WITH PROTEIN PRODUCT,19:1046521,rs3764650,SCREENING 1,2012-08-28,-11
01-710-1070,SNV,Single Nucleotide Variation,GENOTYPE,A/A,A/A,A/A,2,BIN1,GENE WITH PROTEIN PRODUCT,2:127137039,rs744373,SCREENING 1,2012-08-28,-11
01-710-1070,SNV,Single Nucleotide Variation,GENOTYPE,T/T,T/T,T/T,8,CLU,GENE WITH PROTEIN PRODUCT,8:27607002,rs11136000,SCREENING 1,2012-08-28,-11
01-710-1070,SNV,Single Nucleotide Variation,GENOTYPE,G/G,A/A,A/A,1,CR1,GENE WITH PROTEIN PRODUCT,1:207518704,rs6656401,SCREENING 1,2012-08-28,-11
01-710-1070,SNV,Single Nucleotide Variation,GENOTYPE,T/T,T/T,T/T,7,EPHA1,GENE WITH PROTEIN PRODUCT,7:143412046,rs11767557,SCREENING 1,2012-08-28,-11
01-710-1070,SNV,Single Nucleotide Variation,GENOTYPE,T/C,T/T,T/T,11,MS4A6A,GENE WITH PROTEIN PRODUCT,11:60171834,rs610932,SCREENING 1,2012-08-28,-11
01-710-1070,SNV,Single Nucleotide Variation,GENOTYPE,T/T,T/T,T/T,11,PICALM,GENE WITH PROTEIN PRODUCT,11:86157598,rs3851179,SCREENING 1,2012-08-28,-11
01-710-1070,SNV,Single Nucleotide Variation,GENOTYPE,T/T,T/T,T/T,11,SORL1,GENE WITH PROTEIN PRODUCT,11:121564878,rs11218343,SCREENING 1,2012-08-28,-11
01-710-1070,SNV,Single Nucleotide Variation,GENOTYPE,C/C,C/C,C/C,6,TREM2,GENE WITH PROTEIN PRODUCT,6:41161514,rs75932628,SCREENING 1,2012-08-28,-11
01-710-1070,SNV,Single Nucleotide Variation,GENOTYPE,A/A,C/C,C/C,19,CD33,GENE WITH PROTEIN PRODUCT,19:51224706,rs3865444,SCREENING 1,2012-08-28,-11
01-710-1077,SNV,Single Nucleotide Variation,GENOTYPE,T/T,T/T,T/T,19,APOE,GENE WITH PROTEIN PRODUCT,19:44908684,rs429358,SCREENING 1,2013-11-03,-14
01-710-1077,SNV,Single Nucleotide Variation,GENOTYPE,C/C,C/C,C/C,19,APOE,GENE WITH PROTEIN PRODUCT,19:44908822,rs7412,SCREENING 1,2013-11-03,-14
01-710-1077,SNV,Single Nucleotide Variation,GENOTYPE,T/G,T/T,T/T,19,ABCA7,GENE WITH PROTEIN PRODUCT,19:1046521,rs3764650,SCREENING 1,2013-11-03,-14
01-710-1077,SNV,Single Nucleotide Variation,GENOTYPE,A/A,A/A,A/A,2,BIN1,GENE WITH PROTEIN PRODUCT,2:127137039,rs744373,SCREENING 1,2013-11-03,-14
01-710-1077,SNV,Single Nucleotide Variation,GENOTYPE,T/C,T/T,T/T,8,CLU,GENE WITH PROTEIN PRODUCT,8:27607002,rs11136000,SCREENING 1,2013-11-03,-14
01-710-1077,SNV,Single Nucleotide Variation,GENOTYPE,A/G,A/A,A/A,1,CR1,GENE WITH PROTEIN PRODUCT,1:207518704,rs6656401,SCREENING 1,2013-11-03,-14
01-710-1077,SNV,Single Nucleotide Variation,GENOTYPE,T/T,T/T,T/T,7,EPHA1,GENE WITH PROTEIN PRODUCT,7:143412046,rs11767557,SCREENING 1,2013-11-03,-14
01-710-1077,SNV,Single Nucleotide Variation,GENOTYPE,T/T,T/T,T/T,11,MS4A6A,GENE WITH PROTEIN PRODUCT,11:60171834,rs610932,SCREENING 1,2013-11-03,-14
01-710-1077,SNV,Single Nucleotide Variation,GENOTYPE,T/T,T/T,T/T,11,PICALM,GENE WITH PROTEIN PRODUCT,11:86157598,rs3851179,SCREENING 1,2013-11-03,-14
01-710-1077,SNV,Single Nucleotide Variation,GENOTYPE,T/T,T/T,T/T,11,SORL1,GENE WITH PROTEIN PRODUCT,11:121564878,rs11218343,SCREENING 1,2013-11-03,-14
01-710-1077,SNV,Single Nucleotide Variation,GENOTYPE,C/C,C/C,C/C,6,TREM2,GENE WITH PROTEIN PRODUCT,6:41161514,rs75932628,SCREENING 1,2013-11-03,-14
01-710-1077,SNV,Single Nucleotide Variation,GENOTYPE,C/C,C/C,C/C,19,CD33,GENE WITH PROTEIN PRODUCT,19:51224706,rs3865444,SCREENING 1,2013-11-03,-14
01-710-1078,SNV,Single Nucleotide Variation,GENOTYPE,T/C,T/T,T/T,19,APOE,GENE WITH PROTEIN PRODUCT,19:44908684,rs429358,SCREENING 1,2013-09-06,-11
01-710-1078,SNV,Single Nucleotide Variation,GENOTYPE,C/C,C/C,C/C,19,APOE,GENE WITH PROTEIN PRODUCT,19:44908822,rs7412,SCREENING 1,2013-09-06,-11
01-710-1078,SNV,Single Nucleotide Variation,GENOTYPE,T/G,T/T,T/T,19,ABCA7,GENE WITH PROTEIN PRODUCT,19:1046521,rs3764650,SCREENING 1,2013-09-06,-11
01-710-1078,SNV,Single Nucleotide Variation,GENOTYPE,A/A,A/A,A/A,2,BIN1,GENE WITH PROTEIN PRODUCT,2:127137039,rs744373,SCREENING 1,2013-09-06,-11
01-710-1078,SNV,Single Nucleotide Variation,GENOTYPE,T/T,T/T,T/T,8,CLU,GENE WITH PROTEIN PRODUCT,8:27607002,rs11136000,SCREENING 1,2013-09-06,-11
01-710-1078,SNV,Single Nucleotide Variation,GENOTYPE,A/G,A/A,A/A,1,CR1,GENE WITH PROTEIN PRODUCT,1:207518704,rs6656401,SCREENING 1,2013-09-06,-11
01-710-1078,SNV,Single Nucleotide Variation,GENOTYPE,T/C,T/T,T/T,7,EPHA1,GENE WITH PROTEIN PRODUCT,7:143412046,rs11767557,SCREENING 1,2013-09-06,-11
01-710-1078,SNV,Single Nucleotide Variation,GENOTYPE,T/T,T/T,T/T,11,MS4A6A,GENE WITH PROTEIN PRODUCT,11:60171834,rs610932,SCREENING 1,2013-09-06,-11
01-710-1078,SNV,Single Nucleotide Variation,GENOTYPE,C/C,T/T,T/T,11,PICALM,GENE WITH PROTEIN PRODUCT,11:86157598,rs3851179,SCREENING 1,2013-09-06,-11
01-710-1078,SNV,Single Nucleotide Variation,GENOTYPE,T/C,T/T,T/T,11,SORL1,GENE WITH PROTEIN PRODUCT,11:121564878,rs11218343,SCREENING 1,2013-09-06,-11
01-710-1078,SNV,Single Nucleotide Variation,GENOTYPE,C/C,C/C,C/C,6,TREM2,GENE WITH PROTEIN PRODUCT,6:41161514,rs75932628,SCREENING 1,2013-09-06,-11
01-710-1078,SNV,Single Nucleotide Variation,GENOTYPE,C/C,C/C,C/C,19,CD33,GENE WITH PROTEIN PRODUCT,19:51224706,rs3865444,SCREENING 1,2013-09-06,-11
01-710-1083,SNV,Single Nucleotide Variation,GENOTYPE,T/T,T/T,T/T,19,APOE,GENE WITH PROTEIN PRODUCT,19:44908684,rs429358,SCREENING 1,2013-07-09,-13
01-710-1083,SNV,Single Nucleotide Variation,GENOTYPE,C/C,C/C,C/C,19,APOE,GENE WITH PROTEIN PRODUCT,19:44908822,rs7412,SCREENING 1,2013-07-09,-13
01-710-1083,SNV,Single Nucleotide Variation,GENOTYPE,T/G,T/T,T/T,19,ABCA7,GENE WITH PROTEIN PRODUCT,19:1046521,rs3764650,SCREENING 1,2013-07-09,-13
01-710-1083,SNV,Single Nucleotide Variation,GENOTYPE,A/G,A/A,A/A,2,BIN1,GENE WITH PROTEIN PRODUCT,2:127137039,rs744373,SCREENING 1,2013-07-09,-13
01-710-1083,SNV,Single Nucleotide Variation,GENOTYPE,T/T,T/T,T/T,8,CLU,GENE WITH PROTEIN PRODUCT,8:27607002,rs11136000,SCREENING 1,2013-07-09,-13
01-710-1083,SNV,Single Nucleotide Variation,GENOTYPE,A/G,A/A,A/A,1,CR1,GENE WITH PROTEIN PRODUCT,1:207518704,rs6656401,SCREENING 1,2013-07-09,-13
01-710-1083,SNV,Single Nucleotide Variation,GENOTYPE,T/T,T/T,T/T,7,EPHA1,GENE WITH PROTEIN PRODUCT,7:143412046,rs11767557,SCREENING 1,2013-07-09,-13
01-710-1083,SNV,Single Nucleotide Variation,GENOTYPE,T/T,T/T,T/T,11,MS4A6A,GENE WITH PROTEIN PRODUCT,11:60171834,rs610932,SCREENING 1,2013-07-09,-13
01-710-1083,SNV,Single Nucleotide Variation,GENOTYPE,T/T,T/T,T/T,11,PICALM,GENE WITH PROTEIN PRODUCT,11:86157598,rs3851179,SCREENING 1,2013-07-09,-13
01-710-1083,SNV,Single Nucleotide Variation,GENOTYPE,T/T,T/T,T/T,11,SORL1,GENE WITH PROTEIN PRODUCT,11:121564878,rs11218343,SCREENING 1,2013-07-09,-13
01-710-1083,SNV,Single Nucleotide Variation,GENOTYPE,C/C,C/C,C/C,6,TREM2,GENE WITH PROTEIN PRODUCT,6:41161514,rs75932628,SCREENING 1,2013-07-09,-13
01-710-1083,SNV,Single Nucleotide Variation,GENOTYPE,C/C,C/C,C/C,19,CD33,GENE WITH PROTEIN PRODUCT,19:51224706,rs3865444,SCREENING 1,2013-07-09,-13
01-710-1137,SNV,Single Nucleotide Variation,GENOTYPE,T/T,T/T,T/T,19,APOE,GENE WITH PROTEIN PRODUCT,19:44908684,rs429358,SCREENING 1,2013-10-03,-8
01-710-1137,SNV,Single Nucleotide Variation,GENOTYPE,C/C,C/C,C/C,19,APOE,GENE WITH PROTEIN PRODUCT,19:44908822,rs7412,SCREENING 1,2013-10-03,-8
01-710-1137,SNV,Single Nucleotide Variation,GENOTYPE,T/T,T/T,T/T,19,ABCA7,GENE WITH PROTEIN PRODUCT,19:1046521,rs3764650,SCREENING 1,2013-10-03,-8
01-710-1137,SNV,Single Nucleotide Variation,GENOTYPE,A/A,A/A,A/A,2,BIN1,GENE WITH PROTEIN PRODUCT,2:127137039,rs744373,SCREENING 1,2013-10-03,-8
01-710-1137,SNV,Single Nucleotide Variation,GENOTYPE,T/T,T/T,T/T,8,CLU,GENE WITH PROTEIN PRODUCT,8:27607002,rs11136000,SCREENING 1,2013-10-03,-8
01-710-1137,SNV,Single Nucleotide Variation,GENOTYPE,A/G,A/A,A/A,1,CR1,GENE WITH PROTEIN PRODUCT,1:207518704,rs6656401,SCREENING 1,2013-10-03,-8
01-710-1137,SNV,Single Nucleotide Variation,GENOTYPE,T/C,T/T,T/T,7,EPHA1,GENE WITH PROTEIN PRODUCT,7:143412046,rs11767557,SCREENING 1,2013-10-03,-8
01-710-1137,SNV,Single Nucleotide Variation,GENOTYPE,T/T,T/T,T/T,11,MS4A6A,GENE WITH PROTEIN PRODUCT,11:60171834,rs610932,SCREENING 1,2013-10-03,-8
01-710-1137,SNV,Single Nucleotide Variation,GENOTYPE,T/C,T/T,T/T,11,PICALM,GENE WITH PROTEIN PRODUCT,11:86157598,rs3851179,SCREENING 1,2013-10-03,-8
01-710-1137,SNV,Single Nucleotide Variation,GENOTYPE,T/T,T/T,T/T,11,SORL1,GENE WITH PROTEIN PRODUCT,11:121564878,rs11218343,SCREENING 1,2013-10-03,-8
01-710-1137,SNV,Single Nucleotide Variation,GENOTYPE,C/C,C/C,C/C,6,TREM2,GENE WITH PROTEIN PRODUCT,6:41161514,rs75932628,SCREENING 1,2013-10-03,-8
01-710-1137,SNV,Single Nucleotide Variation,GENOTYPE,C/A,C/C,C/C,19,CD33,GENE WITH PROTEIN PRODUCT,19:51224706,rs3865444,SCREENING 1,2013-10-03,-8
01-710-1142,SNV,Single Nucleotide Variation,GENOTYPE,T/C,T/T,T/T,19,APOE,GENE WITH PROTEIN PRODUCT,19:44908684,rs429358,SCREENING 1,2012-09-12,-20
01-710-1142,SNV,Single Nucleotide Variation,GENOTYPE,C/C,C/C,C/C,19,APOE,GENE WITH PROTEIN PRODUCT,19:44908822,rs7412,SCREENING 1,2012-09-12,-20
01-710-1142,SNV,Single Nucleotide Variation,GENOTYPE,T/G,T/T,T/T,19,ABCA7,GENE WITH PROTEIN PRODUCT,19:1046521,rs3764650,SCREENING 1,2012-09-12,-20
01-710-1142,SNV,Single Nucleotide Variation,GENOTYPE,G/G,A/A,A/A,2,BIN1,GENE WITH PROTEIN PRODUCT,2:127137039,rs744373,SCREENING 1,2012-09-12,-20
01-710-1142,SNV,Single Nucleotide Variation,GENOTYPE,T/C,T/T,T/T,8,CLU,GENE WITH PROTEIN PRODUCT,8:27607002,rs11136000,SCREENING 1,2012-09-12,-20
01-710-1142,SNV,Single Nucleotide Variation,GENOTYPE,A/G,A/A,A/A,1,CR1,GENE WITH PROTEIN PRODUCT,1:207518704,rs6656401,SCREENING 1,2012-09-12,-20
01-710-1142,SNV,Single Nucleotide Variation,GENOTYPE,T/T,T/T,T/T,7,EPHA1,GENE WITH PROTEIN PRODUCT,7:143412046,rs11767557,SCREENING 1,2012-09-12,-20
01-710-1142,SNV,Single Nucleotide Variation,GENOTYPE,T/T,T/T,T/T,11,MS4A6A,GENE WITH PROTEIN PRODUCT,11:60171834,rs610932,SCREENING 1,2012-09-12,-20
01-710-1142,SNV,Single Nucleotide Variation,GENOTYPE,T/C,T/T,T/T,11,PICALM,GENE WITH PROTEIN PRODUCT,11:86157598,rs3851179,SCREENING 1,2012-09-12,-20
01-710-1142,SNV,Single Nucleotide Variation,GENOTYPE,T/T,T/T,T/T,11,SORL1,GENE WITH PROTEIN PRODUCT,11:121564878,rs11218343,SCREENING 1,2012-09-12,-20
01-710-1142,SNV,Single Nucleotide Variation,GENOTYPE,C/C,C/C,C/C,6,TREM2,GENE WITH PROTEIN PRODUCT,6:41161514,rs75932628,SCREENING 1,2012-09-12,-20
01-710-1142,SNV,Single Nucleotide Variation,GENOTYPE,C/C,C/C,C/C,19,CD33,GENE WITH PROTEIN PRODUCT,19:51224706,rs3865444,SCREENING 1,2012-09-12,-20
01-710-1154,SNV,Single Nucleotide Variation,GENOTYPE,T/T,T/T,T/T,19,APOE,GENE WITH PROTEIN PRODUCT,19:44908684,rs429358,SCREENING 1,2014-03-08,-21
01-710-1154,SNV,Single Nucleotide Variation,GENOTYPE,C/C,C/C,C/C,19,APOE,GENE WITH PROTEIN PRODUCT,19:44908822,rs7412,SCREENING 1,2014-03-08,-21
01-710-1154,SNV,Single Nucleotide Variation,GENOTYPE,T/T,T/T,T/T,19,ABCA7,GENE WITH PROTEIN PRODUCT,19:1046521,rs3764650,SCREENING 1,2014-03-08,-21
01-710-1154,SNV,Single Nucleotide Variation,GENOTYPE,A/G,A/A,A/A,2,BIN1,GENE WITH PROTEIN PRODUCT,2:127137039,rs744373,SCREENING 1,2014-03-08,-21
01-710-1154,SNV,Single Nucleotide Variation,GENOTYPE,T/T,T/T,T/T,8,CLU,GENE WITH PROTEIN PRODUCT,8:27607002,rs11136000,SCREENING 1,2014-03-08,-21
01-710-1154,SNV,Single Nucleotide Variation,GENOTYPE,A/G,A/A,A/A,1,CR1,GENE WITH PROTEIN PRODUCT,1:207518704,rs6656401,SCREENING 1,2014-03-08,-21
01-710-1154,SNV,Single Nucleotide Variation,GENOTYPE,T/T,T/T,T/T,7,EPHA1,GENE WITH PROTEIN PRODUCT,7:143412046,rs11767557,SCREENING 1,2014-03-08,-21
01-710-1154,SNV,Single Nucleotide Variation,GENOTYPE,T/T,T/T,T/T,11,MS4A6A,GENE WITH PROTEIN PRODUCT,11:60171834,rs610932,SCREENING 1,2014-03-08,-21
01-710-1154,SNV,Single Nucleotide Variation,GENOTYPE,T/C,T/T,T/T,11,PICALM,GENE WITH PROTEIN PRODUCT,11:86157598,rs3851179,SCREENING 1,2014-03-08,-21
01-710-1154,SNV,Single Nucleotide Variation,GENOTYPE,T/C,T/T,T/T,11,SORL1,GENE WITH PROTEIN PRODUCT,11:121564878,rs11218343,SCREENING 1,2014-03-08,-21
01-710-1154,SNV,Single Nucleotide Variation,GENOTYPE,C/C,C/C,C/C,6,TREM2,GENE WITH PROTEIN PRODUCT,6:41161514,rs75932628,SCREENING 1,2014-03-08,-21
01-710-1154,SNV,Single Nucleotide Variation,GENOTYPE,C/C,C/C,C/C,19,CD33,GENE WITH PROTEIN PRODUCT,19:51224706,rs3865444,SCREENING 1,2014-03-08,-21
01-710-1166,SNV,Single Nucleotide Variation,GENOTYPE,T/C,T/T,T/T,19,APOE,GENE WITH PROTEIN PRODUCT,19:44908684,rs429358,SCREENING 1,2012-11-10,-20
01-710-1166,SNV,Single Nucleotide Variation,GENOTYPE,C/C,C/C,C/C,19,APOE,GENE WITH PROTEIN PRODUCT,19:44908822,rs7412,SCREENING 1,2012-11-10,-20
01-710-1166,SNV,Single Nucleotide Variation,GENOTYPE,G/G,T/T,T/T,19,ABCA7,GENE WITH PROTEIN PRODUCT,19:1046521,rs3764650,SCREENING 1,2012-11-10,-20
01-710-1166,SNV,Single Nucleotide Variation,GENOTYPE,A/A,A/A,A/A,2,BIN1,GENE WITH PROTEIN PRODUCT,2:127137039,rs744373,SCREENING 1,2012-11-10,-20
01-710-1166,SNV,Single Nucleotide Variation,GENOTYPE,T/C,T/T,T/T,8,CLU,GENE WITH PROTEIN PRODUCT,8:27607002,rs11136000,SCREENING 1,2012-11-10,-20
01-710-1166,SNV,Single Nucleotide Variation,GENOTYPE,A/G,A/A,A/A,1,CR1,GENE WITH PROTEIN PRODUCT,1:207518704,rs6656401,SCREENING 1,2012-11-10,-20
01-710-1166,SNV,Single Nucleotide Variation,GENOTYPE,T/T,T/T,T/T,7,EPHA1,GENE WITH PROTEIN PRODUCT,7:143412046,rs11767557,SCREENING 1,2012-11-10,-20
01-710-1166,SNV,Single Nucleotide Variation,GENOTYPE,T/T,T/T,T/T,11,MS4A6A,GENE WITH PROTEIN PRODUCT,11:60171834,rs610932,SCREENING 1,2012-11-10,-20
01-710-1166,SNV,Single Nucleotide Variation,GENOTYPE,C/C,T/T,T/T,11,PICALM,GENE WITH PROTEIN PRODUCT,11:86157598,rs3851179,SCREENING 1,2012-11-10,-20
01-710-1166,SNV,Single Nucleotide Variation,GENOTYPE,T/T,T/T,T/T,11,SORL1,GENE WITH PROTEIN PRODUCT,11:121564878,rs11218343,SCREENING 1,2012-11-10,-20
01-710-1166,SNV,Single Nucleotide Variation,GENOTYPE,C/C,C/C,C/C,6,TREM2,GENE WITH PROTEIN PRODUCT,6:41161514,rs75932628,SCREENING 1,2012-11-10,-20
01-710-1166,SNV,Single Nucleotide Variation,GENOTYPE,A/A,C/C,C/C,19,CD33,GENE WITH PROTEIN PRODUCT,19:51224706,rs3865444,SCREENING 1,2012-11-10,-20
01-710-1183,SNV,Single Nucleotide Variation,GENOTYPE,T/C,T/T,T/T,19,APOE,GENE WITH PROTEIN PRODUCT,19:44908684,rs429358,SCREENING 1,2013-10-24,-23
01-710-1183,SNV,Single Nucleotide Variation,GENOTYPE,C/T,C/C,C/C,19,APOE,GENE WITH PROTEIN PRODUCT,19:44908822,rs7412,SCREENING 1,2013-10-24,-23
01-710-1183,SNV,Single Nucleotide Variation,GENOTYPE,T/T,T/T,T/T,19,ABCA7,GENE WITH PROTEIN PRODUCT,19:1046521,rs3764650,SCREENING 1,2013-10-24,-23
01-710-1183,SNV,Single Nucleotide Variation,GENOTYPE,A/A,A/A,A/A,2,BIN1,GENE WITH PROTEIN PRODUCT,2:127137039,rs744373,SCREENING 1,2013-10-24,-23
01-710-1183,SNV,Single Nucleotide Variation,GENOTYPE,T/T,T/T,T/T,8,CLU,GENE WITH PROTEIN PRODUCT,8:27607002,rs11136000,SCREENING 1,2013-10-24,-23
01-710-1183,SNV,Single Nucleotide Variation,GENOTYPE,A/A,A/A,A/A,1,CR1,GENE WITH PROTEIN PRODUCT,1:207518704,rs6656401,SCREENING 1,2013-10-24,-23
01-710-1183,SNV,Single Nucleotide Variation,GENOTYPE,T/C,T/T,T/T,7,EPHA1,GENE WITH PROTEIN PRODUCT,7:143412046,rs11767557,SCREENING 1,2013-10-24,-23
01-710-1183,SNV,Single Nucleotide Variation,GENOTYPE,T/C,T/T,T/T,11,MS4A6A,GENE WITH PROTEIN PRODUCT,11:60171834,rs610932,SCREENING 1,2013-10-24,-23
01-710-1183,SNV,Single Nucleotide Variation,GENOTYPE,T/T,T/T,T/T,11,PICALM,GENE WITH PROTEIN PRODUCT,11:86157598,rs3851179,SCREENING 1,2013-10-24,-23
01-710-1183,SNV,Single Nucleotide Variation,GENOTYPE,T/T,T/T,T/T,11,SORL1,GENE WITH PROTEIN PRODUCT,11:121564878,rs11218343,SCREENING 1,2013-10-24,-23
01-710-1183,SNV,Single Nucleotide Variation,GENOTYPE,C/C,C/C,C/C,6,TREM2,GENE WITH PROTEIN PRODUCT,6:41161514,rs75932628,SCREENING 1,2013-10-24,-23
01-710-1183,SNV,Single Nucleotide Variation,GENOTYPE,C/C,C/C,C/C,19,CD33,GENE WITH PROTEIN PRODUCT,19:51224706,rs3865444,SCREENING 1,2013-10-24,-23
01-710-1187,SNV,Single Nucleotide Variation,GENOTYPE,T/T,T/T,T/T,19,APOE,GENE WITH PROTEIN PRODUCT,19:44908684,rs429358,SCREENING 1,2012-10-26,-15
01-710-1187,SNV,Single Nucleotide Variation,GENOTYPE,C/C,C/C,C/C,19,APOE,GENE WITH PROTEIN PRODUCT,19:44908822,rs7412,SCREENING 1,2012-10-26,-15
01-710-1187,SNV,Single Nucleotide Variation,GENOTYPE,T/T,T/T,T/T,19,ABCA7,GENE WITH PROTEIN PRODUCT,19:1046521,rs3764650,SCREENING 1,2012-10-26,-15
01-710-1187,SNV,Single Nucleotide Variation,GENOTYPE,A/A,A/A,A/A,2,BIN1,GENE WITH PROTEIN PRODUCT,2:127137039,rs744373,SCREENING 1,2012-10-26,-15
01-710-1187,SNV,Single Nucleotide Variation,GENOTYPE,T/C,T/T,T/T,8,CLU,GENE WITH PROTEIN PRODUCT,8:27607002,rs11136000,SCREENING 1,2012-10-26,-15
01-710-1187,SNV,Single Nucleotide Variation,GENOTYPE,A/A,A/A,A/A,1,CR1,GENE WITH PROTEIN PRODUCT,1:207518704,rs6656401,SCREENING 1,2012-10-26,-15
01-710-1187,SNV,Single Nucleotide Variation,GENOTYPE,T/C,T/T,T/T,7,EPHA1,GENE WITH PROTEIN PRODUCT,7:143412046,rs11767557,SCREENING 1,2012-10-26,-15
01-710-1187,SNV,Single Nucleotide Variation,GENOTYPE,T/T,T/T,T/T,11,MS4A6A,GENE WITH PROTEIN PRODUCT,11:60171834,rs610932,SCREENING 1,2012-10-26,-15
01-710-1187,SNV,Single Nucleotide Variation,GENOTYPE,T/T,T/T,T/T,11,PICALM,GENE WITH PROTEIN PRODUCT,11:86157598,rs3851179,SCREENING 1,2012-10-26,-15
01-710-1187,SNV,Single Nucleotide Variation,GENOTYPE,T/T,T/T,T/T,11,SORL1,GENE WITH PROTEIN PRODUCT,11:121564878,rs11218343,SCREENING 1,2012-10-26,-15
01-710-1187,SNV,Single Nucleotide Variation,GENOTYPE,C/C,C/C,C/C,6,TREM2,GENE WITH PROTEIN PRODUCT,6:41161514,rs75932628,SCREENING 1,2012-10-26,-15
01-710-1187,SNV,Single Nucleotide Variation,GENOTYPE,C/C,C/C,C/C,19,CD33,GENE WITH PROTEIN PRODUCT,19:51224706,rs3865444,SCREENING 1,2012-10-26,-15
01-710-1235,SNV,Single Nucleotide Variation,GENOTYPE,T/T,T/T,T/T,19,APOE,GENE WITH PROTEIN PRODUCT,19:44908684,rs429358,SCREENING 1,2012-09-13,-13
01-710-1235,SNV,Single Nucleotide Variation,GENOTYPE,C/C,C/C,C/C,19,APOE,GENE WITH PROTEIN PRODUCT,19:44908822,rs7412,SCREENING 1,2012-09-13,-13
01-710-1235,SNV,Single Nucleotide Variation,GENOTYPE,T/T,T/T,T/T,19,ABCA7,GENE WITH PROTEIN PRODUCT,19:1046521,rs3764650,SCREENING 1,2012-09-13,-13
01-710-1235,SNV,Single Nucleotide Variation,GENOTYPE,G/G,A/A,A/A,2,BIN1,GENE WITH PROTEIN PRODUCT,2:127137039,rs744373,SCREENING 1,2012-09-13,-13
01-710-1235,SNV,Single Nucleotide Variation,GENOTYPE,T/C,T/T,T/T,8,CLU,GENE WITH PROTEIN PRODUCT,8:27607002,rs11136000,SCREENING 1,2012-09-13,-13
01-710-1235,SNV,Single Nucleotide Variation,GENOTYPE,A/G,A/A,A/A,1,CR1,GENE WITH PROTEIN PRODUCT,1:207518704,rs6656401,SCREENING 1,2012-09-13,-13
01-710-1235,SNV,Single Nucleotide Variation,GENOTYPE,T/T,T/T,T/T,7,EPHA1,GENE WITH PROTEIN PRODUCT,7:143412046,rs11767557,SCREENING 1,2012-09-13,-13
01-710-1235,SNV,Single Nucleotide Variation,GENOTYPE,T/C,T/T,T/T,11,MS4A6A,GENE WITH PROTEIN PRODUCT,11:60171834,rs610932,SCREENING 1,2012-09-13,-13
01-710-1235,SNV,Single Nucleotide Variation,GENOTYPE,T/T,T/T,T/T,11,PICALM,GENE WITH PROTEIN PRODUCT,11:86157598,rs3851179,SCREENING 1,2012-09-13,-13
01-710-1235,SNV,Single Nucleotide Variation,GENOTYPE,T/T,T/T,T/T,11,SORL1,GENE WITH PROTEIN PRODUCT,11:121564878,rs11218343,SCREENING 1,2012-09-13,-13
01-710-1235,SNV,Single Nucleotide Variation,GENOTYPE,C/C,C/C,C/C,6,TREM2,GENE WITH PROTEIN PRODUCT,6:41161514,rs75932628,SCREENING 1,2012-09-13,-13
01-710-1235,SNV,Single Nucleotide Variation,GENOTYPE,A/A,C/C,C/C,19,CD33,GENE WITH PROTEIN PRODUCT,19:51224706,rs3865444,SCREENING 1,2012-09-13,-13
01-710-1249,SNV,Single Nucleotide Variation,GENOTYPE,T/T,T/T,T/T,19,APOE,GENE WITH PROTEIN PRODUCT,19:44908684,rs429358,SCREENING 1,2013-12-19,-9
01-710-1249,SNV,Single Nucleotide Variation,GENOTYPE,C/C,C/C,C/C,19,APOE,GENE WITH PROTEIN PRODUCT,19:44908822,rs7412,SCREENING 1,2013-12-19,-9
01-710-1249,SNV,Single Nucleotide Variation,GENOTYPE,G/G,T/T,T/T,19,ABCA7,GENE WITH PROTEIN PRODUCT,19:1046521,rs3764650,SCREENING 1,2013-12-19,-9
01-710-1249,SNV,Single Nucleotide Variation,GENOTYPE,A/A,A/A,A/A,2,BIN1,GENE WITH PROTEIN PRODUCT,2:127137039,rs744373,SCREENING 1,2013-12-19,-9
01-710-1249,SNV,Single Nucleotide Variation,GENOTYPE,T/C,T/T,T/T,8,CLU,GENE WITH PROTEIN PRODUCT,8:27607002,rs11136000,SCREENING 1,2013-12-19,-9
01-710-1249,SNV,Single Nucleotide Variation,GENOTYPE,A/A,A/A,A/A,1,CR1,GENE WITH PROTEIN PRODUCT,1:207518704,rs6656401,SCREENING 1,2013-12-19,-9
01-710-1249,SNV,Single Nucleotide Variation,GENOTYPE,T/T,T/T,T/T,7,EPHA1,GENE WITH PROTEIN PRODUCT,7:143412046,rs11767557,SCREENING 1,2013-12-19,-9
01-710-1249,SNV,Single Nucleotide Variation,GENOTYPE,C/C,T/T,T/T,11,MS4A6A,GENE WITH PROTEIN PRODUCT,11:60171834,rs610932,SCREENING 1,2013-12-19,-9
01-710-1249,SNV,Single Nucleotide Variation,GENOTYPE,T/C,T/T,T/T,11,PICALM,GENE WITH PROTEIN PRODUCT,11:86157598,rs3851179,SCREENING 1,2013-12-19,-9
01-710-1249,SNV,Single Nucleotide Variation,GENOTYPE,T/C,T/T,T/T,11,SORL1,GENE WITH PROTEIN PRODUCT,11:121564878,rs11218343,SCREENING 1,2013-12-19,-9
01-710-1249,SNV,Single Nucleotide Variation,GENOTYPE,C/C,C/C,C/C,6,TREM2,GENE WITH PROTEIN PRODUCT,6:41161514,rs75932628,SCREENING 1,2013-12-19,-9
01-710-1249,SNV,Single Nucleotide Variation,GENOTYPE,C/C,C/C,C/C,19,CD33,GENE WITH PROTEIN PRODUCT,19:51224706,rs3865444,SCREENING 1,2013-12-19,-9
01-710-1264,SNV,Single Nucleotide Variation,GENOTYPE,T/C,T/T,T/T,19,APOE,GENE WITH PROTEIN PRODUCT,19:44908684,rs429358,SCREENING 1,2013-06-02,-11
01-710-1264,SNV,Single Nucleotide Variation,GENOTYPE,C/C,C/C,C/C,19,APOE,GENE WITH PROTEIN PRODUCT,19:44908822,rs7412,SCREENING 1,2013-06-02,-11
01-710-1264,SNV,Single Nucleotide Variation,GENOTYPE,T/G,T/T,T/T,19,ABCA7,GENE WITH PROTEIN PRODUCT,19:1046521,rs3764650,SCREENING 1,2013-06-02,-11
01-710-1264,SNV,Single Nucleotide Variation,GENOTYPE,A/A,A/A,A/A,2,BIN1,GENE WITH PROTEIN PRODUCT,2:127137039,rs744373,SCREENING 1,2013-06-02,-11
01-710-1264,SNV,Single Nucleotide Variation,GENOTYPE,T/T,T/T,T/T,8,CLU,GENE WITH PROTEIN PRODUCT,8:27607002,rs11136000,SCREENING 1,2013-06-02,-11
01-710-1264,SNV,Single Nucleotide Variation,GENOTYPE,A/A,A/A,A/A,1,CR1,GENE WITH PROTEIN PRODUCT,1:207518704,rs6656401,SCREENING 1,2013-06-02,-11
01-710-1264,SNV,Single Nucleotide Variation,GENOTYPE,T/C,T/T,T/T,7,EPHA1,GENE WITH PROTEIN PRODUCT,7:143412046,rs11767557,SCREENING 1,2013-06-02,-11
01-710-1264,SNV,Single Nucleotide Variation,GENOTYPE,T/C,T/T,T/T,11,MS4A6A,GENE WITH PROTEIN PRODUCT,11:60171834,rs610932,SCREENING 1,2013-06-02,-11
01-710-1264,SNV,Single Nucleotide Variation,GENOTYPE,T/T,T/T,T/T,11,PICALM,GENE WITH PROTEIN PRODUCT,11:86157598,rs3851179,SCREENING 1,2013-06-02,-11
01-710-1264,SNV,Single Nucleotide Variation,GENOTYPE,T/T,T/T,T/T,11,SORL1,GENE WITH PROTEIN PRODUCT,11:121564878,rs11218343,SCREENING 1,2013-06-02,-11
01-710-1264,SNV,Single Nucleotide Variation,GENOTYPE,C/C,C/C,C/C,6,TREM2,GENE WITH PROTEIN PRODUCT,6:41161514,rs75932628,SCREENING 1,2013-06-02,-11
01-710-1264,SNV,Single Nucleotide Variation,GENOTYPE,C/C,C/C,C/C,19,CD33,GENE WITH PROTEIN PRODUCT,19:51224706,rs3865444,SCREENING 1,2013-06-02,-11
01-710-1270,SNV,Single Nucleotide Variation,GENOTYPE,T/C,T/T,T/T,19,APOE,GENE WITH PROTEIN PRODUCT,19:44908684,rs429358,SCREENING 1,2014-02-01,-11
01-710-1270,SNV,Single Nucleotide Variation,GENOTYPE,C/C,C/C,C/C,19,APOE,GENE WITH PROTEIN PRODUCT,19:44908822,rs7412,SCREENING 1,2014-02-01,-11
01-710-1270,SNV,Single Nucleotide Variation,GENOTYPE,T/T,T/T,T/T,19,ABCA7,GENE WITH PROTEIN PRODUCT,19:1046521,rs3764650,SCREENING 1,2014-02-01,-11
01-710-1270,SNV,Single Nucleotide Variation,GENOTYPE,A/A,A/A,A/A,2,BIN1,GENE WITH PROTEIN PRODUCT,2:127137039,rs744373,SCREENING 1,2014-02-01,-11
01-710-1270,SNV,Single Nucleotide Variation,GENOTYPE,T/C,T/T,T/T,8,CLU,GENE WITH PROTEIN PRODUCT,8:27607002,rs11136000,SCREENING 1,2014-02-01,-11
01-710-1270,SNV,Single Nucleotide Variation,GENOTYPE,G/G,A/A,A/A,1,CR1,GENE WITH PROTEIN PRODUCT,1:207518704,rs6656401,SCREENING 1,2014-02-01,-11
01-710-1270,SNV,Single Nucleotide Variation,GENOTYPE,T/C,T/T,T/T,7,EPHA1,GENE WITH PROTEIN PRODUCT,7:143412046,rs11767557,SCREENING 1,2014-02-01,-11
01-710-1270,SNV,Single Nucleotide Variation,GENOTYPE,C/C,T/T,T/T,11,MS4A6A,GENE WITH PROTEIN PRODUCT,11:60171834,rs610932,SCREENING 1,2014-02-01,-11
01-710-1270,SNV,Single Nucleotide Variation,GENOTYPE,T/C,T/T,T/T,11,PICALM,GENE WITH PROTEIN PRODUCT,11:86157598,rs3851179,SCREENING 1,2014-02-01,-11
01-710-1270,SNV,Single Nucleotide Variation,GENOTYPE,T/T,T/T,T/T,11,SORL1,GENE WITH PROTEIN PRODUCT,11:121564878,rs11218343,SCREENING 1,2014-02-01,-11
01-710-1270,SNV,Single Nucleotide Variation,GENOTYPE,C/C,C/C,C/C,6,TREM2,GENE WITH PROTEIN PRODUCT,6:41161514,rs75932628,SCREENING 1,2014-02-01,-11
01-710-1270,SNV,Single Nucleotide Variation,GENOTYPE,C/C,C/C,C/C,19,CD33,GENE WITH PROTEIN PRODUCT,19:51224706,rs3865444,SCREENING 1,2014-02-01,-11
01-710-1271,SNV,Single Nucleotide Variation,GENOTYPE,T/C,T/T,T/T,19,APOE,GENE WITH PROTEIN PRODUCT,19:44908684,rs429358,SCREENING 1,2012-09-04,-23
01-710-1271,SNV,Single Nucleotide Variation,GENOTYPE,C/C,C/C,C/C,19,APOE,GENE WITH PROTEIN PRODUCT,19:44908822,rs7412,SCREENING 1,2012-09-04,-23
01-710-1271,SNV,Single Nucleotide Variation,GENOTYPE,T/T,T/T,T/T,19,ABCA7,GENE WITH PROTEIN PRODUCT,19:1046521,rs3764650,SCREENING 1,2012-09-04,-23
01-710-1271,SNV,Single Nucleotide Variation,GENOTYPE,A/A,A/A,A/A,2,BIN1,GENE WITH PROTEIN PRODUCT,2:127137039,rs744373,SCREENING 1,2012-09-04,-23
01-710-1271,SNV,Single Nucleotide Variation,GENOTYPE,T/C,T/T,T/T,8,CLU,GENE WITH PROTEIN PRODUCT,8:27607002,rs11136000,SCREENING 1,2012-09-04,-23
01-710-1271,SNV,Single Nucleotide Variation,GENOTYPE,A/A,A/A,A/A,1,CR1,GENE WITH PROTEIN PRODUCT,1:207518704,rs6656401,SCREENING 1,2012-09-04,-23
01-710-1271,SNV,Single Nucleotide Variation,GENOTYPE,T/T,T/T,T/T,7,EPHA1,GENE WITH PROTEIN PRODUCT,7:143412046,rs11767557,SCREENING 1,2012-09-04,-23
01-710-1271,SNV,Single Nucleotide Variation,GENOTYPE,T/C,T/T,T/T,11,MS4A6A,GENE WITH PROTEIN PRODUCT,11:60171834,rs610932,SCREENING 1,2012-09-04,-23
01-710-1271,SNV,Single Nucleotide Variation,GENOTYPE,T/C,T/T,T/T,11,PICALM,GENE WITH PROTEIN PRODUCT,11:86157598,rs3851179,SCREENING 1,2012-09-04,-23
01-710-1271,SNV,Single Nucleotide Variation,GENOTYPE,T/T,T/T,T/T,11,SORL1,GENE WITH PROTEIN PRODUCT,11:121564878,rs11218343,SCREENING 1,2012-09-04,-23
01-710-1271,SNV,Single Nucleotide Variation,GENOTYPE,C/C,C/C,C/C,6,TREM2,GENE WITH PROTEIN PRODUCT,6:41161514,rs75932628,SCREENING 1,2012-09-04,-23
01-710-1271,SNV,Single Nucleotide Variation,GENOTYPE,C/C,C/C,C/C,19,CD33,GENE WITH PROTEIN PRODUCT,19:51224706,rs3865444,SCREENING 1,2012-09-04,-23
01-710-1278,SNV,Single Nucleotide Variation,GENOTYPE,C/C,T/T,T/T,19,APOE,GENE WITH PROTEIN PRODUCT,19:44908684,rs429358,SCREENING 1,2012-12-13,-11
01-710-1278,SNV,Single Nucleotide Variation,GENOTYPE,C/C,C/C,C/C,19,APOE,GENE WITH PROTEIN PRODUCT,19:44908822,rs7412,SCREENING 1,2012-12-13,-11
01-710-1278,SNV,Single Nucleotide Variation,GENOTYPE,T/T,T/T,T/T,19,ABCA7,GENE WITH PROTEIN PRODUCT,19:1046521,rs3764650,SCREENING 1,2012-12-13,-11
01-710-1278,SNV,Single Nucleotide Variation,GENOTYPE,A/A,A/A,A/A,2,BIN1,GENE WITH PROTEIN PRODUCT,2:127137039,rs744373,SCREENING 1,2012-12-13,-11
01-710-1278,SNV,Single Nucleotide Variation,GENOTYPE,T/T,T/T,T/T,8,CLU,GENE WITH PROTEIN PRODUCT,8:27607002,rs11136000,SCREENING 1,2012-12-13,-11
01-710-1278,SNV,Single Nucleotide Variation,GENOTYPE,A/G,A/A,A/A,1,CR1,GENE WITH PROTEIN PRODUCT,1:207518704,rs6656401,SCREENING 1,2012-12-13,-11
01-710-1278,SNV,Single Nucleotide Variation,GENOTYPE,T/T,T/T,T/T,7,EPHA1,GENE WITH PROTEIN PRODUCT,7:143412046,rs11767557,SCREENING 1,2012-12-13,-11
01-710-1278,SNV,Single Nucleotide Variation,GENOTYPE,T/C,T/T,T/T,11,MS4A6A,GENE WITH PROTEIN PRODUCT,11:60171834,rs610932,SCREENING 1,2012-12-13,-11
01-710-1278,SNV,Single Nucleotide Variation,GENOTYPE,T/C,T/T,T/T,11,PICALM,GENE WITH PROTEIN PRODUCT,11:86157598,rs3851179,SCREENING 1,2012-12-13,-11
01-710-1278,SNV,Single Nucleotide Variation,GENOTYPE,T/T,T/T,T/T,11,SORL1,GENE WITH PROTEIN PRODUCT,11:121564878,rs11218343,SCREENING 1,2012-12-13,-11
01-710-1278,SNV,Single Nucleotide Variation,GENOTYPE,C/C,C/C,C/C,6,TREM2,GENE WITH PROTEIN PRODUCT,6:41161514,rs75932628,SCREENING 1,2012-12-13,-11
01-710-1278,SNV,Single Nucleotide Variation,GENOTYPE,C/C,C/C,C/C,19,CD33,GENE WITH PROTEIN PRODUCT,19:51224706,rs3865444,SCREENING 1,2012-12-13,-11
01-710-1300,SNV,Single Nucleotide Variation,GENOTYPE,T/T,T/T,T/T,19,APOE,GENE WITH PROTEIN PRODUCT,19:44908684,rs429358,SCREENING 1,2012-12-04,-11
01-710-1300,SNV,Single Nucleotide Variation,GENOTYPE,C/T,C/C,C/C,19,APOE,GENE WITH PROTEIN PRODUCT,19:44908822,rs7412,SCREENING 1,2012-12-04,-11
01-710-1300,SNV,Single Nucleotide Variation,GENOTYPE,T/G,T/T,T/T,19,ABCA7,GENE WITH PROTEIN PRODUCT,19:1046521,rs3764650,SCREENING 1,2012-12-04,-11
01-710-1300,SNV,Single Nucleotide Variation,GENOTYPE,A/A,A/A,A/A,2,BIN1,GENE WITH PROTEIN PRODUCT,2:127137039,rs744373,SCREENING 1,2012-12-04,-11
01-710-1300,SNV,Single Nucleotide Variation,GENOTYPE,T/T,T/T,T/T,8,CLU,GENE WITH PROTEIN PRODUCT,8:27607002,rs11136000,SCREENING 1,2012-12-04,-11
01-710-1300,SNV,Single Nucleotide Variation,GENOTYPE,A/A,A/A,A/A,1,CR1,GENE WITH PROTEIN PRODUCT,1:207518704,rs6656401,SCREENING 1,2012-12-04,-11
01-710-1300,SNV,Single Nucleotide Variation,GENOTYPE,T/C,T/T,T/T,7,EPHA1,GENE WITH PROTEIN PRODUCT,7:143412046,rs11767557,SCREENING 1,2012-12-04,-11
01-710-1300,SNV,Single Nucleotide Variation,GENOTYPE,T/T,T/T,T/T,11,MS4A6A,GENE WITH PROTEIN PRODUCT,11:60171834,rs610932,SCREENING 1,2012-12-04,-11
01-710-1300,SNV,Single Nucleotide Variation,GENOTYPE,T/T,T/T,T/T,11,PICALM,GENE WITH PROTEIN PRODUCT,11:86157598,rs3851179,SCREENING 1,2012-12-04,-11
01-710-1300,SNV,Single Nucleotide Variation,GENOTYPE,T/C,T/T,T/T,11,SORL1,GENE WITH PROTEIN PRODUCT,11:121564878,rs11218343,SCREENING 1,2012-12-04,-11
01-710-1300,SNV,Single Nucleotide Variation,GENOTYPE,C/C,C/C,C/C,6,TREM2,GENE WITH PROTEIN PRODUCT,6:41161514,rs75932628,SCREENING 1,2012-12-04,-11
01-710-1300,SNV,Single Nucleotide Variation,GENOTYPE,C/C,C/C,C/C,19,CD33,GENE WITH PROTEIN PRODUCT,19:51224706,rs3865444,SCREENING 1,2012-12-04,-11
01-710-1314,SNV,Single Nucleotide Variation,GENOTYPE,T/T,T/T,T/T,19,APOE,GENE WITH PROTEIN PRODUCT,19:44908684,rs429358,SCREENING 1,2013-04-21,-3
01-710-1314,SNV,Single Nucleotide Variation,GENOTYPE,C/C,C/C,C/C,19,APOE,GENE WITH PROTEIN PRODUCT,19:44908822,rs7412,SCREENING 1,2013-04-21,-3
01-710-1314,SNV,Single Nucleotide Variation,GENOTYPE,T/T,T/T,T/T,19,ABCA7,GENE WITH PROTEIN PRODUCT,19:1046521,rs3764650,SCREENING 1,2013-04-21,-3
01-710-1314,SNV,Single Nucleotide Variation,GENOTYPE,G/G,A/A,A/A,2,BIN1,GENE WITH PROTEIN PRODUCT,2:127137039,rs744373,SCREENING 1,2013-04-21,-3
01-710-1314,SNV,Single Nucleotide Variation,GENOTYPE,T/T,T/T,T/T,8,CLU,GENE WITH PROTEIN PRODUCT,8:27607002,rs11136000,SCREENING 1,2013-04-21,-3
01-710-1314,SNV,Single Nucleotide Variation,GENOTYPE,A/G,A/A,A/A,1,CR1,GENE WITH PROTEIN PRODUCT,1:207518704,rs6656401,SCREENING 1,2013-04-21,-3
01-710-1314,SNV,Single Nucleotide Variation,GENOTYPE,T/T,T/T,T/T,7,EPHA1,GENE WITH PROTEIN PRODUCT,7:143412046,rs11767557,SCREENING 1,2013-04-21,-3
01-710-1314,SNV,Single Nucleotide Variation,GENOTYPE,T/C,T/T,T/T,11,MS4A6A,GENE WITH PROTEIN PRODUCT,11:60171834,rs610932,SCREENING 1,2013-04-21,-3
01-710-1314,SNV,Single Nucleotide Variation,GENOTYPE,C/C,T/T,T/T,11,PICALM,GENE WITH PROTEIN PRODUCT,11:86157598,rs3851179,SCREENING 1,2013-04-21,-3
01-710-1314,SNV,Single Nucleotide Variation,GENOTYPE,T/T,T/T,T/T,11,SORL1,GENE WITH PROTEIN PRODUCT,11:121564878,rs11218343,SCREENING 1,2013-04-21,-3
01-710-1314,SNV,Single Nucleotide Variation,GENOTYPE,C/C,C/C,C/C,6,TREM2,GENE WITH PROTEIN PRODUCT,6:41161514,rs75932628,SCREENING 1,2013-04-21,-3
01-710-1314,SNV,Single Nucleotide Variation,GENOTYPE,C/C,C/C,C/C,19,CD33,GENE WITH PROTEIN PRODUCT,19:51224706,rs3865444,SCREENING 1,2013-04-21,-3
01-710-1315,SNV,Single Nucleotide Variation,GENOTYPE,T/T,T/T,T/T,19,APOE,GENE WITH PROTEIN PRODUCT,19:44908684,rs429358,SCREENING 1,2013-02-12,-15
01-710-1315,SNV,Single Nucleotide Variation,GENOTYPE,C/C,C/C,C/C,19,APOE,GENE WITH PROTEIN PRODUCT,19:44908822,rs7412,SCREENING 1,2013-02-12,-15
01-710-1315,SNV,Single Nucleotide Variation,GENOTYPE,T/T,T/T,T/T,19,ABCA7,GENE WITH PROTEIN PRODUCT,19:1046521,rs3764650,SCREENING 1,2013-02-12,-15
01-710-1315,SNV,Single Nucleotide Variation,GENOTYPE,G/G,A/A,A/A,2,BIN1,GENE WITH PROTEIN PRODUCT,2:127137039,rs744373,SCREENING 1,2013-02-12,-15
01-710-1315,SNV,Single Nucleotide Variation,GENOTYPE,C/C,T/T,T/T,8,CLU,GENE WITH PROTEIN PRODUCT,8:27607002,rs11136000,SCREENING 1,2013-02-12,-15
01-710-1315,SNV,Single Nucleotide Variation,GENOTYPE,A/G,A/A,A/A,1,CR1,GENE WITH PROTEIN PRODUCT,1:207518704,rs6656401,SCREENING 1,2013-02-12,-15
01-710-1315,SNV,Single Nucleotide Variation,GENOTYPE,T/C,T/T,T/T,7,EPHA1,GENE WITH PROTEIN PRODUCT,7:143412046,rs11767557,SCREENING 1,2013-02-12,-15
01-710-1315,SNV,Single Nucleotide Variation,GENOTYPE,T/T,T/T,T/T,11,MS4A6A,GENE WITH PROTEIN PRODUCT,11:60171834,rs610932,SCREENING 1,2013-02-12,-15
01-710-1315,SNV,Single Nucleotide Variation,GENOTYPE,T/T,T/T,T/T,11,PICALM,GENE WITH PROTEIN PRODUCT,11:86157598,rs3851179,SCREENING 1,2013-02-12,-15
01-710-1315,SNV,Single Nucleotide Variation,GENOTYPE,T/C,T/T,T/T,11,SORL1,GENE WITH PROTEIN PRODUCT,11:121564878,rs11218343,SCREENING 1,2013-02-12,-15
01-710-1315,SNV,Single Nucleotide Variation,GENOTYPE,C/C,C/C,C/C,6,TREM2,GENE WITH PROTEIN PRODUCT,6:41161514,rs75932628,SCREENING 1,2013-02-12,-15
01-710-1315,SNV,Single Nucleotide Variation,GENOTYPE,C/A,C/C,C/C,19,CD33,GENE WITH PROTEIN PRODUCT,19:51224706,rs3865444,SCREENING 1,2013-02-12,-15
01-710-1354,SNV,Single Nucleotide Variation,GENOTYPE,T/T,T/T,T/T,19,APOE,GENE WITH PROTEIN PRODUCT,19:44908684,rs429358,SCREENING 1,2012-10-29,-13
01-710-1354,SNV,Single Nucleotide Variation,GENOTYPE,C/C,C/C,C/C,19,APOE,GENE WITH PROTEIN PRODUCT,19:44908822,rs7412,SCREENING 1,2012-10-29,-13
01-710-1354,SNV,Single Nucleotide Variation,GENOTYPE,T/G,T/T,T/T,19,ABCA7,GENE WITH PROTEIN PRODUCT,19:1046521,rs3764650,SCREENING 1,2012-10-29,-13
01-710-1354,SNV,Single Nucleotide Variation,GENOTYPE,A/G,A/A,A/A,2,BIN1,GENE WITH PROTEIN PRODUCT,2:127137039,rs744373,SCREENING 1,2012-10-29,-13
01-710-1354,SNV,Single Nucleotide Variation,GENOTYPE,T/T,T/T,T/T,8,CLU,GENE WITH PROTEIN PRODUCT,8:27607002,rs11136000,SCREENING 1,2012-10-29,-13
01-710-1354,SNV,Single Nucleotide Variation,GENOTYPE,A/G,A/A,A/A,1,CR1,GENE WITH PROTEIN PRODUCT,1:207518704,rs6656401,SCREENING 1,2012-10-29,-13
01-710-1354,SNV,Single Nucleotide Variation,GENOTYPE,T/T,T/T,T/T,7,EPHA1,GENE WITH PROTEIN PRODUCT,7:143412046,rs11767557,SCREENING 1,2012-10-29,-13
01-710-1354,SNV,Single Nucleotide Variation,GENOTYPE,T/C,T/T,T/T,11,MS4A6A,GENE WITH PROTEIN PRODUCT,11:60171834,rs610932,SCREENING 1,2012-10-29,-13
01-710-1354,SNV,Single Nucleotide Variation,GENOTYPE,T/C,T/T,T/T,11,PICALM,GENE WITH PROTEIN PRODUCT,11:86157598,rs3851179,SCREENING 1,2012-10-29,-13
01-710-1354,SNV,Single Nucleotide Variation,GENOTYPE,T/T,T/T,T/T,11,SORL1,GENE WITH PROTEIN PRODUCT,11:121564878,rs11218343,SCREENING 1,2012-10-29,-13
01-710-1354,SNV,Single Nucleotide Variation,GENOTYPE,C/C,C/C,C/C,6,TREM2,GENE WITH PROTEIN PRODUCT,6:41161514,rs75932628,SCREENING 1,2012-10-29,-13
01-710-1354,SNV,Single Nucleotide Variation,GENOTYPE,C/A,C/C,C/C,19,CD33,GENE WITH PROTEIN PRODUCT,19:51224706,rs3865444,SCREENING 1,2012-10-29,-13
01-710-1358,SNV,Single Nucleotide Variation,GENOTYPE,T/C,T/T,T/T,19,APOE,GENE WITH PROTEIN PRODUCT,19:44908684,rs429358,SCREENING 1,2012-09-02,-15
01-710-1358,SNV,Single Nucleotide Variation,GENOTYPE,C/C,C/C,C/C,19,APOE,GENE WITH PROTEIN PRODUCT,19:44908822,rs7412,SCREENING 1,2012-09-02,-15
01-710-1358,SNV,Single Nucleotide Variation,GENOTYPE,T/T,T/T,T/T,19,ABCA7,GENE WITH PROTEIN PRODUCT,19:1046521,rs3764650,SCREENING 1,2012-09-02,-15
01-710-1358,SNV,Single Nucleotide Variation,GENOTYPE,A/A,A/A,A/A,2,BIN1,GENE WITH PROTEIN PRODUCT,2:127137039,rs744373,SCREENING 1,2012-09-02,-15
01-710-1358,SNV,Single Nucleotide Variation,GENOTYPE,T/C,T/T,T/T,8,CLU,GENE WITH PROTEIN PRODUCT,8:27607002,rs11136000,SCREENING 1,2012-09-02,-15
01-710-1358,SNV,Single Nucleotide Variation,GENOTYPE,A/A,A/A,A/A,1,CR1,GENE WITH PROTEIN PRODUCT,1:207518704,rs6656401,SCREENING 1,2012-09-02,-15
01-710-1358,SNV,Single Nucleotide Variation,GENOTYPE,T/T,T/T,T/T,7,EPHA1,GENE WITH PROTEIN PRODUCT,7:143412046,rs11767557,SCREENING 1,2012-09-02,-15
01-710-1358,SNV,Single Nucleotide Variation,GENOTYPE,T/C,T/T,T/T,11,MS4A6A,GENE WITH PROTEIN PRODUCT,11:60171834,rs610932,SCREENING 1,2012-09-02,-15
01-710-1358,SNV,Single Nucleotide Variation,GENOTYPE,T/C,T/T,T/T,11,PICALM,GENE WITH PROTEIN PRODUCT,11:86157598,rs3851179,SCREENING 1,2012-09-02,-15
01-710-1358,SNV,Single Nucleotide Variation,GENOTYPE,T/C,T/T,T/T,11,SORL1,GENE WITH PROTEIN PRODUCT,11:121564878,rs11218343,SCREENING 1,2012-09-02,-15
01-710-1358,SNV,Single Nucleotide Variation,GENOTYPE,C/C,C/C,C/C,6,TREM2,GENE WITH PROTEIN PRODUCT,6:41161514,rs75932628,SCREENING 1,2012-09-02,-15
01-710-1358,SNV,Single Nucleotide Variation,GENOTYPE,C/C,C/C,C/C,19,CD33,GENE WITH PROTEIN PRODUCT,19:51224706,rs3865444,SCREENING 1,2012-09-02,-15
01-710-1368,SNV,Single Nucleotide Variation,GENOTYPE,T/C,T/T,T/T,19,APOE,GENE WITH PROTEIN PRODUCT,19:44908684,rs429358,SCREENING 1,2013-10-21,-2
01-710-1368,SNV,Single Nucleotide Variation,GENOTYPE,C/C,C/C,C/C,19,APOE,GENE WITH PROTEIN PRODUCT,19:44908822,rs7412,SCREENING 1,2013-10-21,-2
01-710-1368,SNV,Single Nucleotide Variation,GENOTYPE,T/G,T/T,T/T,19,ABCA7,GENE WITH PROTEIN PRODUCT,19:1046521,rs3764650,SCREENING 1,2013-10-21,-2
01-710-1368,SNV,Single Nucleotide Variation,GENOTYPE,A/A,A/A,A/A,2,BIN1,GENE WITH PROTEIN PRODUCT,2:127137039,rs744373,SCREENING 1,2013-10-21,-2
01-710-1368,SNV,Single Nucleotide Variation,GENOTYPE,T/T,T/T,T/T,8,CLU,GENE WITH PROTEIN PRODUCT,8:27607002,rs11136000,SCREENING 1,2013-10-21,-2
01-710-1368,SNV,Single Nucleotide Variation,GENOTYPE,A/A,A/A,A/A,1,CR1,GENE WITH PROTEIN PRODUCT,1:207518704,rs6656401,SCREENING 1,2013-10-21,-2
01-710-1368,SNV,Single Nucleotide Variation,GENOTYPE,T/T,T/T,T/T,7,EPHA1,GENE WITH PROTEIN PRODUCT,7:143412046,rs11767557,SCREENING 1,2013-10-21,-2
01-710-1368,SNV,Single Nucleotide Variation,GENOTYPE,T/C,T/T,T/T,11,MS4A6A,GENE WITH PROTEIN PRODUCT,11:60171834,rs610932,SCREENING 1,2013-10-21,-2
01-710-1368,SNV,Single Nucleotide Variation,GENOTYPE,T/C,T/T,T/T,11,PICALM,GENE WITH PROTEIN PRODUCT,11:86157598,rs3851179,SCREENING 1,2013-10-21,-2
01-710-1368,SNV,Single Nucleotide Variation,GENOTYPE,T/C,T/T,T/T,11,SORL1,GENE WITH PROTEIN PRODUCT,11:121564878,rs11218343,SCREENING 1,2013-10-21,-2
01-710-1368,SNV,Single Nucleotide Variation,GENOTYPE,C/C,C/C,C/C,6,TREM2,GENE WITH PROTEIN PRODUCT,6:41161514,rs75932628,SCREENING 1,2013-10-21,-2
01-710-1368,SNV,Single Nucleotide Variation,GENOTYPE,C/A,C/C,C/C,19,CD33,GENE WITH PROTEIN PRODUCT,19:51224706,rs3865444,SCREENING 1,2013-10-21,-2
01-710-1385,SNV,Single Nucleotide Variation,GENOTYPE,T/C,T/T,T/T,19,APOE,GENE WITH PROTEIN PRODUCT,19:44908684,rs429358,SCREENING 1,2012-10-21,-8
01-710-1385,SNV,Single Nucleotide Variation,GENOTYPE,C/C,C/C,C/C,19,APOE,GENE WITH PROTEIN PRODUCT,19:44908822,rs7412,SCREENING 1,2012-10-21,-8
01-710-1385,SNV,Single Nucleotide Variation,GENOTYPE,T/T,T/T,T/T,19,ABCA7,GENE WITH PROTEIN PRODUCT,19:1046521,rs3764650,SCREENING 1,2012-10-21,-8
01-710-1385,SNV,Single Nucleotide Variation,GENOTYPE,A/G,A/A,A/A,2,BIN1,GENE WITH PROTEIN PRODUCT,2:127137039,rs744373,SCREENING 1,2012-10-21,-8
01-710-1385,SNV,Single Nucleotide Variation,GENOTYPE,T/C,T/T,T/T,8,CLU,GENE WITH PROTEIN PRODUCT,8:27607002,rs11136000,SCREENING 1,2012-10-21,-8
01-710-1385,SNV,Single Nucleotide Variation,GENOTYPE,A/A,A/A,A/A,1,CR1,GENE WITH PROTEIN PRODUCT,1:207518704,rs6656401,SCREENING 1,2012-10-21,-8
01-710-1385,SNV,Single Nucleotide Variation,GENOTYPE,T/C,T/T,T/T,7,EPHA1,GENE WITH PROTEIN PRODUCT,7:143412046,rs11767557,SCREENING 1,2012-10-21,-8
01-710-1385,SNV,Single Nucleotide Variation,GENOTYPE,T/C,T/T,T/T,11,MS4A6A,GENE WITH PROTEIN PRODUCT,11:60171834,rs610932,SCREENING 1,2012-10-21,-8
01-710-1385,SNV,Single Nucleotide Variation,GENOTYPE,T/C,T/T,T/T,11,PICALM,GENE WITH PROTEIN PRODUCT,11:86157598,rs3851179,SCREENING 1,2012-10-21,-8
01-710-1385,SNV,Single Nucleotide Variation,GENOTYPE,T/T,T/T,T/T,11,SORL1,GENE WITH PROTEIN PRODUCT,11:121564878,rs11218343,SCREENING 1,2012-10-21,-8
01-710-1385,SNV,Single Nucleotide Variation,GENOTYPE,C/C,C/C,C/C,6,TREM2,GENE WITH PROTEIN PRODUCT,6:41161514,rs75932628,SCREENING 1,2012-10-21,-8
01-710-1385,SNV,Single Nucleotide Variation,GENOTYPE,C/C,C/C,C/C,19,CD33,GENE WITH PROTEIN PRODUCT,19:51224706,rs3865444,SCREENING 1,2012-10-21,-8
01-710-1408,SNV,Single Nucleotide Variation,GENOTYPE,T/T,T/T,T/T,19,APOE,GENE WITH PROTEIN PRODUCT,19:44908684,rs429358,SCREENING 1,2012-12-26,-10
01-710-1408,SNV,Single Nucleotide Variation,GENOTYPE,C/C,C/C,C/C,19,APOE,GENE WITH PROTEIN PRODUCT,19:44908822,rs7412,SCREENING 1,2012-12-26,-10
01-710-1408,SNV,Single Nucleotide Variation,GENOTYPE,T/G,T/T,T/T,19,ABCA7,GENE WITH PROTEIN PRODUCT,19:1046521,rs3764650,SCREENING 1,2012-12-26,-10
01-710-1408,SNV,Single Nucleotide Variation,GENOTYPE,A/A,A/A,A/A,2,BIN1,GENE WITH PROTEIN PRODUCT,2:127137039,rs744373,SCREENING 1,2012-12-26,-10
01-710-1408,SNV,Single Nucleotide Variation,GENOTYPE,T/C,T/T,T/T,8,CLU,GENE WITH PROTEIN PRODUCT,8:27607002,rs11136000,SCREENING 1,2012-12-26,-10
01-710-1408,SNV,Single Nucleotide Variation,GENOTYPE,A/G,A/A,A/A,1,CR1,GENE WITH PROTEIN PRODUCT,1:207518704,rs6656401,SCREENING 1,2012-12-26,-10
01-710-1408,SNV,Single Nucleotide Variation,GENOTYPE,T/T,T/T,T/T,7,EPHA1,GENE WITH PROTEIN PRODUCT,7:143412046,rs11767557,SCREENING 1,2012-12-26,-10
01-710-1408,SNV,Single Nucleotide Variation,GENOTYPE,T/T,T/T,T/T,11,MS4A6A,GENE WITH PROTEIN PRODUCT,11:60171834,rs610932,SCREENING 1,2012-12-26,-10
01-710-1408,SNV,Single Nucleotide Variation,GENOTYPE,T/C,T/T,T/T,11,PICALM,GENE WITH PROTEIN PRODUCT,11:86157598,rs3851179,SCREENING 1,2012-12-26,-10
01-710-1408,SNV,Single Nucleotide Variation,GENOTYPE,T/T,T/T,T/T,11,SORL1,GENE WITH PROTEIN PRODUCT,11:121564878,rs11218343,SCREENING 1,2012-12-26,-10
01-710-1408,SNV,Single Nucleotide Variation,GENOTYPE,C/C,C/C,C/C,6,TREM2,GENE WITH PROTEIN PRODUCT,6:41161514,rs75932628,SCREENING 1,2012-12-26,-10
01-710-1408,SNV,Single Nucleotide Variation,GENOTYPE,C/A,C/C,C/C,19,CD33,GENE WITH PROTEIN PRODUCT,19:51224706,rs3865444,SCREENING 1,2012-12-26,-10
01-711-1012,SNV,Single Nucleotide Variation,GENOTYPE,T/T,T/T,T/T,19,APOE,GENE WITH PROTEIN PRODUCT,19:44908684,rs429358,SCREENING 1,2013-03-20,-14
01-711-1012,SNV,Single Nucleotide Variation,GENOTYPE,C/C,C/C,C/C,19,APOE,GENE WITH PROTEIN PRODUCT,19:44908822,rs7412,SCREENING 1,2013-03-20,-14
01-711-1012,SNV,Single Nucleotide Variation,GENOTYPE,G/G,T/T,T/T,19,ABCA7,GENE WITH PROTEIN PRODUCT,19:1046521,rs3764650,SCREENING 1,2013-03-20,-14
01-711-1012,SNV,Single Nucleotide Variation,GENOTYPE,A/G,A/A,A/A,2,BIN1,GENE WITH PROTEIN PRODUCT,2:127137039,rs744373,SCREENING 1,2013-03-20,-14
01-711-1012,SNV,Single Nucleotide Variation,GENOTYPE,T/C,T/T,T/T,8,CLU,GENE WITH PROTEIN PRODUCT,8:27607002,rs11136000,SCREENING 1,2013-03-20,-14
01-711-1012,SNV,Single Nucleotide Variation,GENOTYPE,A/A,A/A,A/A,1,CR1,GENE WITH PROTEIN PRODUCT,1:207518704,rs6656401,SCREENING 1,2013-03-20,-14
01-711-1012,SNV,Single Nucleotide Variation,GENOTYPE,T/C,T/T,T/T,7,EPHA1,GENE WITH PROTEIN PRODUCT,7:143412046,rs11767557,SCREENING 1,2013-03-20,-14
01-711-1012,SNV,Single Nucleotide Variation,GENOTYPE,T/T,T/T,T/T,11,MS4A6A,GENE WITH PROTEIN PRODUCT,11:60171834,rs610932,SCREENING 1,2013-03-20,-14
01-711-1012,SNV,Single Nucleotide Variation,GENOTYPE,T/T,T/T,T/T,11,PICALM,GENE WITH PROTEIN PRODUCT,11:86157598,rs3851179,SCREENING 1,2013-03-20,-14
01-711-1012,SNV,Single Nucleotide Variation,GENOTYPE,T/C,T/T,T/T,11,SORL1,GENE WITH PROTEIN PRODUCT,11:121564878,rs11218343,SCREENING 1,2013-03-20,-14
01-711-1012,SNV,Single Nucleotide Variation,GENOTYPE,C/C,C/C,C/C,6,TREM2,GENE WITH PROTEIN PRODUCT,6:41161514,rs75932628,SCREENING 1,2013-03-20,-14
01-711-1012,SNV,Single Nucleotide Variation,GENOTYPE,C/C,C/C,C/C,19,CD33,GENE WITH PROTEIN PRODUCT,19:51224706,rs3865444,SCREENING 1,2013-03-20,-14
01-711-1036,SNV,Single Nucleotide Variation,GENOTYPE,T/T,T/T,T/T,19,APOE,GENE WITH PROTEIN PRODUCT,19:44908684,rs429358,SCREENING 1,2012-07-20,-9
01-711-1036,SNV,Single Nucleotide Variation,GENOTYPE,C/T,C/C,C/C,19,APOE,GENE WITH PROTEIN PRODUCT,19:44908822,rs7412,SCREENING 1,2012-07-20,-9
01-711-1036,SNV,Single Nucleotide Variation,GENOTYPE,T/G,T/T,T/T,19,ABCA7,GENE WITH PROTEIN PRODUCT,19:1046521,rs3764650,SCREENING 1,2012-07-20,-9
01-711-1036,SNV,Single Nucleotide Variation,GENOTYPE,A/A,A/A,A/A,2,BIN1,GENE WITH PROTEIN PRODUCT,2:127137039,rs744373,SCREENING 1,2012-07-20,-9
01-711-1036,SNV,Single Nucleotide Variation,GENOTYPE,T/C,T/T,T/T,8,CLU,GENE WITH PROTEIN PRODUCT,8:27607002,rs11136000,SCREENING 1,2012-07-20,-9
01-711-1036,SNV,Single Nucleotide Variation,GENOTYPE,A/A,A/A,A/A,1,CR1,GENE WITH PROTEIN PRODUCT,1:207518704,rs6656401,SCREENING 1,2012-07-20,-9
01-711-1036,SNV,Single Nucleotide Variation,GENOTYPE,T/T,T/T,T/T,7,EPHA1,GENE WITH PROTEIN PRODUCT,7:143412046,rs11767557,SCREENING 1,2012-07-20,-9
01-711-1036,SNV,Single Nucleotide Variation,GENOTYPE,T/T,T/T,T/T,11,MS4A6A,GENE WITH PROTEIN PRODUCT,11:60171834,rs610932,SCREENING 1,2012-07-20,-9
01-711-1036,SNV,Single Nucleotide Variation,GENOTYPE,T/T,T/T,T/T,11,PICALM,GENE WITH PROTEIN PRODUCT,11:86157598,rs3851179,SCREENING 1,2012-07-20,-9
01-711-1036,SNV,Single Nucleotide Variation,GENOTYPE,T/T,T/T,T/T,11,SORL1,GENE WITH PROTEIN PRODUCT,11:121564878,rs11218343,SCREENING 1,2012-07-20,-9
01-711-1036,SNV,Single Nucleotide Variation,GENOTYPE,C/C,C/C,C/C,6,TREM2,GENE WITH PROTEIN PRODUCT,6:41161514,rs75932628,SCREENING 1,2012-07-20,-9
01-711-1036,SNV,Single Nucleotide Variation,GENOTYPE,C/C,C/C,C/C,19,CD33,GENE WITH PROTEIN PRODUCT,19:51224706,rs3865444,SCREENING 1,2012-07-20,-9
01-711-1143,SNV,Single Nucleotide Variation,GENOTYPE,T/C,T/T,T/T,19,APOE,GENE WITH PROTEIN PRODUCT,19:44908684,rs429358,SCREENING 1,2013-03-30,-4
01-711-1143,SNV,Single Nucleotide Variation,GENOTYPE,C/C,C/C,C/C,19,APOE,GENE WITH PROTEIN PRODUCT,19:44908822,rs7412,SCREENING 1,2013-03-30,-4
01-711-1143,SNV,Single Nucleotide Variation,GENOTYPE,T/G,T/T,T/T,19,ABCA7,GENE WITH PROTEIN PRODUCT,19:1046521,rs3764650,SCREENING 1,2013-03-30,-4
01-711-1143,SNV,Single Nucleotide Variation,GENOTYPE,A/G,A/A,A/A,2,BIN1,GENE WITH PROTEIN PRODUCT,2:127137039,rs744373,SCREENING 1,2013-03-30,-4
01-711-1143,SNV,Single Nucleotide Variation,GENOTYPE,T/C,T/T,T/T,8,CLU,GENE WITH PROTEIN PRODUCT,8:27607002,rs11136000,SCREENING 1,2013-03-30,-4
01-711-1143,SNV,Single Nucleotide Variation,GENOTYPE,A/A,A/A,A/A,1,CR1,GENE WITH PROTEIN PRODUCT,1:207518704,rs6656401,SCREENING 1,2013-03-30,-4
01-711-1143,SNV,Single Nucleotide Variation,GENOTYPE,T/T,T/T,T/T,7,EPHA1,GENE WITH PROTEIN PRODUCT,7:143412046,rs11767557,SCREENING 1,2013-03-30,-4
01-711-1143,SNV,Single Nucleotide Variation,GENOTYPE,T/T,T/T,T/T,11,MS4A6A,GENE WITH PROTEIN PRODUCT,11:60171834,rs610932,SCREENING 1,2013-03-30,-4
01-711-1143,SNV,Single Nucleotide Variation,GENOTYPE,T/C,T/T,T/T,11,PICALM,GENE WITH PROTEIN PRODUCT,11:86157598,rs3851179,SCREENING 1,2013-03-30,-4
01-711-1143,SNV,Single Nucleotide Variation,GENOTYPE,T/T,T/T,T/T,11,SORL1,GENE WITH PROTEIN PRODUCT,11:121564878,rs11218343,SCREENING 1,2013-03-30,-4
01-711-1143,SNV,Single Nucleotide Variation,GENOTYPE,C/C,C/C,C/C,6,TREM2,GENE WITH PROTEIN PRODUCT,6:41161514,rs75932628,SCREENING 1,2013-03-30,-4
01-711-1143,SNV,Single Nucleotide Variation,GENOTYPE,C/C,C/C,C/C,19,CD33,GENE WITH PROTEIN PRODUCT,19:51224706,rs3865444,SCREENING 1,2013-03-30,-4
01-711-1433,SNV,Single Nucleotide Variation,GENOTYPE,T/T,T/T,T/T,19,APOE,GENE WITH PROTEIN PRODUCT,19:44908684,rs429358,SCREENING 1,2013-01-23,-4
01-711-1433,SNV,Single Nucleotide Variation,GENOTYPE,C/C,C/C,C/C,19,APOE,GENE WITH PROTEIN PRODUCT,19:44908822,rs7412,SCREENING 1,2013-01-23,-4
01-711-1433,SNV,Single Nucleotide Variation,GENOTYPE,T/T,T/T,T/T,19,ABCA7,GENE WITH PROTEIN PRODUCT,19:1046521,rs3764650,SCREENING 1,2013-01-23,-4
01-711-1433,SNV,Single Nucleotide Variation,GENOTYPE,A/A,A/A,A/A,2,BIN1,GENE WITH PROTEIN PRODUCT,2:127137039,rs744373,SCREENING 1,2013-01-23,-4
01-711-1433,SNV,Single Nucleotide Variation,GENOTYPE,T/C,T/T,T/T,8,CLU,GENE WITH PROTEIN PRODUCT,8:27607002,rs11136000,SCREENING 1,2013-01-23,-4
01-711-1433,SNV,Single Nucleotide Variation,GENOTYPE,A/A,A/A,A/A,1,CR1,GENE WITH PROTEIN PRODUCT,1:207518704,rs6656401,SCREENING 1,2013-01-23,-4
01-711-1433,SNV,Single Nucleotide Variation,GENOTYPE,T/C,T/T,T/T,7,EPHA1,GENE WITH PROTEIN PRODUCT,7:143412046,rs11767557,SCREENING 1,2013-01-23,-4
01-711-1433,SNV,Single Nucleotide Variation,GENOTYPE,C/C,T/T,T/T,11,MS4A6A,GENE WITH PROTEIN PRODUCT,11:60171834,rs610932,SCREENING 1,2013-01-23,-4
01-711-1433,SNV,Single Nucleotide Variation,GENOTYPE,T/C,T/T,T/T,11,PICALM,GENE WITH PROTEIN PRODUCT,11:86157598,rs3851179,SCREENING 1,2013-01-23,-4
01-711-1433,SNV,Single Nucleotide Variation,GENOTYPE,T/T,T/T,T/T,11,SORL1,GENE WITH PROTEIN PRODUCT,11:121564878,rs11218343,SCREENING 1,2013-01-23,-4
01-711-1433,SNV,Single Nucleotide Variation,GENOTYPE,C/C,C/C,C/C,6,TREM2,GENE WITH PROTEIN PRODUCT,6:41161514,rs75932628,SCREENING 1,2013-01-23,-4
01-711-1433,SNV,Single Nucleotide Variation,GENOTYPE,C/C,C/C,C/C,19,CD33,GENE WITH PROTEIN PRODUCT,19:51224706,rs3865444,SCREENING 1,2013-01-23,-4
01-713-1043,SNV,Single Nucleotide Variation,GENOTYPE,T/T,T/T,T/T,19,APOE,GENE WITH PROTEIN PRODUCT,19:44908684,rs429358,SCREENING 1,2013-08-17,-29
01-713-1043,SNV,Single Nucleotide Variation,GENOTYPE,C/C,C/C,C/C,19,APOE,GENE WITH PROTEIN PRODUCT,19:44908822,rs7412,SCREENING 1,2013-08-17,-29
01-713-1043,SNV,Single Nucleotide Variation,GENOTYPE,T/T,T/T,T/T,19,ABCA7,GENE WITH PROTEIN PRODUCT,19:1046521,rs3764650,SCREENING 1,2013-08-17,-29
01-713-1043,SNV,Single Nucleotide Variation,GENOTYPE,A/A,A/A,A/A,2,BIN1,GENE WITH PROTEIN PRODUCT,2:127137039,rs744373,SCREENING 1,2013-08-17,-29
01-713-1043,SNV,Single Nucleotide Variation,GENOTYPE,T/C,T/T,T/T,8,CLU,GENE WITH PROTEIN PRODUCT,8:27607002,rs11136000,SCREENING 1,2013-08-17,-29
01-713-1043,SNV,Single Nucleotide Variation,GENOTYPE,A/A,A/A,A/A,1,CR1,GENE WITH PROTEIN PRODUCT,1:207518704,rs6656401,SCREENING 1,2013-08-17,-29
01-713-1043,SNV,Single Nucleotide Variation,GENOTYPE,T/C,T/T,T/T,7,EPHA1,GENE WITH PROTEIN PRODUCT,7:143412046,rs11767557,SCREENING 1,2013-08-17,-29
01-713-1043,SNV,Single Nucleotide Variation,GENOTYPE,T/T,T/T,T/T,11,MS4A6A,GENE WITH PROTEIN PRODUCT,11:60171834,rs610932,SCREENING 1,2013-08-17,-29
01-713-1043,SNV,Single Nucleotide Variation,GENOTYPE,T/C,T/T,T/T,11,PICALM,GENE WITH PROTEIN PRODUCT,11:86157598,rs3851179,SCREENING 1,2013-08-17,-29
01-713-1043,SNV,Single Nucleotide Variation,GENOTYPE,T/T,T/T,T/T,11,SORL1,GENE WITH PROTEIN PRODUCT,11:121564878,rs11218343,SCREENING 1,2013-08-17,-29
01-713-1043,SNV,Single Nucleotide Variation,GENOTYPE,C/C,C/C,C/C,6,TREM2,GENE WITH PROTEIN PRODUCT,6:41161514,rs75932628,SCREENING 1,2013-08-17,-29
01-713-1043,SNV,Single Nucleotide Variation,GENOTYPE,A/A,C/C,C/C,19,CD33,GENE WITH PROTEIN PRODUCT,19:51224706,rs3865444,SCREENING 1,2013-08-17,-29
01-713-1073,SNV,Single Nucleotide Variation,GENOTYPE,T/T,T/T,T/T,19,APOE,GENE WITH PROTEIN PRODUCT,19:44908684,rs429358,SCREENING 1,2014-03-15,-15
01-713-1073,SNV,Single Nucleotide Variation,GENOTYPE,C/T,C/C,C/C,19,APOE,GENE WITH PROTEIN PRODUCT,19:44908822,rs7412,SCREENING 1,2014-03-15,-15
01-713-1073,SNV,Single Nucleotide Variation,GENOTYPE,T/T,T/T,T/T,19,ABCA7,GENE WITH PROTEIN PRODUCT,19:1046521,rs3764650,SCREENING 1,2014-03-15,-15
01-713-1073,SNV,Single Nucleotide Variation,GENOTYPE,A/A,A/A,A/A,2,BIN1,GENE WITH PROTEIN PRODUCT,2:127137039,rs744373,SCREENING 1,2014-03-15,-15
01-713-1073,SNV,Single Nucleotide Variation,GENOTYPE,T/T,T/T,T/T,8,CLU,GENE WITH PROTEIN PRODUCT,8:27607002,rs11136000,SCREENING 1,2014-03-15,-15
01-713-1073,SNV,Single Nucleotide Variation,GENOTYPE,A/A,A/A,A/A,1,CR1,GENE WITH PROTEIN PRODUCT,1:207518704,rs6656401,SCREENING 1,2014-03-15,-15
01-713-1073,SNV,Single Nucleotide Variation,GENOTYPE,T/T,T/T,T/T,7,EPHA1,GENE WITH PROTEIN PRODUCT,7:143412046,rs11767557,SCREENING 1,2014-03-15,-15
01-713-1073,SNV,Single Nucleotide Variation,GENOTYPE,T/C,T/T,T/T,11,MS4A6A,GENE WITH PROTEIN PRODUCT,11:60171834,rs610932,SCREENING 1,2014-03-15,-15
01-713-1073,SNV,Single Nucleotide Variation,GENOTYPE,T/C,T/T,T/T,11,PICALM,GENE WITH PROTEIN PRODUCT,11:86157598,rs3851179,SCREENING 1,2014-03-15,-15
01-713-1073,SNV,Single Nucleotide Variation,GENOTYPE,T/T,T/T,T/T,11,SORL1,GENE WITH PROTEIN PRODUCT,11:121564878,rs11218343,SCREENING 1,2014-03-15,-15
01-713-1073,SNV,Single Nucleotide Variation,GENOTYPE,C/C,C/C,C/C,6,TREM2,GENE WITH PROTEIN PRODUCT,6:41161514,rs75932628,SCREENING 1,2014-03-15,-15
01-713-1073,SNV,Single Nucleotide Variation,GENOTYPE,C/A,C/C,C/C,19,CD33,GENE WITH PROTEIN PRODUCT,19:51224706,rs3865444,SCREENING 1,2014-03-15,-15
01-713-1106,SNV,Single Nucleotide Variation,GENOTYPE,T/T,T/T,T/T,19,APOE,GENE WITH PROTEIN PRODUCT,19:44908684,rs429358,SCREENING 1,2012-10-03,-28
01-713-1106,SNV,Single Nucleotide Variation,GENOTYPE,C/C,C/C,C/C,19,APOE,GENE WITH PROTEIN PRODUCT,19:44908822,rs7412,SCREENING 1,2012-10-03,-28
01-713-1106,SNV,Single Nucleotide Variation,GENOTYPE,G/G,T/T,T/T,19,ABCA7,GENE WITH PROTEIN PRODUCT,19:1046521,rs3764650,SCREENING 1,2012-10-03,-28
01-713-1106,SNV,Single Nucleotide Variation,GENOTYPE,G/G,A/A,A/A,2,BIN1,GENE WITH PROTEIN PRODUCT,2:127137039,rs744373,SCREENING 1,2012-10-03,-28
01-713-1106,SNV,Single Nucleotide Variation,GENOTYPE,T/C,T/T,T/T,8,CLU,GENE WITH PROTEIN PRODUCT,8:27607002,rs11136000,SCREENING 1,2012-10-03,-28
01-713-1106,SNV,Single Nucleotide Variation,GENOTYPE,A/G,A/A,A/A,1,CR1,GENE WITH PROTEIN PRODUCT,1:207518704,rs6656401,SCREENING 1,2012-10-03,-28
01-713-1106,SNV,Single Nucleotide Variation,GENOTYPE,T/C,T/T,T/T,7,EPHA1,GENE WITH PROTEIN PRODUCT,7:143412046,rs11767557,SCREENING 1,2012-10-03,-28
01-713-1106,SNV,Single Nucleotide Variation,GENOTYPE,T/C,T/T,T/T,11,MS4A6A,GENE WITH PROTEIN PRODUCT,11:60171834,rs610932,SCREENING 1,2012-10-03,-28
01-713-1106,SNV,Single Nucleotide Variation,GENOTYPE,T/T,T/T,T/T,11,PICALM,GENE WITH PROTEIN PRODUCT,11:86157598,rs3851179,SCREENING 1,2012-10-03,-28
01-713-1106,SNV,Single Nucleotide Variation,GENOTYPE,T/T,T/T,T/T,11,SORL1,GENE WITH PROTEIN PRODUCT,11:121564878,rs11218343,SCREENING 1,2012-10-03,-28
01-713-1106,SNV,Single Nucleotide Variation,GENOTYPE,C/C,C/C,C/C,6,TREM2,GENE WITH PROTEIN PRODUCT,6:41161514,rs75932628,SCREENING 1,2012-10-03,-28
01-713-1106,SNV,Single Nucleotide Variation,GENOTYPE,C/C,C/C,C/C,19,CD33,GENE WITH PROTEIN PRODUCT,19:51224706,rs3865444,SCREENING 1,2012-10-03,-28
01-713-1141,SNV,Single Nucleotide Variation,GENOTYPE,T/C,T/T,T/T,19,APOE,GENE WITH PROTEIN PRODUCT,19:44908684,rs429358,SCREENING 1,2013-05-23,-8
01-713-1141,SNV,Single Nucleotide Variation,GENOTYPE,C/C,C/C,C/C,19,APOE,GENE WITH PROTEIN PRODUCT,19:44908822,rs7412,SCREENING 1,2013-05-23,-8
01-713-1141,SNV,Single Nucleotide Variation,GENOTYPE,T/G,T/T,T/T,19,ABCA7,GENE WITH PROTEIN PRODUCT,19:1046521,rs3764650,SCREENING 1,2013-05-23,-8
01-713-1141,SNV,Single Nucleotide Variation,GENOTYPE,G/G,A/A,A/A,2,BIN1,GENE WITH PROTEIN PRODUCT,2:127137039,rs744373,SCREENING 1,2013-05-23,-8
01-713-1141,SNV,Single Nucleotide Variation,GENOTYPE,T/C,T/T,T/T,8,CLU,GENE WITH PROTEIN PRODUCT,8:27607002,rs11136000,SCREENING 1,2013-05-23,-8
01-713-1141,SNV,Single Nucleotide Variation,GENOTYPE,A/G,A/A,A/A,1,CR1,GENE WITH PROTEIN PRODUCT,1:207518704,rs6656401,SCREENING 1,2013-05-23,-8
01-713-1141,SNV,Single Nucleotide Variation,GENOTYPE,T/T,T/T,T/T,7,EPHA1,GENE WITH PROTEIN PRODUCT,7:143412046,rs11767557,SCREENING 1,2013-05-23,-8
01-713-1141,SNV,Single Nucleotide Variation,GENOTYPE,T/C,T/T,T/T,11,MS4A6A,GENE WITH PROTEIN PRODUCT,11:60171834,rs610932,SCREENING 1,2013-05-23,-8
01-713-1141,SNV,Single Nucleotide Variation,GENOTYPE,T/T,T/T,T/T,11,PICALM,GENE WITH PROTEIN PRODUCT,11:86157598,rs3851179,SCREENING 1,2013-05-23,-8
01-713-1141,SNV,Single Nucleotide Variation,GENOTYPE,T/C,T/T,T/T,11,SORL1,GENE WITH PROTEIN PRODUCT,11:121564878,rs11218343,SCREENING 1,2013-05-23,-8
01-713-1141,SNV,Single Nucleotide Variation,GENOTYPE,C/C,C/C,C/C,6,TREM2,GENE WITH PROTEIN PRODUCT,6:41161514,rs75932628,SCREENING 1,2013-05-23,-8
01-713-1141,SNV,Single Nucleotide Variation,GENOTYPE,C/A,C/C,C/C,19,CD33,GENE WITH PROTEIN PRODUCT,19:51224706,rs3865444,SCREENING 1,2013-05-23,-8
01-713-1179,SNV,Single Nucleotide Variation,GENOTYPE,T/C,T/T,T/T,19,APOE,GENE WITH PROTEIN PRODUCT,19:44908684,rs429358,SCREENING 1,2013-07-11,-29
01-713-1179,SNV,Single Nucleotide Variation,GENOTYPE,C/C,C/C,C/C,19,APOE,GENE WITH PROTEIN PRODUCT,19:44908822,rs7412,SCREENING 1,2013-07-11,-29
01-713-1179,SNV,Single Nucleotide Variation,GENOTYPE,T/T,T/T,T/T,19,ABCA7,GENE WITH PROTEIN PRODUCT,19:1046521,rs3764650,SCREENING 1,2013-07-11,-29
01-713-1179,SNV,Single Nucleotide Variation,GENOTYPE,A/G,A/A,A/A,2,BIN1,GENE WITH PROTEIN PRODUCT,2:127137039,rs744373,SCREENING 1,2013-07-11,-29
01-713-1179,SNV,Single Nucleotide Variation,GENOTYPE,T/T,T/T,T/T,8,CLU,GENE WITH PROTEIN PRODUCT,8:27607002,rs11136000,SCREENING 1,2013-07-11,-29
01-713-1179,SNV,Single Nucleotide Variation,GENOTYPE,A/A,A/A,A/A,1,CR1,GENE WITH PROTEIN PRODUCT,1:207518704,rs6656401,SCREENING 1,2013-07-11,-29
01-713-1179,SNV,Single Nucleotide Variation,GENOTYPE,T/T,T/T,T/T,7,EPHA1,GENE WITH PROTEIN PRODUCT,7:143412046,rs11767557,SCREENING 1,2013-07-11,-29
01-713-1179,SNV,Single Nucleotide Variation,GENOTYPE,C/C,T/T,T/T,11,MS4A6A,GENE WITH PROTEIN PRODUCT,11:60171834,rs610932,SCREENING 1,2013-07-11,-29
01-713-1179,SNV,Single Nucleotide Variation,GENOTYPE,T/C,T/T,T/T,11,PICALM,GENE WITH PROTEIN PRODUCT,11:86157598,rs3851179,SCREENING 1,2013-07-11,-29
01-713-1179,SNV,Single Nucleotide Variation,GENOTYPE,T/T,T/T,T/T,11,SORL1,GENE WITH PROTEIN PRODUCT,11:121564878,rs11218343,SCREENING 1,2013-07-11,-29
01-713-1179,SNV,Single Nucleotide Variation,GENOTYPE,C/C,C/C,C/C,6,TREM2,GENE WITH PROTEIN PRODUCT,6:41161514,rs75932628,SCREENING 1,2013-07-11,-29
01-713-1179,SNV,Single Nucleotide Variation,GENOTYPE,C/C,C/C,C/C,19,CD33,GENE WITH PROTEIN PRODUCT,19:51224706,rs3865444,SCREENING 1,2013-07-11,-29
01-713-1209,SNV,Single Nucleotide Variation,GENOTYPE,T/T,T/T,T/T,19,APOE,GENE WITH PROTEIN PRODUCT,19:44908684,rs429358,SCREENING 1,2013-05-16,-11
01-713-1209,SNV,Single Nucleotide Variation,GENOTYPE,C/C,C/C,C/C,19,APOE,GENE WITH PROTEIN PRODUCT,19:44908822,rs7412,SCREENING 1,2013-05-16,-11
01-713-1209,SNV,Single Nucleotide Variation,GENOTYPE,T/T,T/T,T/T,19,ABCA7,GENE WITH PROTEIN PRODUCT,19:1046521,rs3764650,SCREENING 1,2013-05-16,-11
01-713-1209,SNV,Single Nucleotide Variation,GENOTYPE,A/A,A/A,A/A,2,BIN1,GENE WITH PROTEIN PRODUCT,2:127137039,rs744373,SCREENING 1,2013-05-16,-11
01-713-1209,SNV,Single Nucleotide Variation,GENOTYPE,T/C,T/T,T/T,8,CLU,GENE WITH PROTEIN PRODUCT,8:27607002,rs11136000,SCREENING 1,2013-05-16,-11
01-713-1209,SNV,Single Nucleotide Variation,GENOTYPE,A/G,A/A,A/A,1,CR1,GENE WITH PROTEIN PRODUCT,1:207518704,rs6656401,SCREENING 1,2013-05-16,-11
01-713-1209,SNV,Single Nucleotide Variation,GENOTYPE,T/T,T/T,T/T,7,EPHA1,GENE WITH PROTEIN PRODUCT,7:143412046,rs11767557,SCREENING 1,2013-05-16,-11
01-713-1209,SNV,Single Nucleotide Variation,GENOTYPE,T/T,T/T,T/T,11,MS4A6A,GENE WITH PROTEIN PRODUCT,11:60171834,rs610932,SCREENING 1,2013-05-16,-11
01-713-1209,SNV,Single Nucleotide Variation,GENOTYPE,C/C,T/T,T/T,11,PICALM,GENE WITH PROTEIN PRODUCT,11:86157598,rs3851179,SCREENING 1,2013-05-16,-11
01-713-1209,SNV,Single Nucleotide Variation,GENOTYPE,T/C,T/T,T/T,11,SORL1,GENE WITH PROTEIN PRODUCT,11:121564878,rs11218343,SCREENING 1,2013-05-16,-11
01-713-1209,SNV,Single Nucleotide Variation,GENOTYPE,C/C,C/C,C/C,6,TREM2,GENE WITH PROTEIN PRODUCT,6:41161514,rs75932628,SCREENING 1,2013-05-16,-11
01-713-1209,SNV,Single Nucleotide Variation,GENOTYPE,C/C,C/C,C/C,19,CD33,GENE WITH PROTEIN PRODUCT,19:51224706,rs3865444,SCREENING 1,2013-05-16,-11
01-713-1256,SNV,Single Nucleotide Variation,GENOTYPE,T/T,T/T,T/T,19,APOE,GENE WITH PROTEIN PRODUCT,19:44908684,rs429358,SCREENING 1,2012-09-10,-9
01-713-1256,SNV,Single Nucleotide Variation,GENOTYPE,C/C,C/C,C/C,19,APOE,GENE WITH PROTEIN PRODUCT,19:44908822,rs7412,SCREENING 1,2012-09-10,-9
01-713-1256,SNV,Single Nucleotide Variation,GENOTYPE,T/T,T/T,T/T,19,ABCA7,GENE WITH PROTEIN PRODUCT,19:1046521,rs3764650,SCREENING 1,2012-09-10,-9
01-713-1256,SNV,Single Nucleotide Variation,GENOTYPE,G/G,A/A,A/A,2,BIN1,GENE WITH PROTEIN PRODUCT,2:127137039,rs744373,SCREENING 1,2012-09-10,-9
01-713-1256,SNV,Single Nucleotide Variation,GENOTYPE,T/C,T/T,T/T,8,CLU,GENE WITH PROTEIN PRODUCT,8:27607002,rs11136000,SCREENING 1,2012-09-10,-9
01-713-1256,SNV,Single Nucleotide Variation,GENOTYPE,G/G,A/A,A/A,1,CR1,GENE WITH PROTEIN PRODUCT,1:207518704,rs6656401,SCREENING 1,2012-09-10,-9
01-713-1256,SNV,Single Nucleotide Variation,GENOTYPE,T/T,T/T,T/T,7,EPHA1,GENE WITH PROTEIN PRODUCT,7:143412046,rs11767557,SCREENING 1,2012-09-10,-9
01-713-1256,SNV,Single Nucleotide Variation,GENOTYPE,T/C,T/T,T/T,11,MS4A6A,GENE WITH PROTEIN PRODUCT,11:60171834,rs610932,SCREENING 1,2012-09-10,-9
01-713-1256,SNV,Single Nucleotide Variation,GENOTYPE,C/C,T/T,T/T,11,PICALM,GENE WITH PROTEIN PRODUCT,11:86157598,rs3851179,SCREENING 1,2012-09-10,-9
01-713-1256,SNV,Single Nucleotide Variation,GENOTYPE,T/T,T/T,T/T,11,SORL1,GENE WITH PROTEIN PRODUCT,11:121564878,rs11218343,SCREENING 1,2012-09-10,-9
01-713-1256,SNV,Single Nucleotide Variation,GENOTYPE,C/C,C/C,C/C,6,TREM2,GENE WITH PROTEIN PRODUCT,6:41161514,rs75932628,SCREENING 1,2012-09-10,-9
01-713-1256,SNV,Single Nucleotide Variation,GENOTYPE,C/A,C/C,C/C,19,CD33,GENE WITH PROTEIN PRODUCT,19:51224706,rs3865444,SCREENING 1,2012-09-10,-9
01-713-1269,SNV,Single Nucleotide Variation,GENOTYPE,T/T,T/T,T/T,19,APOE,GENE WITH PROTEIN PRODUCT,19:44908684,rs429358,SCREENING 1,2014-01-14,-13
01-713-1269,SNV,Single Nucleotide Variation,GENOTYPE,C/T,C/C,C/C,19,APOE,GENE WITH PROTEIN PRODUCT,19:44908822,rs7412,SCREENING 1,2014-01-14,-13
01-713-1269,SNV,Single Nucleotide Variation,GENOTYPE,T/T,T/T,T/T,19,ABCA7,GENE WITH PROTEIN PRODUCT,19:1046521,rs3764650,SCREENING 1,2014-01-14,-13
01-713-1269,SNV,Single Nucleotide Variation,GENOTYPE,A/G,A/A,A/A,2,BIN1,GENE WITH PROTEIN PRODUCT,2:127137039,rs744373,SCREENING 1,2014-01-14,-13
01-713-1269,SNV,Single Nucleotide Variation,GENOTYPE,T/T,T/T,T/T,8,CLU,GENE WITH PROTEIN PRODUCT,8:27607002,rs11136000,SCREENING 1,2014-01-14,-13
01-713-1269,SNV,Single Nucleotide Variation,GENOTYPE,A/A,A/A,A/A,1,CR1,GENE WITH PROTEIN PRODUCT,1:207518704,rs6656401,SCREENING 1,2014-01-14,-13
01-713-1269,SNV,Single Nucleotide Variation,GENOTYPE,T/C,T/T,T/T,7,EPHA1,GENE WITH PROTEIN PRODUCT,7:143412046,rs11767557,SCREENING 1,2014-01-14,-13
01-713-1269,SNV,Single Nucleotide Variation,GENOTYPE,T/T,T/T,T/T,11,MS4A6A,GENE WITH PROTEIN PRODUCT,11:60171834,rs610932,SCREENING 1,2014-01-14,-13
01-713-1269,SNV,Single Nucleotide Variation,GENOTYPE,T/C,T/T,T/T,11,PICALM,GENE WITH PROTEIN PRODUCT,11:86157598,rs3851179,SCREENING 1,2014-01-14,-13
01-713-1269,SNV,Single Nucleotide Variation,GENOTYPE,T/C,T/T,T/T,11,SORL1,GENE WITH PROTEIN PRODUCT,11:121564878,rs11218343,SCREENING 1,2014-01-14,-13
01-713-1269,SNV,Single Nucleotide Variation,GENOTYPE,C/C,C/C,C/C,6,TREM2,GENE WITH PROTEIN PRODUCT,6:41161514,rs75932628,SCREENING 1,2014-01-14,-13
01-713-1269,SNV,Single Nucleotide Variation,GENOTYPE,A/A,C/C,C/C,19,CD33,GENE WITH PROTEIN PRODUCT,19:51224706,rs3865444,SCREENING 1,2014-01-14,-13
01-713-1448,SNV,Single Nucleotide Variation,GENOTYPE,T/C,T/T,T/T,19,APOE,GENE WITH PROTEIN PRODUCT,19:44908684,rs429358,SCREENING 1,2014-01-05,-14
01-713-1448,SNV,Single Nucleotide Variation,GENOTYPE,C/C,C/C,C/C,19,APOE,GENE WITH PROTEIN PRODUCT,19:44908822,rs7412,SCREENING 1,2014-01-05,-14
01-713-1448,SNV,Single Nucleotide Variation,GENOTYPE,T/T,T/T,T/T,19,ABCA7,GENE WITH PROTEIN PRODUCT,19:1046521,rs3764650,SCREENING 1,2014-01-05,-14
01-713-1448,SNV,Single Nucleotide Variation,GENOTYPE,A/G,A/A,A/A,2,BIN1,GENE WITH PROTEIN PRODUCT,2:127137039,rs744373,SCREENING 1,2014-01-05,-14
01-713-1448,SNV,Single Nucleotide Variation,GENOTYPE,T/T,T/T,T/T,8,CLU,GENE WITH PROTEIN PRODUCT,8:27607002,rs11136000,SCREENING 1,2014-01-05,-14
01-713-1448,SNV,Single Nucleotide Variation,GENOTYPE,A/A,A/A,A/A,1,CR1,GENE WITH PROTEIN PRODUCT,1:207518704,rs6656401,SCREENING 1,2014-01-05,-14
01-713-1448,SNV,Single Nucleotide Variation,GENOTYPE,T/T,T/T,T/T,7,EPHA1,GENE WITH PROTEIN PRODUCT,7:143412046,rs11767557,SCREENING 1,2014-01-05,-14
01-713-1448,SNV,Single Nucleotide Variation,GENOTYPE,T/C,T/T,T/T,11,MS4A6A,GENE WITH PROTEIN PRODUCT,11:60171834,rs610932,SCREENING 1,2014-01-05,-14
01-713-1448,SNV,Single Nucleotide Variation,GENOTYPE,T/C,T/T,T/T,11,PICALM,GENE WITH PROTEIN PRODUCT,11:86157598,rs3851179,SCREENING 1,2014-01-05,-14
01-713-1448,SNV,Single Nucleotide Variation,GENOTYPE,T/T,T/T,T/T,11,SORL1,GENE WITH PROTEIN PRODUCT,11:121564878,rs11218343,SCREENING 1,2014-01-05,-14
01-713-1448,SNV,Single Nucleotide Variation,GENOTYPE,C/C,C/C,C/C,6,TREM2,GENE WITH PROTEIN PRODUCT,6:41161514,rs75932628,SCREENING 1,2014-01-05,-14
01-713-1448,SNV,Single Nucleotide Variation,GENOTYPE,C/A,C/C,C/C,19,CD33,GENE WITH PROTEIN PRODUCT,19:51224706,rs3865444,SCREENING 1,2014-01-05,-14
01-714-1035,SNV,Single Nucleotide Variation,GENOTYPE,T/T,T/T,T/T,19,APOE,GENE WITH PROTEIN PRODUCT,19:44908684,rs429358,SCREENING 1,2014-04-03,-14
01-714-1035,SNV,Single Nucleotide Variation,GENOTYPE,C/C,C/C,C/C,19,APOE,GENE WITH PROTEIN PRODUCT,19:44908822,rs7412,SCREENING 1,2014-04-03,-14
01-714-1035,SNV,Single Nucleotide Variation,GENOTYPE,T/G,T/T,T/T,19,ABCA7,GENE WITH PROTEIN PRODUCT,19:1046521,rs3764650,SCREENING 1,2014-04-03,-14
01-714-1035,SNV,Single Nucleotide Variation,GENOTYPE,A/A,A/A,A/A,2,BIN1,GENE WITH PROTEIN PRODUCT,2:127137039,rs744373,SCREENING 1,2014-04-03,-14
01-714-1035,SNV,Single Nucleotide Variation,GENOTYPE,T/C,T/T,T/T,8,CLU,GENE WITH PROTEIN PRODUCT,8:27607002,rs11136000,SCREENING 1,2014-04-03,-14
01-714-1035,SNV,Single Nucleotide Variation,GENOTYPE,A/A,A/A,A/A,1,CR1,GENE WITH PROTEIN PRODUCT,1:207518704,rs6656401,SCREENING 1,2014-04-03,-14
01-714-1035,SNV,Single Nucleotide Variation,GENOTYPE,T/C,T/T,T/T,7,EPHA1,GENE WITH PROTEIN PRODUCT,7:143412046,rs11767557,SCREENING 1,2014-04-03,-14
01-714-1035,SNV,Single Nucleotide Variation,GENOTYPE,T/T,T/T,T/T,11,MS4A6A,GENE WITH PROTEIN PRODUCT,11:60171834,rs610932,SCREENING 1,2014-04-03,-14
01-714-1035,SNV,Single Nucleotide Variation,GENOTYPE,T/C,T/T,T/T,11,PICALM,GENE WITH PROTEIN PRODUCT,11:86157598,rs3851179,SCREENING 1,2014-04-03,-14
01-714-1035,SNV,Single Nucleotide Variation,GENOTYPE,T/T,T/T,T/T,11,SORL1,GENE WITH PROTEIN PRODUCT,11:121564878,rs11218343,SCREENING 1,2014-04-03,-14
01-714-1035,SNV,Single Nucleotide Variation,GENOTYPE,C/C,C/C,C/C,6,TREM2,GENE WITH PROTEIN PRODUCT,6:41161514,rs75932628,SCREENING 1,2014-04-03,-14
01-714-1035,SNV,Single Nucleotide Variation,GENOTYPE,C/C,C/C,C/C,19,CD33,GENE WITH PROTEIN PRODUCT,19:51224706,rs3865444,SCREENING 1,2014-04-03,-14
01-714-1068,SNV,Single Nucleotide Variation,GENOTYPE,T/C,T/T,T/T,19,APOE,GENE WITH PROTEIN PRODUCT,19:44908684,rs429358,SCREENING 1,2013-07-31,-8
01-714-1068,SNV,Single Nucleotide Variation,GENOTYPE,C/C,C/C,C/C,19,APOE,GENE WITH PROTEIN PRODUCT,19:44908822,rs7412,SCREENING 1,2013-07-31,-8
01-714-1068,SNV,Single Nucleotide Variation,GENOTYPE,G/G,T/T,T/T,19,ABCA7,GENE WITH PROTEIN PRODUCT,19:1046521,rs3764650,SCREENING 1,2013-07-31,-8
01-714-1068,SNV,Single Nucleotide Variation,GENOTYPE,A/A,A/A,A/A,2,BIN1,GENE WITH PROTEIN PRODUCT,2:127137039,rs744373,SCREENING 1,2013-07-31,-8
01-714-1068,SNV,Single Nucleotide Variation,GENOTYPE,C/C,T/T,T/T,8,CLU,GENE WITH PROTEIN PRODUCT,8:27607002,rs11136000,SCREENING 1,2013-07-31,-8
01-714-1068,SNV,Single Nucleotide Variation,GENOTYPE,A/A,A/A,A/A,1,CR1,GENE WITH PROTEIN PRODUCT,1:207518704,rs6656401,SCREENING 1,2013-07-31,-8
01-714-1068,SNV,Single Nucleotide Variation,GENOTYPE,T/C,T/T,T/T,7,EPHA1,GENE WITH PROTEIN PRODUCT,7:143412046,rs11767557,SCREENING 1,2013-07-31,-8
01-714-1068,SNV,Single Nucleotide Variation,GENOTYPE,T/C,T/T,T/T,11,MS4A6A,GENE WITH PROTEIN PRODUCT,11:60171834,rs610932,SCREENING 1,2013-07-31,-8
01-714-1068,SNV,Single Nucleotide Variation,GENOTYPE,T/T,T/T,T/T,11,PICALM,GENE WITH PROTEIN PRODUCT,11:86157598,rs3851179,SCREENING 1,2013-07-31,-8
01-714-1068,SNV,Single Nucleotide Variation,GENOTYPE,T/T,T/T,T/T,11,SORL1,GENE WITH PROTEIN PRODUCT,11:121564878,rs11218343,SCREENING 1,2013-07-31,-8
01-714-1068,SNV,Single Nucleotide Variation,GENOTYPE,C/C,C/C,C/C,6,TREM2,GENE WITH PROTEIN PRODUCT,6:41161514,rs75932628,SCREENING 1,2013-07-31,-8
01-714-1068,SNV,Single Nucleotide Variation,GENOTYPE,C/A,C/C,C/C,19,CD33,GENE WITH PROTEIN PRODUCT,19:51224706,rs3865444,SCREENING 1,2013-07-31,-8
01-714-1195,SNV,Single Nucleotide Variation,GENOTYPE,T/C,T/T,T/T,19,APOE,GENE WITH PROTEIN PRODUCT,19:44908684,rs429358,SCREENING 1,2013-04-16,-10
01-714-1195,SNV,Single Nucleotide Variation,GENOTYPE,C/C,C/C,C/C,19,APOE,GENE WITH PROTEIN PRODUCT,19:44908822,rs7412,SCREENING 1,2013-04-16,-10
01-714-1195,SNV,Single Nucleotide Variation,GENOTYPE,T/T,T/T,T/T,19,ABCA7,GENE WITH PROTEIN PRODUCT,19:1046521,rs3764650,SCREENING 1,2013-04-16,-10
01-714-1195,SNV,Single Nucleotide Variation,GENOTYPE,A/G,A/A,A/A,2,BIN1,GENE WITH PROTEIN PRODUCT,2:127137039,rs744373,SCREENING 1,2013-04-16,-10
01-714-1195,SNV,Single Nucleotide Variation,GENOTYPE,C/C,T/T,T/T,8,CLU,GENE WITH PROTEIN PRODUCT,8:27607002,rs11136000,SCREENING 1,2013-04-16,-10
01-714-1195,SNV,Single Nucleotide Variation,GENOTYPE,G/G,A/A,A/A,1,CR1,GENE WITH PROTEIN PRODUCT,1:207518704,rs6656401,SCREENING 1,2013-04-16,-10
01-714-1195,SNV,Single Nucleotide Variation,GENOTYPE,T/C,T/T,T/T,7,EPHA1,GENE WITH PROTEIN PRODUCT,7:143412046,rs11767557,SCREENING 1,2013-04-16,-10
01-714-1195,SNV,Single Nucleotide Variation,GENOTYPE,T/C,T/T,T/T,11,MS4A6A,GENE WITH PROTEIN PRODUCT,11:60171834,rs610932,SCREENING 1,2013-04-16,-10
01-714-1195,SNV,Single Nucleotide Variation,GENOTYPE,T/T,T/T,T/T,11,PICALM,GENE WITH PROTEIN PRODUCT,11:86157598,rs3851179,SCREENING 1,2013-04-16,-10
01-714-1195,SNV,Single Nucleotide Variation,GENOTYPE,T/T,T/T,T/T,11,SORL1,GENE WITH PROTEIN PRODUCT,11:121564878,rs11218343,SCREENING 1,2013-04-16,-10
01-714-1195,SNV,Single Nucleotide Variation,GENOTYPE,C/C,C/C,C/C,6,TREM2,GENE WITH PROTEIN PRODUCT,6:41161514,rs75932628,SCREENING 1,2013-04-16,-10
01-714-1195,SNV,Single Nucleotide Variation,GENOTYPE,C/C,C/C,C/C,19,CD33,GENE WITH PROTEIN PRODUCT,19:51224706,rs3865444,SCREENING 1,2013-04-16,-10
01-714-1288,SNV,Single Nucleotide Variation,GENOTYPE,T/T,T/T,T/T,19,APOE,GENE WITH PROTEIN PRODUCT,19:44908684,rs429358,SCREENING 1,2013-11-24,-10
01-714-1288,SNV,Single Nucleotide Variation,GENOTYPE,C/C,C/C,C/C,19,APOE,GENE WITH PROTEIN PRODUCT,19:44908822,rs7412,SCREENING 1,2013-11-24,-10
01-714-1288,SNV,Single Nucleotide Variation,GENOTYPE,T/T,T/T,T/T,19,ABCA7,GENE WITH PROTEIN PRODUCT,19:1046521,rs3764650,SCREENING 1,2013-11-24,-10
01-714-1288,SNV,Single Nucleotide Variation,GENOTYPE,A/G,A/A,A/A,2,BIN1,GENE WITH PROTEIN PRODUCT,2:127137039,rs744373,SCREENING 1,2013-11-24,-10
01-714-1288,SNV,Single Nucleotide Variation,GENOTYPE,T/C,T/T,T/T,8,CLU,GENE WITH PROTEIN PRODUCT,8:27607002,rs11136000,SCREENING 1,2013-11-24,-10
01-714-1288,SNV,Single Nucleotide Variation,GENOTYPE,A/G,A/A,A/A,1,CR1,GENE WITH PROTEIN PRODUCT,1:207518704,rs6656401,SCREENING 1,2013-11-24,-10
01-714-1288,SNV,Single Nucleotide Variation,GENOTYPE,C/C,T/T,T/T,7,EPHA1,GENE WITH PROTEIN PRODUCT,7:143412046,rs11767557,SCREENING 1,2013-11-24,-10
01-714-1288,SNV,Single Nucleotide Variation,GENOTYPE,T/C,T/T,T/T,11,MS4A6A,GENE WITH PROTEIN PRODUCT,11:60171834,rs610932,SCREENING 1,2013-11-24,-10
01-714-1288,SNV,Single Nucleotide Variation,GENOTYPE,T/T,T/T,T/T,11,PICALM,GENE WITH PROTEIN PRODUCT,11:86157598,rs3851179,SCREENING 1,2013-11-24,-10
01-714-1288,SNV,Single Nucleotide Variation,GENOTYPE,T/T,T/T,T/T,11,SORL1,GENE WITH PROTEIN PRODUCT,11:121564878,rs11218343,SCREENING 1,2013-11-24,-10
01-714-1288,SNV,Single Nucleotide Variation,GENOTYPE,C/C,C/C,C/C,6,TREM2,GENE WITH PROTEIN PRODUCT,6:41161514,rs75932628,SCREENING 1,2013-11-24,-10
01-714-1288,SNV,Single Nucleotide Variation,GENOTYPE,C/A,C/C,C/C,19,CD33,GENE WITH PROTEIN PRODUCT,19:51224706,rs3865444,SCREENING 1,2013-11-24,-10
01-714-1375,SNV,Single Nucleotide Variation,GENOTYPE,T/T,T/T,T/T,19,APOE,GENE WITH PROTEIN PRODUCT,19:44908684,rs429358,SCREENING 1,2013-02-23,-3
01-714-1375,SNV,Single Nucleotide Variation,GENOTYPE,C/C,C/C,C/C,19,APOE,GENE WITH PROTEIN PRODUCT,19:44908822,rs7412,SCREENING 1,2013-02-23,-3
01-714-1375,SNV,Single Nucleotide Variation,GENOTYPE,T/T,T/T,T/T,19,ABCA7,GENE WITH PROTEIN PRODUCT,19:1046521,rs3764650,SCREENING 1,2013-02-23,-3
01-714-1375,SNV,Single Nucleotide Variation,GENOTYPE,A/A,A/A,A/A,2,BIN1,GENE WITH PROTEIN PRODUCT,2:127137039,rs744373,SCREENING 1,2013-02-23,-3
01-714-1375,SNV,Single Nucleotide Variation,GENOTYPE,T/C,T/T,T/T,8,CLU,GENE WITH PROTEIN PRODUCT,8:27607002,rs11136000,SCREENING 1,2013-02-23,-3
01-714-1375,SNV,Single Nucleotide Variation,GENOTYPE,A/G,A/A,A/A,1,CR1,GENE WITH PROTEIN PRODUCT,1:207518704,rs6656401,SCREENING 1,2013-02-23,-3
01-714-1375,SNV,Single Nucleotide Variation,GENOTYPE,T/C,T/T,T/T,7,EPHA1,GENE WITH PROTEIN PRODUCT,7:143412046,rs11767557,SCREENING 1,2013-02-23,-3
01-714-1375,SNV,Single Nucleotide Variation,GENOTYPE,T/C,T/T,T/T,11,MS4A6A,GENE WITH PROTEIN PRODUCT,11:60171834,rs610932,SCREENING 1,2013-02-23,-3
01-714-1375,SNV,Single Nucleotide Variation,GENOTYPE,T/T,T/T,T/T,11,PICALM,GENE WITH PROTEIN PRODUCT,11:86157598,rs3851179,SCREENING 1,2013-02-23,-3
01-714-1375,SNV,Single Nucleotide Variation,GENOTYPE,T/C,T/T,T/T,11,SORL1,GENE WITH PROTEIN PRODUCT,11:121564878,rs11218343,SCREENING 1,2013-02-23,-3
01-714-1375,SNV,Single Nucleotide Variation,GENOTYPE,C/C,C/C,C/C,6,TREM2,GENE WITH PROTEIN PRODUCT,6:41161514,rs75932628,SCREENING 1,2013-02-23,-3
01-714-1375,SNV,Single Nucleotide Variation,GENOTYPE,C/C,C/C,C/C,19,CD33,GENE WITH PROTEIN PRODUCT,19:51224706,rs3865444,SCREENING 1,2013-02-23,-3
01-714-1425,SNV,Single Nucleotide Variation,GENOTYPE,T/C,T/T,T/T,19,APOE,GENE WITH PROTEIN PRODUCT,19:44908684,rs429358,SCREENING 1,2013-08-11,-4
01-714-1425,SNV,Single Nucleotide Variation,GENOTYPE,C/C,C/C,C/C,19,APOE,GENE WITH PROTEIN PRODUCT,19:44908822,rs7412,SCREENING 1,2013-08-11,-4
01-714-1425,SNV,Single Nucleotide Variation,GENOTYPE,T/G,T/T,T/T,19,ABCA7,GENE WITH PROTEIN PRODUCT,19:1046521,rs3764650,SCREENING 1,2013-08-11,-4
01-714-1425,SNV,Single Nucleotide Variation,GENOTYPE,A/A,A/A,A/A,2,BIN1,GENE WITH PROTEIN PRODUCT,2:127137039,rs744373,SCREENING 1,2013-08-11,-4
01-714-1425,SNV,Single Nucleotide Variation,GENOTYPE,T/C,T/T,T/T,8,CLU,GENE WITH PROTEIN PRODUCT,8:27607002,rs11136000,SCREENING 1,2013-08-11,-4
01-714-1425,SNV,Single Nucleotide Variation,GENOTYPE,A/A,A/A,A/A,1,CR1,GENE WITH PROTEIN PRODUCT,1:207518704,rs6656401,SCREENING 1,2013-08-11,-4
01-714-1425,SNV,Single Nucleotide Variation,GENOTYPE,T/C,T/T,T/T,7,EPHA1,GENE WITH PROTEIN PRODUCT,7:143412046,rs11767557,SCREENING 1,2013-08-11,-4
01-714-1425,SNV,Single Nucleotide Variation,GENOTYPE,T/T,T/T,T/T,11,MS4A6A,GENE WITH PROTEIN PRODUCT,11:60171834,rs610932,SCREENING 1,2013-08-11,-4
01-714-1425,SNV,Single Nucleotide Variation,GENOTYPE,T/T,T/T,T/T,11,PICALM,GENE WITH PROTEIN PRODUCT,11:86157598,rs3851179,SCREENING 1,2013-08-11,-4
01-714-1425,SNV,Single Nucleotide Variation,GENOTYPE,T/C,T/T,T/T,11,SORL1,GENE WITH PROTEIN PRODUCT,11:121564878,rs11218343,SCREENING 1,2013-08-11,-4
01-714-1425,SNV,Single Nucleotide Variation,GENOTYPE,C/C,C/C,C/C,6,TREM2,GENE WITH PROTEIN PRODUCT,6:41161514,rs75932628,SCREENING 1,2013-08-11,-4
01-714-1425,SNV,Single Nucleotide Variation,GENOTYPE,C/A,C/C,C/C,19,CD33,GENE WITH PROTEIN PRODUCT,19:51224706,rs3865444,SCREENING 1,2013-08-11,-4
01-715-1085,SNV,Single Nucleotide Variation,GENOTYPE,T/C,T/T,T/T,19,APOE,GENE WITH PROTEIN PRODUCT,19:44908684,rs429358,SCREENING 1,2013-02-03,-13
01-715-1085,SNV,Single Nucleotide Variation,GENOTYPE,C/C,C/C,C/C,19,APOE,GENE WITH PROTEIN PRODUCT,19:44908822,rs7412,SCREENING 1,2013-02-03,-13
01-715-1085,SNV,Single Nucleotide Variation,GENOTYPE,T/T,T/T,T/T,19,ABCA7,GENE WITH PROTEIN PRODUCT,19:1046521,rs3764650,SCREENING 1,2013-02-03,-13
01-715-1085,SNV,Single Nucleotide Variation,GENOTYPE,G/G,A/A,A/A,2,BIN1,GENE WITH PROTEIN PRODUCT,2:127137039,rs744373,SCREENING 1,2013-02-03,-13
01-715-1085,SNV,Single Nucleotide Variation,GENOTYPE,T/C,T/T,T/T,8,CLU,GENE WITH PROTEIN PRODUCT,8:27607002,rs11136000,SCREENING 1,2013-02-03,-13
01-715-1085,SNV,Single Nucleotide Variation,GENOTYPE,A/A,A/A,A/A,1,CR1,GENE WITH PROTEIN PRODUCT,1:207518704,rs6656401,SCREENING 1,2013-02-03,-13
01-715-1085,SNV,Single Nucleotide Variation,GENOTYPE,T/T,T/T,T/T,7,EPHA1,GENE WITH PROTEIN PRODUCT,7:143412046,rs11767557,SCREENING 1,2013-02-03,-13
01-715-1085,SNV,Single Nucleotide Variation,GENOTYPE,T/T,T/T,T/T,11,MS4A6A,GENE WITH PROTEIN PRODUCT,11:60171834,rs610932,SCREENING 1,2013-02-03,-13
01-715-1085,SNV,Single Nucleotide Variation,GENOTYPE,T/T,T/T,T/T,11,PICALM,GENE WITH PROTEIN PRODUCT,11:86157598,rs3851179,SCREENING 1,2013-02-03,-13
01-715-1085,SNV,Single Nucleotide Variation,GENOTYPE,T/C,T/T,T/T,11,SORL1,GENE WITH PROTEIN PRODUCT,11:121564878,rs11218343,SCREENING 1,2013-02-03,-13
01-715-1085,SNV,Single Nucleotide Variation,GENOTYPE,C/C,C/C,C/C,6,TREM2,GENE WITH PROTEIN PRODUCT,6:41161514,rs75932628,SCREENING 1,2013-02-03,-13
01-715-1085,SNV,Single Nucleotide Variation,GENOTYPE,C/C,C/C,C/C,19,CD33,GENE WITH PROTEIN PRODUCT,19:51224706,rs3865444,SCREENING 1,2013-02-03,-13
01-715-1107,SNV,Single Nucleotide Variation,GENOTYPE,T/C,T/T,T/T,19,APOE,GENE WITH PROTEIN PRODUCT,19:44908684,rs429358,SCREENING 1,2013-02-12,-14
01-715-1107,SNV,Single Nucleotide Variation,GENOTYPE,C/T,C/C,C/C,19,APOE,GENE WITH PROTEIN PRODUCT,19:44908822,rs7412,SCREENING 1,2013-02-12,-14
01-715-1107,SNV,Single Nucleotide Variation,GENOTYPE,T/T,T/T,T/T,19,ABCA7,GENE WITH PROTEIN PRODUCT,19:1046521,rs3764650,SCREENING 1,2013-02-12,-14
01-715-1107,SNV,Single Nucleotide Variation,GENOTYPE,A/G,A/A,A/A,2,BIN1,GENE WITH PROTEIN PRODUCT,2:127137039,rs744373,SCREENING 1,2013-02-12,-14
01-715-1107,SNV,Single Nucleotide Variation,GENOTYPE,T/C,T/T,T/T,8,CLU,GENE WITH PROTEIN PRODUCT,8:27607002,rs11136000,SCREENING 1,2013-02-12,-14
01-715-1107,SNV,Single Nucleotide Variation,GENOTYPE,A/A,A/A,A/A,1,CR1,GENE WITH PROTEIN PRODUCT,1:207518704,rs6656401,SCREENING 1,2013-02-12,-14
01-715-1107,SNV,Single Nucleotide Variation,GENOTYPE,T/T,T/T,T/T,7,EPHA1,GENE WITH PROTEIN PRODUCT,7:143412046,rs11767557,SCREENING 1,2013-02-12,-14
01-715-1107,SNV,Single Nucleotide Variation,GENOTYPE,T/T,T/T,T/T,11,MS4A6A,GENE WITH PROTEIN PRODUCT,11:60171834,rs610932,SCREENING 1,2013-02-12,-14
01-715-1107,SNV,Single Nucleotide Variation,GENOTYPE,T/C,T/T,T/T,11,PICALM,GENE WITH PROTEIN PRODUCT,11:86157598,rs3851179,SCREENING 1,2013-02-12,-14
01-715-1107,SNV,Single Nucleotide Variation,GENOTYPE,T/T,T/T,T/T,11,SORL1,GENE WITH PROTEIN PRODUCT,11:121564878,rs11218343,SCREENING 1,2013-02-12,-14
01-715-1107,SNV,Single Nucleotide Variation,GENOTYPE,C/C,C/C,C/C,6,TREM2,GENE WITH PROTEIN PRODUCT,6:41161514,rs75932628,SCREENING 1,2013-02-12,-14
01-715-1107,SNV,Single Nucleotide Variation,GENOTYPE,C/C,C/C,C/C,19,CD33,GENE WITH PROTEIN PRODUCT,19:51224706,rs3865444,SCREENING 1,2013-02-12,-14
01-715-1155,SNV,Single Nucleotide Variation,GENOTYPE,T/T,T/T,T/T,19,APOE,GENE WITH PROTEIN PRODUCT,19:44908684,rs429358,SCREENING 1,2013-11-29,-14
01-715-1155,SNV,Single Nucleotide Variation,GENOTYPE,C/C,C/C,C/C,19,APOE,GENE WITH PROTEIN PRODUCT,19:44908822,rs7412,SCREENING 1,2013-11-29,-14
01-715-1155,SNV,Single Nucleotide Variation,GENOTYPE,T/T,T/T,T/T,19,ABCA7,GENE WITH PROTEIN PRODUCT,19:1046521,rs3764650,SCREENING 1,2013-11-29,-14
01-715-1155,SNV,Single Nucleotide Variation,GENOTYPE,A/G,A/A,A/A,2,BIN1,GENE WITH PROTEIN PRODUCT,2:127137039,rs744373,SCREENING 1,2013-11-29,-14
01-715-1155,SNV,Single Nucleotide Variation,GENOTYPE,C/C,T/T,T/T,8,CLU,GENE WITH PROTEIN PRODUCT,8:27607002,rs11136000,SCREENING 1,2013-11-29,-14
01-715-1155,SNV,Single Nucleotide Variation,GENOTYPE,A/A,A/A,A/A,1,CR1,GENE WITH PROTEIN PRODUCT,1:207518704,rs6656401,SCREENING 1,2013-11-29,-14
01-715-1155,SNV,Single Nucleotide Variation,GENOTYPE,T/C,T/T,T/T,7,EPHA1,GENE WITH PROTEIN PRODUCT,7:143412046,rs11767557,SCREENING 1,2013-11-29,-14
01-715-1155,SNV,Single Nucleotide Variation,GENOTYPE,T/C,T/T,T/T,11,MS4A6A,GENE WITH PROTEIN PRODUCT,11:60171834,rs610932,SCREENING 1,2013-11-29,-14
01-715-1155,SNV,Single Nucleotide Variation,GENOTYPE,T/C,T/T,T/T,11,PICALM,GENE WITH PROTEIN PRODUCT,11:86157598,rs3851179,SCREENING 1,2013-11-29,-14
01-715-1155,SNV,Single Nucleotide Variation,GENOTYPE,T/T,T/T,T/T,11,SORL1,GENE WITH PROTEIN PRODUCT,11:121564878,rs11218343,SCREENING 1,2013-11-29,-14
01-715-1155,SNV,Single Nucleotide Variation,GENOTYPE,C/C,C/C,C/C,6,TREM2,GENE WITH PROTEIN PRODUCT,6:41161514,rs75932628,SCREENING 1,2013-11-29,-14
01-715-1155,SNV,Single Nucleotide Variation,GENOTYPE,C/A,C/C,C/C,19,CD33,GENE WITH PROTEIN PRODUCT,19:51224706,rs3865444,SCREENING 1,2013-11-29,-14
01-715-1207,SNV,Single Nucleotide Variation,GENOTYPE,T/T,T/T,T/T,19,APOE,GENE WITH PROTEIN PRODUCT,19:44908684,rs429358,SCREENING 1,2012-11-12,-6
01-715-1207,SNV,Single Nucleotide Variation,GENOTYPE,C/C,C/C,C/C,19,APOE,GENE WITH PROTEIN PRODUCT,19:44908822,rs7412,SCREENING 1,2012-11-12,-6
01-715-1207,SNV,Single Nucleotide Variation,GENOTYPE,T/G,T/T,T/T,19,ABCA7,GENE WITH PROTEIN PRODUCT,19:1046521,rs3764650,SCREENING 1,2012-11-12,-6
01-715-1207,SNV,Single Nucleotide Variation,GENOTYPE,A/A,A/A,A/A,2,BIN1,GENE WITH PROTEIN PRODUCT,2:127137039,rs744373,SCREENING 1,2012-11-12,-6
01-715-1207,SNV,Single Nucleotide Variation,GENOTYPE,T/T,T/T,T/T,8,CLU,GENE WITH PROTEIN PRODUCT,8:27607002,rs11136000,SCREENING 1,2012-11-12,-6
01-715-1207,SNV,Single Nucleotide Variation,GENOTYPE,A/A,A/A,A/A,1,CR1,GENE WITH PROTEIN PRODUCT,1:207518704,rs6656401,SCREENING 1,2012-11-12,-6
01-715-1207,SNV,Single Nucleotide Variation,GENOTYPE,T/T,T/T,T/T,7,EPHA1,GENE WITH PROTEIN PRODUCT,7:143412046,rs11767557,SCREENING 1,2012-11-12,-6
01-715-1207,SNV,Single Nucleotide Variation,GENOTYPE,T/T,T/T,T/T,11,MS4A6A,GENE WITH PROTEIN PRODUCT,11:60171834,rs610932,SCREENING 1,2012-11-12,-6
01-715-1207,SNV,Single Nucleotide Variation,GENOTYPE,T/C,T/T,T/T,11,PICALM,GENE WITH PROTEIN PRODUCT,11:86157598,rs3851179,SCREENING 1,2012-11-12,-6
01-715-1207,SNV,Single Nucleotide Variation,GENOTYPE,T/T,T/T,T/T,11,SORL1,GENE WITH PROTEIN PRODUCT,11:121564878,rs11218343,SCREENING 1,2012-11-12,-6
01-715-1207,SNV,Single Nucleotide Variation,GENOTYPE,C/C,C/C,C/C,6,TREM2,GENE WITH PROTEIN PRODUCT,6:41161514,rs75932628,SCREENING 1,2012-11-12,-6
01-715-1207,SNV,Single Nucleotide Variation,GENOTYPE,C/A,C/C,C/C,19,CD33,GENE WITH PROTEIN PRODUCT,19:51224706,rs3865444,SCREENING 1,2012-11-12,-6
01-715-1319,SNV,Single Nucleotide Variation,GENOTYPE,T/C,T/T,T/T,19,APOE,GENE WITH PROTEIN PRODUCT,19:44908684,rs429358,SCREENING 1,2013-02-03,-14
01-715-1319,SNV,Single Nucleotide Variation,GENOTYPE,C/C,C/C,C/C,19,APOE,GENE WITH PROTEIN PRODUCT,19:44908822,rs7412,SCREENING 1,2013-02-03,-14
01-715-1319,SNV,Single Nucleotide Variation,GENOTYPE,T/T,T/T,T/T,19,ABCA7,GENE WITH PROTEIN PRODUCT,19:1046521,rs3764650,SCREENING 1,2013-02-03,-14
01-715-1319,SNV,Single Nucleotide Variation,GENOTYPE,A/G,A/A,A/A,2,BIN1,GENE WITH PROTEIN PRODUCT,2:127137039,rs744373,SCREENING 1,2013-02-03,-14
01-715-1319,SNV,Single Nucleotide Variation,GENOTYPE,T/T,T/T,T/T,8,CLU,GENE WITH PROTEIN PRODUCT,8:27607002,rs11136000,SCREENING 1,2013-02-03,-14
01-715-1319,SNV,Single Nucleotide Variation,GENOTYPE,A/A,A/A,A/A,1,CR1,GENE WITH PROTEIN PRODUCT,1:207518704,rs6656401,SCREENING 1,2013-02-03,-14
01-715-1319,SNV,Single Nucleotide Variation,GENOTYPE,T/T,T/T,T/T,7,EPHA1,GENE WITH PROTEIN PRODUCT,7:143412046,rs11767557,SCREENING 1,2013-02-03,-14
01-715-1319,SNV,Single Nucleotide Variation,GENOTYPE,T/T,T/T,T/T,11,MS4A6A,GENE WITH PROTEIN PRODUCT,11:60171834,rs610932,SCREENING 1,2013-02-03,-14
01-715-1319,SNV,Single Nucleotide Variation,GENOTYPE,C/C,T/T,T/T,11,PICALM,GENE WITH PROTEIN PRODUCT,11:86157598,rs3851179,SCREENING 1,2013-02-03,-14
01-715-1319,SNV,Single Nucleotide Variation,GENOTYPE,T/T,T/T,T/T,11,SORL1,GENE WITH PROTEIN PRODUCT,11:121564878,rs11218343,SCREENING 1,2013-02-03,-14
01-715-1319,SNV,Single Nucleotide Variation,GENOTYPE,C/C,C/C,C/C,6,TREM2,GENE WITH PROTEIN PRODUCT,6:41161514,rs75932628,SCREENING 1,2013-02-03,-14
01-715-1319,SNV,Single Nucleotide Variation,GENOTYPE,C/C,C/C,C/C,19,CD33,GENE WITH PROTEIN PRODUCT,19:51224706,rs3865444,SCREENING 1,2013-02-03,-14
01-715-1321,SNV,Single Nucleotide Variation,GENOTYPE,T/T,T/T,T/T,19,APOE,GENE WITH PROTEIN PRODUCT,19:44908684,rs429358,SCREENING 1,2014-02-06,-5
01-715-1321,SNV,Single Nucleotide Variation,GENOTYPE,C/T,C/C,C/C,19,APOE,GENE WITH PROTEIN PRODUCT,19:44908822,rs7412,SCREENING 1,2014-02-06,-5
01-715-1321,SNV,Single Nucleotide Variation,GENOTYPE,T/T,T/T,T/T,19,ABCA7,GENE WITH PROTEIN PRODUCT,19:1046521,rs3764650,SCREENING 1,2014-02-06,-5
01-715-1321,SNV,Single Nucleotide Variation,GENOTYPE,A/G,A/A,A/A,2,BIN1,GENE WITH PROTEIN PRODUCT,2:127137039,rs744373,SCREENING 1,2014-02-06,-5
01-715-1321,SNV,Single Nucleotide Variation,GENOTYPE,T/T,T/T,T/T,8,CLU,GENE WITH PROTEIN PRODUCT,8:27607002,rs11136000,SCREENING 1,2014-02-06,-5
01-715-1321,SNV,Single Nucleotide Variation,GENOTYPE,A/A,A/A,A/A,1,CR1,GENE WITH PROTEIN PRODUCT,1:207518704,rs6656401,SCREENING 1,2014-02-06,-5
01-715-1321,SNV,Single Nucleotide Variation,GENOTYPE,C/C,T/T,T/T,7,EPHA1,GENE WITH PROTEIN PRODUCT,7:143412046,rs11767557,SCREENING 1,2014-02-06,-5
01-715-1321,SNV,Single Nucleotide Variation,GENOTYPE,T/T,T/T,T/T,11,MS4A6A,GENE WITH PROTEIN PRODUCT,11:60171834,rs610932,SCREENING 1,2014-02-06,-5
01-715-1321,SNV,Single Nucleotide Variation,GENOTYPE,T/C,T/T,T/T,11,PICALM,GENE WITH PROTEIN PRODUCT,11:86157598,rs3851179,SCREENING 1,2014-02-06,-5
01-715-1321,SNV,Single Nucleotide Variation,GENOTYPE,T/T,T/T,T/T,11,SORL1,GENE WITH PROTEIN PRODUCT,11:121564878,rs11218343,SCREENING 1,2014-02-06,-5
01-715-1321,SNV,Single Nucleotide Variation,GENOTYPE,C/C,C/C,C/C,6,TREM2,GENE WITH PROTEIN PRODUCT,6:41161514,rs75932628,SCREENING 1,2014-02-06,-5
01-715-1321,SNV,Single Nucleotide Variation,GENOTYPE,C/C,C/C,C/C,19,CD33,GENE WITH PROTEIN PRODUCT,19:51224706,rs3865444,SCREENING 1,2014-02-06,-5
01-715-1397,SNV,Single Nucleotide Variation,GENOTYPE,T/C,T/T,T/T,19,APOE,GENE WITH PROTEIN PRODUCT,19:44908684,rs429358,SCREENING 1,2013-03-20,-14
01-715-1397,SNV,Single Nucleotide Variation,GENOTYPE,C/C,C/C,C/C,19,APOE,GENE WITH PROTEIN PRODUCT,19:44908822,rs7412,SCREENING 1,2013-03-20,-14
01-715-1397,SNV,Single Nucleotide Variation,GENOTYPE,T/T,T/T,T/T,19,ABCA7,GENE WITH PROTEIN PRODUCT,19:1046521,rs3764650,SCREENING 1,2013-03-20,-14
01-715-1397,SNV,Single Nucleotide Variation,GENOTYPE,A/A,A/A,A/A,2,BIN1,GENE WITH PROTEIN PRODUCT,2:127137039,rs744373,SCREENING 1,2013-03-20,-14
01-715-1397,SNV,Single Nucleotide Variation,GENOTYPE,T/C,T/T,T/T,8,CLU,GENE WITH PROTEIN PRODUCT,8:27607002,rs11136000,SCREENING 1,2013-03-20,-14
01-715-1397,SNV,Single Nucleotide Variation,GENOTYPE,A/A,A/A,A/A,1,CR1,GENE WITH PROTEIN PRODUCT,1:207518704,rs6656401,SCREENING 1,2013-03-20,-14
01-715-1397,SNV,Single Nucleotide Variation,GENOTYPE,T/T,T/T,T/T,7,EPHA1,GENE WITH PROTEIN PRODUCT,7:143412046,rs11767557,SCREENING 1,2013-03-20,-14
01-715-1397,SNV,Single Nucleotide Variation,GENOTYPE,T/C,T/T,T/T,11,MS4A6A,GENE WITH PROTEIN PRODUCT,11:60171834,rs610932,SCREENING 1,2013-03-20,-14
01-715-1397,SNV,Single Nucleotide Variation,GENOTYPE,C/C,T/T,T/T,11,PICALM,GENE WITH PROTEIN PRODUCT,11:86157598,rs3851179,SCREENING 1,2013-03-20,-14
01-715-1397,SNV,Single Nucleotide Variation,GENOTYPE,T/T,T/T,T/T,11,SORL1,GENE WITH PROTEIN PRODUCT,11:121564878,rs11218343,SCREENING 1,2013-03-20,-14
01-715-1397,SNV,Single Nucleotide Variation,GENOTYPE,C/C,C/C,C/C,6,TREM2,GENE WITH PROTEIN PRODUCT,6:41161514,rs75932628,SCREENING 1,2013-03-20,-14
01-715-1397,SNV,Single Nucleotide Variation,GENOTYPE,C/A,C/C,C/C,19,CD33,GENE WITH PROTEIN PRODUCT,19:51224706,rs3865444,SCREENING 1,2013-03-20,-14
01-715-1405,SNV,Single Nucleotide Variation,GENOTYPE,T/C,T/T,T/T,19,APOE,GENE WITH PROTEIN PRODUCT,19:44908684,rs429358,SCREENING 1,2013-06-27,-9
01-715-1405,SNV,Single Nucleotide Variation,GENOTYPE,C/C,C/C,C/C,19,APOE,GENE WITH PROTEIN PRODUCT,19:44908822,rs7412,SCREENING 1,2013-06-27,-9
01-715-1405,SNV,Single Nucleotide Variation,GENOTYPE,T/T,T/T,T/T,19,ABCA7,GENE WITH PROTEIN PRODUCT,19:1046521,rs3764650,SCREENING 1,2013-06-27,-9
01-715-1405,SNV,Single Nucleotide Variation,GENOTYPE,A/G,A/A,A/A,2,BIN1,GENE WITH PROTEIN PRODUCT,2:127137039,rs744373,SCREENING 1,2013-06-27,-9
01-715-1405,SNV,Single Nucleotide Variation,GENOTYPE,T/C,T/T,T/T,8,CLU,GENE WITH PROTEIN PRODUCT,8:27607002,rs11136000,SCREENING 1,2013-06-27,-9
01-715-1405,SNV,Single Nucleotide Variation,GENOTYPE,A/A,A/A,A/A,1,CR1,GENE WITH PROTEIN PRODUCT,1:207518704,rs6656401,SCREENING 1,2013-06-27,-9
01-715-1405,SNV,Single Nucleotide Variation,GENOTYPE,T/C,T/T,T/T,7,EPHA1,GENE WITH PROTEIN PRODUCT,7:143412046,rs11767557,SCREENING 1,2013-06-27,-9
01-715-1405,SNV,Single Nucleotide Variation,GENOTYPE,T/T,T/T,T/T,11,MS4A6A,GENE WITH PROTEIN PRODUCT,11:60171834,rs610932,SCREENING 1,2013-06-27,-9
01-715-1405,SNV,Single Nucleotide Variation,GENOTYPE,C/C,T/T,T/T,11,PICALM,GENE WITH PROTEIN PRODUCT,11:86157598,rs3851179,SCREENING 1,2013-06-27,-9
01-715-1405,SNV,Single Nucleotide Variation,GENOTYPE,T/C,T/T,T/T,11,SORL1,GENE WITH PROTEIN PRODUCT,11:121564878,rs11218343,SCREENING 1,2013-06-27,-9
01-715-1405,SNV,Single Nucleotide Variation,GENOTYPE,C/C,C/C,C/C,6,TREM2,GENE WITH PROTEIN PRODUCT,6:41161514,rs75932628,SCREENING 1,2013-06-27,-9
01-715-1405,SNV,Single Nucleotide Variation,GENOTYPE,A/A,C/C,C/C,19,CD33,GENE WITH PROTEIN PRODUCT,19:51224706,rs3865444,SCREENING 1,2013-06-27,-9
01-716-1024,SNV,Single Nucleotide Variation,GENOTYPE,T/T,T/T,T/T,19,APOE,GENE WITH PROTEIN PRODUCT,19:44908684,rs429358,SCREENING 1,2012-07-06,-3
01-716-1024,SNV,Single Nucleotide Variation,GENOTYPE,C/C,C/C,C/C,19,APOE,GENE WITH PROTEIN PRODUCT,19:44908822,rs7412,SCREENING 1,2012-07-06,-3
01-716-1024,SNV,Single Nucleotide Variation,GENOTYPE,T/T,T/T,T/T,19,ABCA7,GENE WITH PROTEIN PRODUCT,19:1046521,rs3764650,SCREENING 1,2012-07-06,-3
01-716-1024,SNV,Single Nucleotide Variation,GENOTYPE,A/A,A/A,A/A,2,BIN1,GENE WITH PROTEIN PRODUCT,2:127137039,rs744373,SCREENING 1,2012-07-06,-3
01-716-1024,SNV,Single Nucleotide Variation,GENOTYPE,T/C,T/T,T/T,8,CLU,GENE WITH PROTEIN PRODUCT,8:27607002,rs11136000,SCREENING 1,2012-07-06,-3
01-716-1024,SNV,Single Nucleotide Variation,GENOTYPE,A/A,A/A,A/A,1,CR1,GENE WITH PROTEIN PRODUCT,1:207518704,rs6656401,SCREENING 1,2012-07-06,-3
01-716-1024,SNV,Single Nucleotide Variation,GENOTYPE,T/C,T/T,T/T,7,EPHA1,GENE WITH PROTEIN PRODUCT,7:143412046,rs11767557,SCREENING 1,2012-07-06,-3
01-716-1024,SNV,Single Nucleotide Variation,GENOTYPE,T/C,T/T,T/T,11,MS4A6A,GENE WITH PROTEIN PRODUCT,11:60171834,rs610932,SCREENING 1,2012-07-06,-3
01-716-1024,SNV,Single Nucleotide Variation,GENOTYPE,T/C,T/T,T/T,11,PICALM,GENE WITH PROTEIN PRODUCT,11:86157598,rs3851179,SCREENING 1,2012-07-06,-3
01-716-1024,SNV,Single Nucleotide Variation,GENOTYPE,T/C,T/T,T/T,11,SORL1,GENE WITH PROTEIN PRODUCT,11:121564878,rs11218343,SCREENING 1,2012-07-06,-3
01-716-1024,SNV,Single Nucleotide Variation,GENOTYPE,C/C,C/C,C/C,6,TREM2,GENE WITH PROTEIN PRODUCT,6:41161514,rs75932628,SCREENING 1,2012-07-06,-3
01-716-1024,SNV,Single Nucleotide Variation,GENOTYPE,C/C,C/C,C/C,19,CD33,GENE WITH PROTEIN PRODUCT,19:51224706,rs3865444,SCREENING 1,2012-07-06,-3
01-716-1026,SNV,Single Nucleotide Variation,GENOTYPE,T/T,T/T,T/T,19,APOE,GENE WITH PROTEIN PRODUCT,19:44908684,rs429358,SCREENING 1,2014-03-23,-10
01-716-1026,SNV,Single Nucleotide Variation,GENOTYPE,C/T,C/C,C/C,19,APOE,GENE WITH PROTEIN PRODUCT,19:44908822,rs7412,SCREENING 1,2014-03-23,-10
01-716-1026,SNV,Single Nucleotide Variation,GENOTYPE,T/T,T/T,T/T,19,ABCA7,GENE WITH PROTEIN PRODUCT,19:1046521,rs3764650,SCREENING 1,2014-03-23,-10
01-716-1026,SNV,Single Nucleotide Variation,GENOTYPE,A/A,A/A,A/A,2,BIN1,GENE WITH PROTEIN PRODUCT,2:127137039,rs744373,SCREENING 1,2014-03-23,-10
01-716-1026,SNV,Single Nucleotide Variation,GENOTYPE,T/T,T/T,T/T,8,CLU,GENE WITH PROTEIN PRODUCT,8:27607002,rs11136000,SCREENING 1,2014-03-23,-10
01-716-1026,SNV,Single Nucleotide Variation,GENOTYPE,A/G,A/A,A/A,1,CR1,GENE WITH PROTEIN PRODUCT,1:207518704,rs6656401,SCREENING 1,2014-03-23,-10
01-716-1026,SNV,Single Nucleotide Variation,GENOTYPE,T/C,T/T,T/T,7,EPHA1,GENE WITH PROTEIN PRODUCT,7:143412046,rs11767557,SCREENING 1,2014-03-23,-10
01-716-1026,SNV,Single Nucleotide Variation,GENOTYPE,T/T,T/T,T/T,11,MS4A6A,GENE WITH PROTEIN PRODUCT,11:60171834,rs610932,SCREENING 1,2014-03-23,-10
01-716-1026,SNV,Single Nucleotide Variation,GENOTYPE,T/C,T/T,T/T,11,PICALM,GENE WITH PROTEIN PRODUCT,11:86157598,rs3851179,SCREENING 1,2014-03-23,-10
01-716-1026,SNV,Single Nucleotide Variation,GENOTYPE,T/C,T/T,T/T,11,SORL1,GENE WITH PROTEIN PRODUCT,11:121564878,rs11218343,SCREENING 1,2014-03-23,-10
01-716-1026,SNV,Single Nucleotide Variation,GENOTYPE,C/C,C/C,C/C,6,TREM2,GENE WITH PROTEIN PRODUCT,6:41161514,rs75932628,SCREENING 1,2014-03-23,-10
01-716-1026,SNV,Single Nucleotide Variation,GENOTYPE,C/C,C/C,C/C,19,CD33,GENE WITH PROTEIN PRODUCT,19:51224706,rs3865444,SCREENING 1,2014-03-23,-10
01-716-1030,SNV,Single Nucleotide Variation,GENOTYPE,T/C,T/T,T/T,19,APOE,GENE WITH PROTEIN PRODUCT,19:44908684,rs429358,SCREENING 1,2013-12-25,-3
01-716-1030,SNV,Single Nucleotide Variation,GENOTYPE,C/C,C/C,C/C,19,APOE,GENE WITH PROTEIN PRODUCT,19:44908822,rs7412,SCREENING 1,2013-12-25,-3
01-716-1030,SNV,Single Nucleotide Variation,GENOTYPE,T/T,T/T,T/T,19,ABCA7,GENE WITH PROTEIN PRODUCT,19:1046521,rs3764650,SCREENING 1,2013-12-25,-3
01-716-1030,SNV,Single Nucleotide Variation,GENOTYPE,A/A,A/A,A/A,2,BIN1,GENE WITH PROTEIN PRODUCT,2:127137039,rs744373,SCREENING 1,2013-12-25,-3
01-716-1030,SNV,Single Nucleotide Variation,GENOTYPE,T/C,T/T,T/T,8,CLU,GENE WITH PROTEIN PRODUCT,8:27607002,rs11136000,SCREENING 1,2013-12-25,-3
01-716-1030,SNV,Single Nucleotide Variation,GENOTYPE,A/A,A/A,A/A,1,CR1,GENE WITH PROTEIN PRODUCT,1:207518704,rs6656401,SCREENING 1,2013-12-25,-3
01-716-1030,SNV,Single Nucleotide Variation,GENOTYPE,T/C,T/T,T/T,7,EPHA1,GENE WITH PROTEIN PRODUCT,7:143412046,rs11767557,SCREENING 1,2013-12-25,-3
01-716-1030,SNV,Single Nucleotide Variation,GENOTYPE,T/C,T/T,T/T,11,MS4A6A,GENE WITH PROTEIN PRODUCT,11:60171834,rs610932,SCREENING 1,2013-12-25,-3
01-716-1030,SNV,Single Nucleotide Variation,GENOTYPE,T/C,T/T,T/T,11,PICALM,GENE WITH PROTEIN PRODUCT,11:86157598,rs3851179,SCREENING 1,2013-12-25,-3
01-716-1030,SNV,Single Nucleotide Variation,GENOTYPE,T/C,T/T,T/T,11,SORL1,GENE WITH PROTEIN PRODUCT,11:121564878,rs11218343,SCREENING 1,2013-12-25,-3
01-716-1030,SNV,Single Nucleotide Variation,GENOTYPE,C/C,C/C,C/C,6,TREM2,GENE WITH PROTEIN PRODUCT,6:41161514,rs75932628,SCREENING 1,2013-12-25,-3
01-716-1030,SNV,Single Nucleotide Variation,GENOTYPE,C/A,C/C,C/C,19,CD33,GENE WITH PROTEIN PRODUCT,19:51224706,rs3865444,SCREENING 1,2013-12-25,-3
01-716-1044,SNV,Single Nucleotide Variation,GENOTYPE,T/T,T/T,T/T,19,APOE,GENE WITH PROTEIN PRODUCT,19:44908684,rs429358,SCREENING 1,2013-04-20,-7
01-716-1044,SNV,Single Nucleotide Variation,GENOTYPE,C/C,C/C,C/C,19,APOE,GENE WITH PROTEIN PRODUCT,19:44908822,rs7412,SCREENING 1,2013-04-20,-7
01-716-1044,SNV,Single Nucleotide Variation,GENOTYPE,T/G,T/T,T/T,19,ABCA7,GENE WITH PROTEIN PRODUCT,19:1046521,rs3764650,SCREENING 1,2013-04-20,-7
01-716-1044,SNV,Single Nucleotide Variation,GENOTYPE,G/G,A/A,A/A,2,BIN1,GENE WITH PROTEIN PRODUCT,2:127137039,rs744373,SCREENING 1,2013-04-20,-7
01-716-1044,SNV,Single Nucleotide Variation,GENOTYPE,T/C,T/T,T/T,8,CLU,GENE WITH PROTEIN PRODUCT,8:27607002,rs11136000,SCREENING 1,2013-04-20,-7
01-716-1044,SNV,Single Nucleotide Variation,GENOTYPE,G/G,A/A,A/A,1,CR1,GENE WITH PROTEIN PRODUCT,1:207518704,rs6656401,SCREENING 1,2013-04-20,-7
01-716-1044,SNV,Single Nucleotide Variation,GENOTYPE,T/T,T/T,T/T,7,EPHA1,GENE WITH PROTEIN PRODUCT,7:143412046,rs11767557,SCREENING 1,2013-04-20,-7
01-716-1044,SNV,Single Nucleotide Variation,GENOTYPE,C/C,T/T,T/T,11,MS4A6A,GENE WITH PROTEIN PRODUCT,11:60171834,rs610932,SCREENING 1,2013-04-20,-7
01-716-1044,SNV,Single Nucleotide Variation,GENOTYPE,T/T,T/T,T/T,11,PICALM,GENE WITH PROTEIN PRODUCT,11:86157598,rs3851179,SCREENING 1,2013-04-20,-7
01-716-1044,SNV,Single Nucleotide Variation,GENOTYPE,T/T,T/T,T/T,11,SORL1,GENE WITH PROTEIN PRODUCT,11:121564878,rs11218343,SCREENING 1,2013-04-20,-7
01-716-1044,SNV,Single Nucleotide Variation,GENOTYPE,C/C,C/C,C/C,6,TREM2,GENE WITH PROTEIN PRODUCT,6:41161514,rs75932628,SCREENING 1,2013-04-20,-7
01-716-1044,SNV,Single Nucleotide Variation,GENOTYPE,C/A,C/C,C/C,19,CD33,GENE WITH PROTEIN PRODUCT,19:51224706,rs3865444,SCREENING 1,2013-04-20,-7
01-716-1063,SNV,Single Nucleotide Variation,GENOTYPE,T/T,T/T,T/T,19,APOE,GENE WITH PROTEIN PRODUCT,19:44908684,rs429358,SCREENING 1,2013-05-06,-3
01-716-1063,SNV,Single Nucleotide Variation,GENOTYPE,C/C,C/C,C/C,19,APOE,GENE WITH PROTEIN PRODUCT,19:44908822,rs7412,SCREENING 1,2013-05-06,-3
01-716-1063,SNV,Single Nucleotide Variation,GENOTYPE,T/T,T/T,T/T,19,ABCA7,GENE WITH PROTEIN PRODUCT,19:1046521,rs3764650,SCREENING 1,2013-05-06,-3
01-716-1063,SNV,Single Nucleotide Variation,GENOTYPE,A/G,A/A,A/A,2,BIN1,GENE WITH PROTEIN PRODUCT,2:127137039,rs744373,SCREENING 1,2013-05-06,-3
01-716-1063,SNV,Single Nucleotide Variation,GENOTYPE,T/C,T/T,T/T,8,CLU,GENE WITH PROTEIN PRODUCT,8:27607002,rs11136000,SCREENING 1,2013-05-06,-3
01-716-1063,SNV,Single Nucleotide Variation,GENOTYPE,A/A,A/A,A/A,1,CR1,GENE WITH PROTEIN PRODUCT,1:207518704,rs6656401,SCREENING 1,2013-05-06,-3
01-716-1063,SNV,Single Nucleotide Variation,GENOTYPE,T/T,T/T,T/T,7,EPHA1,GENE WITH PROTEIN PRODUCT,7:143412046,rs11767557,SCREENING 1,2013-05-06,-3
01-716-1063,SNV,Single Nucleotide Variation,GENOTYPE,T/C,T/T,T/T,11,MS4A6A,GENE WITH PROTEIN PRODUCT,11:60171834,rs610932,SCREENING 1,2013-05-06,-3
01-716-1063,SNV,Single Nucleotide Variation,GENOTYPE,T/T,T/T,T/T,11,PICALM,GENE WITH PROTEIN PRODUCT,11:86157598,rs3851179,SCREENING 1,2013-05-06,-3
01-716-1063,SNV,Single Nucleotide Variation,GENOTYPE,T/C,T/T,T/T,11,SORL1,GENE WITH PROTEIN PRODUCT,11:121564878,rs11218343,SCREENING 1,2013-05-06,-3
01-716-1063,SNV,Single Nucleotide Variation,GENOTYPE,C/C,C/C,C/C,6,TREM2,GENE WITH PROTEIN PRODUCT,6:41161514,rs75932628,SCREENING 1,2013-05-06,-3
01-716-1063,SNV,Single Nucleotide Variation,GENOTYPE,C/C,C/C,C/C,19,CD33,GENE WITH PROTEIN PRODUCT,19:51224706,rs3865444,SCREENING 1,2013-05-06,-3
01-716-1071,SNV,Single Nucleotide Variation,GENOTYPE,T/T,T/T,T/T,19,APOE,GENE WITH PROTEIN PRODUCT,19:44908684,rs429358,SCREENING 1,2013-06-03,-5
01-716-1071,SNV,Single Nucleotide Variation,GENOTYPE,C/C,C/C,C/C,19,APOE,GENE WITH PROTEIN PRODUCT,19:44908822,rs7412,SCREENING 1,2013-06-03,-5
01-716-1071,SNV,Single Nucleotide Variation,GENOTYPE,T/T,T/T,T/T,19,ABCA7,GENE WITH PROTEIN PRODUCT,19:1046521,rs3764650,SCREENING 1,2013-06-03,-5
01-716-1071,SNV,Single Nucleotide Variation,GENOTYPE,A/A,A/A,A/A,2,BIN1,GENE WITH PROTEIN PRODUCT,2:127137039,rs744373,SCREENING 1,2013-06-03,-5
01-716-1071,SNV,Single Nucleotide Variation,GENOTYPE,C/C,T/T,T/T,8,CLU,GENE WITH PROTEIN PRODUCT,8:27607002,rs11136000,SCREENING 1,2013-06-03,-5
01-716-1071,SNV,Single Nucleotide Variation,GENOTYPE,A/A,A/A,A/A,1,CR1,GENE WITH PROTEIN PRODUCT,1:207518704,rs6656401,SCREENING 1,2013-06-03,-5
01-716-1071,SNV,Single Nucleotide Variation,GENOTYPE,T/T,T/T,T/T,7,EPHA1,GENE WITH PROTEIN PRODUCT,7:143412046,rs11767557,SCREENING 1,2013-06-03,-5
01-716-1071,SNV,Single Nucleotide Variation,GENOTYPE,T/T,T/T,T/T,11,MS4A6A,GENE WITH PROTEIN PRODUCT,11:60171834,rs610932,SCREENING 1,2013-06-03,-5
01-716-1071,SNV,Single Nucleotide Variation,GENOTYPE,T/T,T/T,T/T,11,PICALM,GENE WITH PROTEIN PRODUCT,11:86157598,rs3851179,SCREENING 1,2013-06-03,-5
01-716-1071,SNV,Single Nucleotide Variation,GENOTYPE,T/T,T/T,T/T,11,SORL1,GENE WITH PROTEIN PRODUCT,11:121564878,rs11218343,SCREENING 1,2013-06-03,-5
01-716-1071,SNV,Single Nucleotide Variation,GENOTYPE,C/C,C/C,C/C,6,TREM2,GENE WITH PROTEIN PRODUCT,6:41161514,rs75932628,SCREENING 1,2013-06-03,-5
01-716-1071,SNV,Single Nucleotide Variation,GENOTYPE,C/A,C/C,C/C,19,CD33,GENE WITH PROTEIN PRODUCT,19:51224706,rs3865444,SCREENING 1,2013-06-03,-5
01-716-1094,SNV,Single Nucleotide Variation,GENOTYPE,C/C,T/T,T/T,19,APOE,GENE WITH PROTEIN PRODUCT,19:44908684,rs429358,SCREENING 1,2012-12-16,-3
01-716-1094,SNV,Single Nucleotide Variation,GENOTYPE,C/C,C/C,C/C,19,APOE,GENE WITH PROTEIN PRODUCT,19:44908822,rs7412,SCREENING 1,2012-12-16,-3
01-716-1094,SNV,Single Nucleotide Variation,GENOTYPE,T/G,T/T,T/T,19,ABCA7,GENE WITH PROTEIN PRODUCT,19:1046521,rs3764650,SCREENING 1,2012-12-16,-3
01-716-1094,SNV,Single Nucleotide Variation,GENOTYPE,A/A,A/A,A/A,2,BIN1,GENE WITH PROTEIN PRODUCT,2:127137039,rs744373,SCREENING 1,2012-12-16,-3
01-716-1094,SNV,Single Nucleotide Variation,GENOTYPE,T/C,T/T,T/T,8,CLU,GENE WITH PROTEIN PRODUCT,8:27607002,rs11136000,SCREENING 1,2012-12-16,-3
01-716-1094,SNV,Single Nucleotide Variation,GENOTYPE,A/A,A/A,A/A,1,CR1,GENE WITH PROTEIN PRODUCT,1:207518704,rs6656401,SCREENING 1,2012-12-16,-3
01-716-1094,SNV,Single Nucleotide Variation,GENOTYPE,T/C,T/T,T/T,7,EPHA1,GENE WITH PROTEIN PRODUCT,7:143412046,rs11767557,SCREENING 1,2012-12-16,-3
01-716-1094,SNV,Single Nucleotide Variation,GENOTYPE,T/C,T/T,T/T,11,MS4A6A,GENE WITH PROTEIN PRODUCT,11:60171834,rs610932,SCREENING 1,2012-12-16,-3
01-716-1094,SNV,Single Nucleotide Variation,GENOTYPE,T/T,T/T,T/T,11,PICALM,GENE WITH PROTEIN PRODUCT,11:86157598,rs3851179,SCREENING 1,2012-12-16,-3
01-716-1094,SNV,Single Nucleotide Variation,GENOTYPE,T/C,T/T,T/T,11,SORL1,GENE WITH PROTEIN PRODUCT,11:121564878,rs11218343,SCREENING 1,2012-12-16,-3
01-716-1094,SNV,Single Nucleotide Variation,GENOTYPE,C/C,C/C,C/C,6,TREM2,GENE WITH PROTEIN PRODUCT,6:41161514,rs75932628,SCREENING 1,2012-12-16,-3
01-716-1094,SNV,Single Nucleotide Variation,GENOTYPE,C/C,C/C,C/C,19,CD33,GENE WITH PROTEIN PRODUCT,19:51224706,rs3865444,SCREENING 1,2012-12-16,-3
01-716-1103,SNV,Single Nucleotide Variation,GENOTYPE,T/T,T/T,T/T,19,APOE,GENE WITH PROTEIN PRODUCT,19:44908684,rs429358,SCREENING 1,2014-03-18,-2
01-716-1103,SNV,Single Nucleotide Variation,GENOTYPE,C/C,C/C,C/C,19,APOE,GENE WITH PROTEIN PRODUCT,19:44908822,rs7412,SCREENING 1,2014-03-18,-2
01-716-1103,SNV,Single Nucleotide Variation,GENOTYPE,T/G,T/T,T/T,19,ABCA7,GENE WITH PROTEIN PRODUCT,19:1046521,rs3764650,SCREENING 1,2014-03-18,-2
01-716-1103,SNV,Single Nucleotide Variation,GENOTYPE,G/G,A/A,A/A,2,BIN1,GENE WITH PROTEIN PRODUCT,2:127137039,rs744373,SCREENING 1,2014-03-18,-2
01-716-1103,SNV,Single Nucleotide Variation,GENOTYPE,T/T,T/T,T/T,8,CLU,GENE WITH PROTEIN PRODUCT,8:27607002,rs11136000,SCREENING 1,2014-03-18,-2
01-716-1103,SNV,Single Nucleotide Variation,GENOTYPE,A/A,A/A,A/A,1,CR1,GENE WITH PROTEIN PRODUCT,1:207518704,rs6656401,SCREENING 1,2014-03-18,-2
01-716-1103,SNV,Single Nucleotide Variation,GENOTYPE,T/T,T/T,T/T,7,EPHA1,GENE WITH PROTEIN PRODUCT,7:143412046,rs11767557,SCREENING 1,2014-03-18,-2
01-716-1103,SNV,Single Nucleotide Variation,GENOTYPE,T/C,T/T,T/T,11,MS4A6A,GENE WITH PROTEIN PRODUCT,11:60171834,rs610932,SCREENING 1,2014-03-18,-2
01-716-1103,SNV,Single Nucleotide Variation,GENOTYPE,T/C,T/T,T/T,11,PICALM,GENE WITH PROTEIN PRODUCT,11:86157598,rs3851179,SCREENING 1,2014-03-18,-2
01-716-1103,SNV,Single Nucleotide Variation,GENOTYPE,T/T,T/T,T/T,11,SORL1,GENE WITH PROTEIN PRODUCT,11:121564878,rs11218343,SCREENING 1,2014-03-18,-2
01-716-1103,SNV,Single Nucleotide Variation,GENOTYPE,C/C,C/C,C/C,6,TREM2,GENE WITH PROTEIN PRODUCT,6:41161514,rs75932628,SCREENING 1,2014-03-18,-2
01-716-1103,SNV,Single Nucleotide Variation,GENOTYPE,C/C,C/C,C/C,19,CD33,GENE WITH PROTEIN PRODUCT,19:51224706,rs3865444,SCREENING 1,2014-03-18,-2
01-716-1108,SNV,Single Nucleotide Variation,GENOTYPE,T/T,T/T,T/T,19,APOE,GENE WITH PROTEIN PRODUCT,19:44908684,rs429358,SCREENING 1,2013-02-04,-8
01-716-1108,SNV,Single Nucleotide Variation,GENOTYPE,C/C,C/C,C/C,19,APOE,GENE WITH PROTEIN PRODUCT,19:44908822,rs7412,SCREENING 1,2013-02-04,-8
01-716-1108,SNV,Single Nucleotide Variation,GENOTYPE,T/G,T/T,T/T,19,ABCA7,GENE WITH PROTEIN PRODUCT,19:1046521,rs3764650,SCREENING 1,2013-02-04,-8
01-716-1108,SNV,Single Nucleotide Variation,GENOTYPE,A/G,A/A,A/A,2,BIN1,GENE WITH PROTEIN PRODUCT,2:127137039,rs744373,SCREENING 1,2013-02-04,-8
01-716-1108,SNV,Single Nucleotide Variation,GENOTYPE,T/C,T/T,T/T,8,CLU,GENE WITH PROTEIN PRODUCT,8:27607002,rs11136000,SCREENING 1,2013-02-04,-8
01-716-1108,SNV,Single Nucleotide Variation,GENOTYPE,A/A,A/A,A/A,1,CR1,GENE WITH PROTEIN PRODUCT,1:207518704,rs6656401,SCREENING 1,2013-02-04,-8
01-716-1108,SNV,Single Nucleotide Variation,GENOTYPE,T/T,T/T,T/T,7,EPHA1,GENE WITH PROTEIN PRODUCT,7:143412046,rs11767557,SCREENING 1,2013-02-04,-8
01-716-1108,SNV,Single Nucleotide Variation,GENOTYPE,C/C,T/T,T/T,11,MS4A6A,GENE WITH PROTEIN PRODUCT,11:60171834,rs610932,SCREENING 1,2013-02-04,-8
01-716-1108,SNV,Single Nucleotide Variation,GENOTYPE,T/C,T/T,T/T,11,PICALM,GENE WITH PROTEIN PRODUCT,11:86157598,rs3851179,SCREENING 1,2013-02-04,-8
01-716-1108,SNV,Single Nucleotide Variation,GENOTYPE,T/T,T/T,T/T,11,SORL1,GENE WITH PROTEIN PRODUCT,11:121564878,rs11218343,SCREENING 1,2013-02-04,-8
01-716-1108,SNV,Single Nucleotide Variation,GENOTYPE,C/C,C/C,C/C,6,TREM2,GENE WITH PROTEIN PRODUCT,6:41161514,rs75932628,SCREENING 1,2013-02-04,-8
01-716-1108,SNV,Single Nucleotide Variation,GENOTYPE,A/A,C/C,C/C,19,CD33,GENE WITH PROTEIN PRODUCT,19:51224706,rs3865444,SCREENING 1,2013-02-04,-8
01-716-1151,SNV,Single Nucleotide Variation,GENOTYPE,T/C,T/T,T/T,19,APOE,GENE WITH PROTEIN PRODUCT,19:44908684,rs429358,SCREENING 1,2013-01-23,-9
01-716-1151,SNV,Single Nucleotide Variation,GENOTYPE,C/C,C/C,C/C,19,APOE,GENE WITH PROTEIN PRODUCT,19:44908822,rs7412,SCREENING 1,2013-01-23,-9
01-716-1151,SNV,Single Nucleotide Variation,GENOTYPE,T/T,T/T,T/T,19,ABCA7,GENE WITH PROTEIN PRODUCT,19:1046521,rs3764650,SCREENING 1,2013-01-23,-9
01-716-1151,SNV,Single Nucleotide Variation,GENOTYPE,A/A,A/A,A/A,2,BIN1,GENE WITH PROTEIN PRODUCT,2:127137039,rs744373,SCREENING 1,2013-01-23,-9
01-716-1151,SNV,Single Nucleotide Variation,GENOTYPE,T/C,T/T,T/T,8,CLU,GENE WITH PROTEIN PRODUCT,8:27607002,rs11136000,SCREENING 1,2013-01-23,-9
01-716-1151,SNV,Single Nucleotide Variation,GENOTYPE,A/G,A/A,A/A,1,CR1,GENE WITH PROTEIN PRODUCT,1:207518704,rs6656401,SCREENING 1,2013-01-23,-9
01-716-1151,SNV,Single Nucleotide Variation,GENOTYPE,T/T,T/T,T/T,7,EPHA1,GENE WITH PROTEIN PRODUCT,7:143412046,rs11767557,SCREENING 1,2013-01-23,-9
01-716-1151,SNV,Single Nucleotide Variation,GENOTYPE,T/C,T/T,T/T,11,MS4A6A,GENE WITH PROTEIN PRODUCT,11:60171834,rs610932,SCREENING 1,2013-01-23,-9
01-716-1151,SNV,Single Nucleotide Variation,GENOTYPE,T/T,T/T,T/T,11,PICALM,GENE WITH PROTEIN PRODUCT,11:86157598,rs3851179,SCREENING 1,2013-01-23,-9
01-716-1151,SNV,Single Nucleotide Variation,GENOTYPE,T/C,T/T,T/T,11,SORL1,GENE WITH PROTEIN PRODUCT,11:121564878,rs11218343,SCREENING 1,2013-01-23,-9
01-716-1151,SNV,Single Nucleotide Variation,GENOTYPE,C/C,C/C,C/C,6,TREM2,GENE WITH PROTEIN PRODUCT,6:41161514,rs75932628,SCREENING 1,2013-01-23,-9
01-716-1151,SNV,Single Nucleotide Variation,GENOTYPE,A/A,C/C,C/C,19,CD33,GENE WITH PROTEIN PRODUCT,19:51224706,rs3865444,SCREENING 1,2013-01-23,-9
01-716-1157,SNV,Single Nucleotide Variation,GENOTYPE,T/T,T/T,T/T,19,APOE,GENE WITH PROTEIN PRODUCT,19:44908684,rs429358,SCREENING 1,2013-09-23,-9
01-716-1157,SNV,Single Nucleotide Variation,GENOTYPE,C/C,C/C,C/C,19,APOE,GENE WITH PROTEIN PRODUCT,19:44908822,rs7412,SCREENING 1,2013-09-23,-9
01-716-1157,SNV,Single Nucleotide Variation,GENOTYPE,T/G,T/T,T/T,19,ABCA7,GENE WITH PROTEIN PRODUCT,19:1046521,rs3764650,SCREENING 1,2013-09-23,-9
01-716-1157,SNV,Single Nucleotide Variation,GENOTYPE,A/A,A/A,A/A,2,BIN1,GENE WITH PROTEIN PRODUCT,2:127137039,rs744373,SCREENING 1,2013-09-23,-9
01-716-1157,SNV,Single Nucleotide Variation,GENOTYPE,T/T,T/T,T/T,8,CLU,GENE WITH PROTEIN PRODUCT,8:27607002,rs11136000,SCREENING 1,2013-09-23,-9
01-716-1157,SNV,Single Nucleotide Variation,GENOTYPE,A/G,A/A,A/A,1,CR1,GENE WITH PROTEIN PRODUCT,1:207518704,rs6656401,SCREENING 1,2013-09-23,-9
01-716-1157,SNV,Single Nucleotide Variation,GENOTYPE,T/T,T/T,T/T,7,EPHA1,GENE WITH PROTEIN PRODUCT,7:143412046,rs11767557,SCREENING 1,2013-09-23,-9
01-716-1157,SNV,Single Nucleotide Variation,GENOTYPE,T/C,T/T,T/T,11,MS4A6A,GENE WITH PROTEIN PRODUCT,11:60171834,rs610932,SCREENING 1,2013-09-23,-9
01-716-1157,SNV,Single Nucleotide Variation,GENOTYPE,T/T,T/T,T/T,11,PICALM,GENE WITH PROTEIN PRODUCT,11:86157598,rs3851179,SCREENING 1,2013-09-23,-9
01-716-1157,SNV,Single Nucleotide Variation,GENOTYPE,T/T,T/T,T/T,11,SORL1,GENE WITH PROTEIN PRODUCT,11:121564878,rs11218343,SCREENING 1,2013-09-23,-9
01-716-1157,SNV,Single Nucleotide Variation,GENOTYPE,C/C,C/C,C/C,6,TREM2,GENE WITH PROTEIN PRODUCT,6:41161514,rs75932628,SCREENING 1,2013-09-23,-9
01-716-1157,SNV,Single Nucleotide Variation,GENOTYPE,C/C,C/C,C/C,19,CD33,GENE WITH PROTEIN PRODUCT,19:51224706,rs3865444,SCREENING 1,2013-09-23,-9
01-716-1160,SNV,Single Nucleotide Variation,GENOTYPE,T/C,T/T,T/T,19,APOE,GENE WITH PROTEIN PRODUCT,19:44908684,rs429358,SCREENING 1,2013-03-23,-13
01-716-1160,SNV,Single Nucleotide Variation,GENOTYPE,C/C,C/C,C/C,19,APOE,GENE WITH PROTEIN PRODUCT,19:44908822,rs7412,SCREENING 1,2013-03-23,-13
01-716-1160,SNV,Single Nucleotide Variation,GENOTYPE,T/G,T/T,T/T,19,ABCA7,GENE WITH PROTEIN PRODUCT,19:1046521,rs3764650,SCREENING 1,2013-03-23,-13
01-716-1160,SNV,Single Nucleotide Variation,GENOTYPE,A/G,A/A,A/A,2,BIN1,GENE WITH PROTEIN PRODUCT,2:127137039,rs744373,SCREENING 1,2013-03-23,-13
01-716-1160,SNV,Single Nucleotide Variation,GENOTYPE,T/C,T/T,T/T,8,CLU,GENE WITH PROTEIN PRODUCT,8:27607002,rs11136000,SCREENING 1,2013-03-23,-13
01-716-1160,SNV,Single Nucleotide Variation,GENOTYPE,A/G,A/A,A/A,1,CR1,GENE WITH PROTEIN PRODUCT,1:207518704,rs6656401,SCREENING 1,2013-03-23,-13
01-716-1160,SNV,Single Nucleotide Variation,GENOTYPE,C/C,T/T,T/T,7,EPHA1,GENE WITH PROTEIN PRODUCT,7:143412046,rs11767557,SCREENING 1,2013-03-23,-13
01-716-1160,SNV,Single Nucleotide Variation,GENOTYPE,T/C,T/T,T/T,11,MS4A6A,GENE WITH PROTEIN PRODUCT,11:60171834,rs610932,SCREENING 1,2013-03-23,-13
01-716-1160,SNV,Single Nucleotide Variation,GENOTYPE,T/C,T/T,T/T,11,PICALM,GENE WITH PROTEIN PRODUCT,11:86157598,rs3851179,SCREENING 1,2013-03-23,-13
01-716-1160,SNV,Single Nucleotide Variation,GENOTYPE,T/T,T/T,T/T,11,SORL1,GENE WITH PROTEIN PRODUCT,11:121564878,rs11218343,SCREENING 1,2013-03-23,-13
01-716-1160,SNV,Single Nucleotide Variation,GENOTYPE,C/C,C/C,C/C,6,TREM2,GENE WITH PROTEIN PRODUCT,6:41161514,rs75932628,SCREENING 1,2013-03-23,-13
01-716-1160,SNV,Single Nucleotide Variation,GENOTYPE,A/A,C/C,C/C,19,CD33,GENE WITH PROTEIN PRODUCT,19:51224706,rs3865444,SCREENING 1,2013-03-23,-13
01-716-1167,SNV,Single Nucleotide Variation,GENOTYPE,T/T,T/T,T/T,19,APOE,GENE WITH PROTEIN PRODUCT,19:44908684,rs429358,SCREENING 1,2012-09-30,-8
01-716-1167,SNV,Single Nucleotide Variation,GENOTYPE,C/C,C/C,C/C,19,APOE,GENE WITH PROTEIN PRODUCT,19:44908822,rs7412,SCREENING 1,2012-09-30,-8
01-716-1167,SNV,Single Nucleotide Variation,GENOTYPE,T/G,T/T,T/T,19,ABCA7,GENE WITH PROTEIN PRODUCT,19:1046521,rs3764650,SCREENING 1,2012-09-30,-8
01-716-1167,SNV,Single Nucleotide Variation,GENOTYPE,A/G,A/A,A/A,2,BIN1,GENE WITH PROTEIN PRODUCT,2:127137039,rs744373,SCREENING 1,2012-09-30,-8
01-716-1167,SNV,Single Nucleotide Variation,GENOTYPE,T/C,T/T,T/T,8,CLU,GENE WITH PROTEIN PRODUCT,8:27607002,rs11136000,SCREENING 1,2012-09-30,-8
01-716-1167,SNV,Single Nucleotide Variation,GENOTYPE,A/A,A/A,A/A,1,CR1,GENE WITH PROTEIN PRODUCT,1:207518704,rs6656401,SCREENING 1,2012-09-30,-8
01-716-1167,SNV,Single Nucleotide Variation,GENOTYPE,T/C,T/T,T/T,7,EPHA1,GENE WITH PROTEIN PRODUCT,7:143412046,rs11767557,SCREENING 1,2012-09-30,-8
01-716-1167,SNV,Single Nucleotide Variation,GENOTYPE,T/C,T/T,T/T,11,MS4A6A,GENE WITH PROTEIN PRODUCT,11:60171834,rs610932,SCREENING 1,2012-09-30,-8
01-716-1167,SNV,Single Nucleotide Variation,GENOTYPE,T/T,T/T,T/T,11,PICALM,GENE WITH PROTEIN PRODUCT,11:86157598,rs3851179,SCREENING 1,2012-09-30,-8
01-716-1167,SNV,Single Nucleotide Variation,GENOTYPE,T/C,T/T,T/T,11,SORL1,GENE WITH PROTEIN PRODUCT,11:121564878,rs11218343,SCREENING 1,2012-09-30,-8
01-716-1167,SNV,Single Nucleotide Variation,GENOTYPE,C/C,C/C,C/C,6,TREM2,GENE WITH PROTEIN PRODUCT,6:41161514,rs75932628,SCREENING 1,2012-09-30,-8
01-716-1167,SNV,Single Nucleotide Variation,GENOTYPE,C/A,C/C,C/C,19,CD33,GENE WITH PROTEIN PRODUCT,19:51224706,rs3865444,SCREENING 1,2012-09-30,-8
01-716-1177,SNV,Single Nucleotide Variation,GENOTYPE,T/T,T/T,T/T,19,APOE,GENE WITH PROTEIN PRODUCT,19:44908684,rs429358,SCREENING 1,2014-08-29,-4
01-716-1177,SNV,Single Nucleotide Variation,GENOTYPE,C/T,C/C,C/C,19,APOE,GENE WITH PROTEIN PRODUCT,19:44908822,rs7412,SCREENING 1,2014-08-29,-4
01-716-1177,SNV,Single Nucleotide Variation,GENOTYPE,T/T,T/T,T/T,19,ABCA7,GENE WITH PROTEIN PRODUCT,19:1046521,rs3764650,SCREENING 1,2014-08-29,-4
01-716-1177,SNV,Single Nucleotide Variation,GENOTYPE,A/A,A/A,A/A,2,BIN1,GENE WITH PROTEIN PRODUCT,2:127137039,rs744373,SCREENING 1,2014-08-29,-4
01-716-1177,SNV,Single Nucleotide Variation,GENOTYPE,T/C,T/T,T/T,8,CLU,GENE WITH PROTEIN PRODUCT,8:27607002,rs11136000,SCREENING 1,2014-08-29,-4
01-716-1177,SNV,Single Nucleotide Variation,GENOTYPE,A/A,A/A,A/A,1,CR1,GENE WITH PROTEIN PRODUCT,1:207518704,rs6656401,SCREENING 1,2014-08-29,-4
01-716-1177,SNV,Single Nucleotide Variation,GENOTYPE,T/T,T/T,T/T,7,EPHA1,GENE WITH PROTEIN PRODUCT,7:143412046,rs11767557,SCREENING 1,2014-08-29,-4
01-716-1177,SNV,Single Nucleotide Variation,GENOTYPE,T/C,T/T,T/T,11,MS4A6A,GENE WITH PROTEIN PRODUCT,11:60171834,rs610932,SCREENING 1,2014-08-29,-4
01-716-1177,SNV,Single Nucleotide Variation,GENOTYPE,T/T,T/T,T/T,11,PICALM,GENE WITH PROTEIN PRODUCT,11:86157598,rs3851179,SCREENING 1,2014-08-29,-4
01-716-1177,SNV,Single Nucleotide Variation,GENOTYPE,T/T,T/T,T/T,11,SORL1,GENE WITH PROTEIN PRODUCT,11:121564878,rs11218343,SCREENING 1,2014-08-29,-4
01-716-1177,SNV,Single Nucleotide Variation,GENOTYPE,C/C,C/C,C/C,6,TREM2,GENE WITH PROTEIN PRODUCT,6:41161514,rs75932628,SCREENING 1,2014-08-29,-4
01-716-1177,SNV,Single Nucleotide Variation,GENOTYPE,C/C,C/C,C/C,19,CD33,GENE WITH PROTEIN PRODUCT,19:51224706,rs3865444,SCREENING 1,2014-08-29,-4
01-716-1189,SNV,Single Nucleotide Variation,GENOTYPE,T/C,T/T,T/T,19,APOE,GENE WITH PROTEIN PRODUCT,19:44908684,rs429358,SCREENING 1,2012-10-07,-2
01-716-1189,SNV,Single Nucleotide Variation,GENOTYPE,C/C,C/C,C/C,19,APOE,GENE WITH PROTEIN PRODUCT,19:44908822,rs7412,SCREENING 1,2012-10-07,-2
01-716-1189,SNV,Single Nucleotide Variation,GENOTYPE,T/G,T/T,T/T,19,ABCA7,GENE WITH PROTEIN PRODUCT,19:1046521,rs3764650,SCREENING 1,2012-10-07,-2
01-716-1189,SNV,Single Nucleotide Variation,GENOTYPE,A/G,A/A,A/A,2,BIN1,GENE WITH PROTEIN PRODUCT,2:127137039,rs744373,SCREENING 1,2012-10-07,-2
01-716-1189,SNV,Single Nucleotide Variation,GENOTYPE,T/C,T/T,T/T,8,CLU,GENE WITH PROTEIN PRODUCT,8:27607002,rs11136000,SCREENING 1,2012-10-07,-2
01-716-1189,SNV,Single Nucleotide Variation,GENOTYPE,A/A,A/A,A/A,1,CR1,GENE WITH PROTEIN PRODUCT,1:207518704,rs6656401,SCREENING 1,2012-10-07,-2
01-716-1189,SNV,Single Nucleotide Variation,GENOTYPE,T/T,T/T,T/T,7,EPHA1,GENE WITH PROTEIN PRODUCT,7:143412046,rs11767557,SCREENING 1,2012-10-07,-2
01-716-1189,SNV,Single Nucleotide Variation,GENOTYPE,T/C,T/T,T/T,11,MS4A6A,GENE WITH PROTEIN PRODUCT,11:60171834,rs610932,SCREENING 1,2012-10-07,-2
01-716-1189,SNV,Single Nucleotide Variation,GENOTYPE,T/T,T/T,T/T,11,PICALM,GENE WITH PROTEIN PRODUCT,11:86157598,rs3851179,SCREENING 1,2012-10-07,-2
01-716-1189,SNV,Single Nucleotide Variation,GENOTYPE,C/C,T/T,T/T,11,SORL1,GENE WITH PROTEIN PRODUCT,11:121564878,rs11218343,SCREENING 1,2012-10-07,-2
01-716-1189,SNV,Single Nucleotide Variation,GENOTYPE,C/C,C/C,C/C,6,TREM2,GENE WITH PROTEIN PRODUCT,6:41161514,rs75932628,SCREENING 1,2012-10-07,-2
01-716-1189,SNV,Single Nucleotide Variation,GENOTYPE,C/A,C/C,C/C,19,CD33,GENE WITH PROTEIN PRODUCT,19:51224706,rs3865444,SCREENING 1,2012-10-07,-2
01-716-1229,SNV,Single Nucleotide Variation,GENOTYPE,C/C,T/T,T/T,19,APOE,GENE WITH PROTEIN PRODUCT,19:44908684,rs429358,SCREENING 1,2013-02-14,-6
01-716-1229,SNV,Single Nucleotide Variation,GENOTYPE,C/C,C/C,C/C,19,APOE,GENE WITH PROTEIN PRODUCT,19:44908822,rs7412,SCREENING 1,2013-02-14,-6
01-716-1229,SNV,Single Nucleotide Variation,GENOTYPE,T/T,T/T,T/T,19,ABCA7,GENE WITH PROTEIN PRODUCT,19:1046521,rs3764650,SCREENING 1,2013-02-14,-6
01-716-1229,SNV,Single Nucleotide Variation,GENOTYPE,A/G,A/A,A/A,2,BIN1,GENE WITH PROTEIN PRODUCT,2:127137039,rs744373,SCREENING 1,2013-02-14,-6
01-716-1229,SNV,Single Nucleotide Variation,GENOTYPE,T/C,T/T,T/T,8,CLU,GENE WITH PROTEIN PRODUCT,8:27607002,rs11136000,SCREENING 1,2013-02-14,-6
01-716-1229,SNV,Single Nucleotide Variation,GENOTYPE,A/A,A/A,A/A,1,CR1,GENE WITH PROTEIN PRODUCT,1:207518704,rs6656401,SCREENING 1,2013-02-14,-6
01-716-1229,SNV,Single Nucleotide Variation,GENOTYPE,T/T,T/T,T/T,7,EPHA1,GENE WITH PROTEIN PRODUCT,7:143412046,rs11767557,SCREENING 1,2013-02-14,-6
01-716-1229,SNV,Single Nucleotide Variation,GENOTYPE,T/C,T/T,T/T,11,MS4A6A,GENE WITH PROTEIN PRODUCT,11:60171834,rs610932,SCREENING 1,2013-02-14,-6
01-716-1229,SNV,Single Nucleotide Variation,GENOTYPE,T/T,T/T,T/T,11,PICALM,GENE WITH PROTEIN PRODUCT,11:86157598,rs3851179,SCREENING 1,2013-02-14,-6
01-716-1229,SNV,Single Nucleotide Variation,GENOTYPE,T/T,T/T,T/T,11,SORL1,GENE WITH PROTEIN PRODUCT,11:121564878,rs11218343,SCREENING 1,2013-02-14,-6
01-716-1229,SNV,Single Nucleotide Variation,GENOTYPE,C/C,C/C,C/C,6,TREM2,GENE WITH PROTEIN PRODUCT,6:41161514,rs75932628,SCREENING 1,2013-02-14,-6
01-716-1229,SNV,Single Nucleotide Variation,GENOTYPE,A/A,C/C,C/C,19,CD33,GENE WITH PROTEIN PRODUCT,19:51224706,rs3865444,SCREENING 1,2013-02-14,-6
01-716-1298,SNV,Single Nucleotide Variation,GENOTYPE,T/C,T/T,T/T,19,APOE,GENE WITH PROTEIN PRODUCT,19:44908684,rs429358,SCREENING 1,2013-04-04,-4
01-716-1298,SNV,Single Nucleotide Variation,GENOTYPE,C/C,C/C,C/C,19,APOE,GENE WITH PROTEIN PRODUCT,19:44908822,rs7412,SCREENING 1,2013-04-04,-4
01-716-1298,SNV,Single Nucleotide Variation,GENOTYPE,T/G,T/T,T/T,19,ABCA7,GENE WITH PROTEIN PRODUCT,19:1046521,rs3764650,SCREENING 1,2013-04-04,-4
01-716-1298,SNV,Single Nucleotide Variation,GENOTYPE,A/G,A/A,A/A,2,BIN1,GENE WITH PROTEIN PRODUCT,2:127137039,rs744373,SCREENING 1,2013-04-04,-4
01-716-1298,SNV,Single Nucleotide Variation,GENOTYPE,C/C,T/T,T/T,8,CLU,GENE WITH PROTEIN PRODUCT,8:27607002,rs11136000,SCREENING 1,2013-04-04,-4
01-716-1298,SNV,Single Nucleotide Variation,GENOTYPE,A/G,A/A,A/A,1,CR1,GENE WITH PROTEIN PRODUCT,1:207518704,rs6656401,SCREENING 1,2013-04-04,-4
01-716-1298,SNV,Single Nucleotide Variation,GENOTYPE,T/T,T/T,T/T,7,EPHA1,GENE WITH PROTEIN PRODUCT,7:143412046,rs11767557,SCREENING 1,2013-04-04,-4
01-716-1298,SNV,Single Nucleotide Variation,GENOTYPE,T/C,T/T,T/T,11,MS4A6A,GENE WITH PROTEIN PRODUCT,11:60171834,rs610932,SCREENING 1,2013-04-04,-4
01-716-1298,SNV,Single Nucleotide Variation,GENOTYPE,T/T,T/T,T/T,11,PICALM,GENE WITH PROTEIN PRODUCT,11:86157598,rs3851179,SCREENING 1,2013-04-04,-4
01-716-1298,SNV,Single Nucleotide Variation,GENOTYPE,T/C,T/T,T/T,11,SORL1,GENE WITH PROTEIN PRODUCT,11:121564878,rs11218343,SCREENING 1,2013-04-04,-4
01-716-1298,SNV,Single Nucleotide Variation,GENOTYPE,C/C,C/C,C/C,6,TREM2,GENE WITH PROTEIN PRODUCT,6:41161514,rs75932628,SCREENING 1,2013-04-04,-4
01-716-1298,SNV,Single Nucleotide Variation,GENOTYPE,C/C,C/C,C/C,19,CD33,GENE WITH PROTEIN PRODUCT,19:51224706,rs3865444,SCREENING 1,2013-04-04,-4
01-716-1308,SNV,Single Nucleotide Variation,GENOTYPE,T/T,T/T,T/T,19,APOE,GENE WITH PROTEIN PRODUCT,19:44908684,rs429358,SCREENING 1,2013-08-23,-5
01-716-1308,SNV,Single Nucleotide Variation,GENOTYPE,C/C,C/C,C/C,19,APOE,GENE WITH PROTEIN PRODUCT,19:44908822,rs7412,SCREENING 1,2013-08-23,-5
01-716-1308,SNV,Single Nucleotide Variation,GENOTYPE,T/G,T/T,T/T,19,ABCA7,GENE WITH PROTEIN PRODUCT,19:1046521,rs3764650,SCREENING 1,2013-08-23,-5
01-716-1308,SNV,Single Nucleotide Variation,GENOTYPE,A/G,A/A,A/A,2,BIN1,GENE WITH PROTEIN PRODUCT,2:127137039,rs744373,SCREENING 1,2013-08-23,-5
01-716-1308,SNV,Single Nucleotide Variation,GENOTYPE,C/C,T/T,T/T,8,CLU,GENE WITH PROTEIN PRODUCT,8:27607002,rs11136000,SCREENING 1,2013-08-23,-5
01-716-1308,SNV,Single Nucleotide Variation,GENOTYPE,A/A,A/A,A/A,1,CR1,GENE WITH PROTEIN PRODUCT,1:207518704,rs6656401,SCREENING 1,2013-08-23,-5
01-716-1308,SNV,Single Nucleotide Variation,GENOTYPE,T/T,T/T,T/T,7,EPHA1,GENE WITH PROTEIN PRODUCT,7:143412046,rs11767557,SCREENING 1,2013-08-23,-5
01-716-1308,SNV,Single Nucleotide Variation,GENOTYPE,T/T,T/T,T/T,11,MS4A6A,GENE WITH PROTEIN PRODUCT,11:60171834,rs610932,SCREENING 1,2013-08-23,-5
01-716-1308,SNV,Single Nucleotide Variation,GENOTYPE,T/T,T/T,T/T,11,PICALM,GENE WITH PROTEIN PRODUCT,11:86157598,rs3851179,SCREENING 1,2013-08-23,-5
01-716-1308,SNV,Single Nucleotide Variation,GENOTYPE,T/T,T/T,T/T,11,SORL1,GENE WITH PROTEIN PRODUCT,11:121564878,rs11218343,SCREENING 1,2013-08-23,-5
01-716-1308,SNV,Single Nucleotide Variation,GENOTYPE,C/C,C/C,C/C,6,TREM2,GENE WITH PROTEIN PRODUCT,6:41161514,rs75932628,SCREENING 1,2013-08-23,-5
01-716-1308,SNV,Single Nucleotide Variation,GENOTYPE,C/C,C/C,C/C,19,CD33,GENE WITH PROTEIN PRODUCT,19:51224706,rs3865444,SCREENING 1,2013-08-23,-5
01-716-1311,SNV,Single Nucleotide Variation,GENOTYPE,T/T,T/T,T/T,19,APOE,GENE WITH PROTEIN PRODUCT,19:44908684,rs429358,SCREENING 1,2014-05-08,-6
01-716-1311,SNV,Single Nucleotide Variation,GENOTYPE,C/C,C/C,C/C,19,APOE,GENE WITH PROTEIN PRODUCT,19:44908822,rs7412,SCREENING 1,2014-05-08,-6
01-716-1311,SNV,Single Nucleotide Variation,GENOTYPE,T/T,T/T,T/T,19,ABCA7,GENE WITH PROTEIN PRODUCT,19:1046521,rs3764650,SCREENING 1,2014-05-08,-6
01-716-1311,SNV,Single Nucleotide Variation,GENOTYPE,A/G,A/A,A/A,2,BIN1,GENE WITH PROTEIN PRODUCT,2:127137039,rs744373,SCREENING 1,2014-05-08,-6
01-716-1311,SNV,Single Nucleotide Variation,GENOTYPE,T/T,T/T,T/T,8,CLU,GENE WITH PROTEIN PRODUCT,8:27607002,rs11136000,SCREENING 1,2014-05-08,-6
01-716-1311,SNV,Single Nucleotide Variation,GENOTYPE,A/A,A/A,A/A,1,CR1,GENE WITH PROTEIN PRODUCT,1:207518704,rs6656401,SCREENING 1,2014-05-08,-6
01-716-1311,SNV,Single Nucleotide Variation,GENOTYPE,T/T,T/T,T/T,7,EPHA1,GENE WITH PROTEIN PRODUCT,7:143412046,rs11767557,SCREENING 1,2014-05-08,-6
01-716-1311,SNV,Single Nucleotide Variation,GENOTYPE,T/T,T/T,T/T,11,MS4A6A,GENE WITH PROTEIN PRODUCT,11:60171834,rs610932,SCREENING 1,2014-05-08,-6
01-716-1311,SNV,Single Nucleotide Variation,GENOTYPE,T/T,T/T,T/T,11,PICALM,GENE WITH PROTEIN PRODUCT,11:86157598,rs3851179,SCREENING 1,2014-05-08,-6
01-716-1311,SNV,Single Nucleotide Variation,GENOTYPE,T/T,T/T,T/T,11,SORL1,GENE WITH PROTEIN PRODUCT,11:121564878,rs11218343,SCREENING 1,2014-05-08,-6
01-716-1311,SNV,Single Nucleotide Variation,GENOTYPE,C/C,C/C,C/C,6,TREM2,GENE WITH PROTEIN PRODUCT,6:41161514,rs75932628,SCREENING 1,2014-05-08,-6
01-716-1311,SNV,Single Nucleotide Variation,GENOTYPE,C/A,C/C,C/C,19,CD33,GENE WITH PROTEIN PRODUCT,19:51224706,rs3865444,SCREENING 1,2014-05-08,-6
01-716-1364,SNV,Single Nucleotide Variation,GENOTYPE,C/C,T/T,T/T,19,APOE,GENE WITH PROTEIN PRODUCT,19:44908684,rs429358,SCREENING 1,2013-06-27,-7
01-716-1364,SNV,Single Nucleotide Variation,GENOTYPE,C/C,C/C,C/C,19,APOE,GENE WITH PROTEIN PRODUCT,19:44908822,rs7412,SCREENING 1,2013-06-27,-7
01-716-1364,SNV,Single Nucleotide Variation,GENOTYPE,T/T,T/T,T/T,19,ABCA7,GENE WITH PROTEIN PRODUCT,19:1046521,rs3764650,SCREENING 1,2013-06-27,-7
01-716-1364,SNV,Single Nucleotide Variation,GENOTYPE,A/A,A/A,A/A,2,BIN1,GENE WITH PROTEIN PRODUCT,2:127137039,rs744373,SCREENING 1,2013-06-27,-7
01-716-1364,SNV,Single Nucleotide Variation,GENOTYPE,T/C,T/T,T/T,8,CLU,GENE WITH PROTEIN PRODUCT,8:27607002,rs11136000,SCREENING 1,2013-06-27,-7
01-716-1364,SNV,Single Nucleotide Variation,GENOTYPE,A/A,A/A,A/A,1,CR1,GENE WITH PROTEIN PRODUCT,1:207518704,rs6656401,SCREENING 1,2013-06-27,-7
01-716-1364,SNV,Single Nucleotide Variation,GENOTYPE,T/T,T/T,T/T,7,EPHA1,GENE WITH PROTEIN PRODUCT,7:143412046,rs11767557,SCREENING 1,2013-06-27,-7
01-716-1364,SNV,Single Nucleotide Variation,GENOTYPE,T/C,T/T,T/T,11,MS4A6A,GENE WITH PROTEIN PRODUCT,11:60171834,rs610932,SCREENING 1,2013-06-27,-7
01-716-1364,SNV,Single Nucleotide Variation,GENOTYPE,T/C,T/T,T/T,11,PICALM,GENE WITH PROTEIN PRODUCT,11:86157598,rs3851179,SCREENING 1,2013-06-27,-7
01-716-1364,SNV,Single Nucleotide Variation,GENOTYPE,T/T,T/T,T/T,11,SORL1,GENE WITH PROTEIN PRODUCT,11:121564878,rs11218343,SCREENING 1,2013-06-27,-7
01-716-1364,SNV,Single Nucleotide Variation,GENOTYPE,C/T,C/C,C/C,6,TREM2,GENE WITH PROTEIN PRODUCT,6:41161514,rs75932628,SCREENING 1,2013-06-27,-7
01-716-1364,SNV,Single Nucleotide Variation,GENOTYPE,C/C,C/C,C/C,19,CD33,GENE WITH PROTEIN PRODUCT,19:51224706,rs3865444,SCREENING 1,2013-06-27,-7
01-716-1373,SNV,Single Nucleotide Variation,GENOTYPE,T/T,T/T,T/T,19,APOE,GENE WITH PROTEIN PRODUCT,19:44908684,rs429358,SCREENING 1,2012-11-24,-20
01-716-1373,SNV,Single Nucleotide Variation,GENOTYPE,C/C,C/C,C/C,19,APOE,GENE WITH PROTEIN PRODUCT,19:44908822,rs7412,SCREENING 1,2012-11-24,-20
01-716-1373,SNV,Single Nucleotide Variation,GENOTYPE,T/T,T/T,T/T,19,ABCA7,GENE WITH PROTEIN PRODUCT,19:1046521,rs3764650,SCREENING 1,2012-11-24,-20
01-716-1373,SNV,Single Nucleotide Variation,GENOTYPE,A/G,A/A,A/A,2,BIN1,GENE WITH PROTEIN PRODUCT,2:127137039,rs744373,SCREENING 1,2012-11-24,-20
01-716-1373,SNV,Single Nucleotide Variation,GENOTYPE,T/T,T/T,T/T,8,CLU,GENE WITH PROTEIN PRODUCT,8:27607002,rs11136000,SCREENING 1,2012-11-24,-20
01-716-1373,SNV,Single Nucleotide Variation,GENOTYPE,A/G,A/A,A/A,1,CR1,GENE WITH PROTEIN PRODUCT,1:207518704,rs6656401,SCREENING 1,2012-11-24,-20
01-716-1373,SNV,Single Nucleotide Variation,GENOTYPE,T/T,T/T,T/T,7,EPHA1,GENE WITH PROTEIN PRODUCT,7:143412046,rs11767557,SCREENING 1,2012-11-24,-20
01-716-1373,SNV,Single Nucleotide Variation,GENOTYPE,T/T,T/T,T/T,11,MS4A6A,GENE WITH PROTEIN PRODUCT,11:60171834,rs610932,SCREENING 1,2012-11-24,-20
01-716-1373,SNV,Single Nucleotide Variation,GENOTYPE,T/T,T/T,T/T,11,PICALM,GENE WITH PROTEIN PRODUCT,11:86157598,rs3851179,SCREENING 1,2012-11-24,-20
01-716-1373,SNV,Single Nucleotide Variation,GENOTYPE,T/T,T/T,T/T,11,SORL1,GENE WITH PROTEIN PRODUCT,11:121564878,rs11218343,SCREENING 1,2012-11-24,-20
01-716-1373,SNV,Single Nucleotide Variation,GENOTYPE,C/C,C/C,C/C,6,TREM2,GENE WITH PROTEIN PRODUCT,6:41161514,rs75932628,SCREENING 1,2012-11-24,-20
01-716-1373,SNV,Single Nucleotide Variation,GENOTYPE,C/C,C/C,C/C,19,CD33,GENE WITH PROTEIN PRODUCT,19:51224706,rs3865444,SCREENING 1,2012-11-24,-20
01-716-1418,SNV,Single Nucleotide Variation,GENOTYPE,T/T,T/T,T/T,19,APOE,GENE WITH PROTEIN PRODUCT,19:44908684,rs429358,SCREENING 1,2013-04-27,-8
01-716-1418,SNV,Single Nucleotide Variation,GENOTYPE,C/C,C/C,C/C,19,APOE,GENE WITH PROTEIN PRODUCT,19:44908822,rs7412,SCREENING 1,2013-04-27,-8
01-716-1418,SNV,Single Nucleotide Variation,GENOTYPE,T/T,T/T,T/T,19,ABCA7,GENE WITH PROTEIN PRODUCT,19:1046521,rs3764650,SCREENING 1,2013-04-27,-8
01-716-1418,SNV,Single Nucleotide Variation,GENOTYPE,A/A,A/A,A/A,2,BIN1,GENE WITH PROTEIN PRODUCT,2:127137039,rs744373,SCREENING 1,2013-04-27,-8
01-716-1418,SNV,Single Nucleotide Variation,GENOTYPE,T/T,T/T,T/T,8,CLU,GENE WITH PROTEIN PRODUCT,8:27607002,rs11136000,SCREENING 1,2013-04-27,-8
01-716-1418,SNV,Single Nucleotide Variation,GENOTYPE,A/A,A/A,A/A,1,CR1,GENE WITH PROTEIN PRODUCT,1:207518704,rs6656401,SCREENING 1,2013-04-27,-8
01-716-1418,SNV,Single Nucleotide Variation,GENOTYPE,T/T,T/T,T/T,7,EPHA1,GENE WITH PROTEIN PRODUCT,7:143412046,rs11767557,SCREENING 1,2013-04-27,-8
01-716-1418,SNV,Single Nucleotide Variation,GENOTYPE,T/T,T/T,T/T,11,MS4A6A,GENE WITH PROTEIN PRODUCT,11:60171834,rs610932,SCREENING 1,2013-04-27,-8
01-716-1418,SNV,Single Nucleotide Variation,GENOTYPE,T/C,T/T,T/T,11,PICALM,GENE WITH PROTEIN PRODUCT,11:86157598,rs3851179,SCREENING 1,2013-04-27,-8
01-716-1418,SNV,Single Nucleotide Variation,GENOTYPE,T/C,T/T,T/T,11,SORL1,GENE WITH PROTEIN PRODUCT,11:121564878,rs11218343,SCREENING 1,2013-04-27,-8
01-716-1418,SNV,Single Nucleotide Variation,GENOTYPE,C/C,C/C,C/C,6,TREM2,GENE WITH PROTEIN PRODUCT,6:41161514,rs75932628,SCREENING 1,2013-04-27,-8
01-716-1418,SNV,Single Nucleotide Variation,GENOTYPE,C/C,C/C,C/C,19,CD33,GENE WITH PROTEIN PRODUCT,19:51224706,rs3865444,SCREENING 1,2013-04-27,-8
01-716-1441,SNV,Single Nucleotide Variation,GENOTYPE,T/T,T/T,T/T,19,APOE,GENE WITH PROTEIN PRODUCT,19:44908684,rs429358,SCREENING 1,2014-01-13,-9
01-716-1441,SNV,Single Nucleotide Variation,GENOTYPE,C/C,C/C,C/C,19,APOE,GENE WITH PROTEIN PRODUCT,19:44908822,rs7412,SCREENING 1,2014-01-13,-9
01-716-1441,SNV,Single Nucleotide Variation,GENOTYPE,T/T,T/T,T/T,19,ABCA7,GENE WITH PROTEIN PRODUCT,19:1046521,rs3764650,SCREENING 1,2014-01-13,-9
01-716-1441,SNV,Single Nucleotide Variation,GENOTYPE,A/G,A/A,A/A,2,BIN1,GENE WITH PROTEIN PRODUCT,2:127137039,rs744373,SCREENING 1,2014-01-13,-9
01-716-1441,SNV,Single Nucleotide Variation,GENOTYPE,T/C,T/T,T/T,8,CLU,GENE WITH PROTEIN PRODUCT,8:27607002,rs11136000,SCREENING 1,2014-01-13,-9
01-716-1441,SNV,Single Nucleotide Variation,GENOTYPE,A/A,A/A,A/A,1,CR1,GENE WITH PROTEIN PRODUCT,1:207518704,rs6656401,SCREENING 1,2014-01-13,-9
01-716-1441,SNV,Single Nucleotide Variation,GENOTYPE,T/C,T/T,T/T,7,EPHA1,GENE WITH PROTEIN PRODUCT,7:143412046,rs11767557,SCREENING 1,2014-01-13,-9
01-716-1441,SNV,Single Nucleotide Variation,GENOTYPE,T/T,T/T,T/T,11,MS4A6A,GENE WITH PROTEIN PRODUCT,11:60171834,rs610932,SCREENING 1,2014-01-13,-9
01-716-1441,SNV,Single Nucleotide Variation,GENOTYPE,T/T,T/T,T/T,11,PICALM,GENE WITH PROTEIN PRODUCT,11:86157598,rs3851179,SCREENING 1,2014-01-13,-9
01-716-1441,SNV,Single Nucleotide Variation,GENOTYPE,T/C,T/T,T/T,11,SORL1,GENE WITH PROTEIN PRODUCT,11:121564878,rs11218343,SCREENING 1,2014-01-13,-9
01-716-1441,SNV,Single Nucleotide Variation,GENOTYPE,C/C,C/C,C/C,6,TREM2,GENE WITH PROTEIN PRODUCT,6:41161514,rs75932628,SCREENING 1,2014-01-13,-9
01-716-1441,SNV,Single Nucleotide Variation,GENOTYPE,C/A,C/C,C/C,19,CD33,GENE WITH PROTEIN PRODUCT,19:51224706,rs3865444,SCREENING 1,2014-01-13,-9
01-716-1447,SNV,Single Nucleotide Variation,GENOTYPE,T/T,T/T,T/T,19,APOE,GENE WITH PROTEIN PRODUCT,19:44908684,rs429358,SCREENING 1,2013-12-10,-6
01-716-1447,SNV,Single Nucleotide Variation,GENOTYPE,C/T,C/C,C/C,19,APOE,GENE WITH PROTEIN PRODUCT,19:44908822,rs7412,SCREENING 1,2013-12-10,-6
01-716-1447,SNV,Single Nucleotide Variation,GENOTYPE,T/T,T/T,T/T,19,ABCA7,GENE WITH PROTEIN PRODUCT,19:1046521,rs3764650,SCREENING 1,2013-12-10,-6
01-716-1447,SNV,Single Nucleotide Variation,GENOTYPE,A/G,A/A,A/A,2,BIN1,GENE WITH PROTEIN PRODUCT,2:127137039,rs744373,SCREENING 1,2013-12-10,-6
01-716-1447,SNV,Single Nucleotide Variation,GENOTYPE,T/C,T/T,T/T,8,CLU,GENE WITH PROTEIN PRODUCT,8:27607002,rs11136000,SCREENING 1,2013-12-10,-6
01-716-1447,SNV,Single Nucleotide Variation,GENOTYPE,A/A,A/A,A/A,1,CR1,GENE WITH PROTEIN PRODUCT,1:207518704,rs6656401,SCREENING 1,2013-12-10,-6
01-716-1447,SNV,Single Nucleotide Variation,GENOTYPE,T/T,T/T,T/T,7,EPHA1,GENE WITH PROTEIN PRODUCT,7:143412046,rs11767557,SCREENING 1,2013-12-10,-6
01-716-1447,SNV,Single Nucleotide Variation,GENOTYPE,T/C,T/T,T/T,11,MS4A6A,GENE WITH PROTEIN PRODUCT,11:60171834,rs610932,SCREENING 1,2013-12-10,-6
01-716-1447,SNV,Single Nucleotide Variation,GENOTYPE,T/T,T/T,T/T,11,PICALM,GENE WITH PROTEIN PRODUCT,11:86157598,rs3851179,SCREENING 1,2013-12-10,-6
01-716-1447,SNV,Single Nucleotide Variation,GENOTYPE,T/T,T/T,T/T,11,SORL1,GENE WITH PROTEIN PRODUCT,11:121564878,rs11218343,SCREENING 1,2013-12-10,-6
01-716-1447,SNV,Single Nucleotide Variation,GENOTYPE,C/C,C/C,C/C,6,TREM2,GENE WITH PROTEIN PRODUCT,6:41161514,rs75932628,SCREENING 1,2013-12-10,-6
01-716-1447,SNV,Single Nucleotide Variation,GENOTYPE,C/A,C/C,C/C,19,CD33,GENE WITH PROTEIN PRODUCT,19:51224706,rs3865444,SCREENING 1,2013-12-10,-6
01-717-1004,SNV,Single Nucleotide Variation,GENOTYPE,T/T,T/T,T/T,19,APOE,GENE WITH PROTEIN PRODUCT,19:44908684,rs429358,SCREENING 1,2014-01-01,-13
01-717-1004,SNV,Single Nucleotide Variation,GENOTYPE,C/C,C/C,C/C,19,APOE,GENE WITH PROTEIN PRODUCT,19:44908822,rs7412,SCREENING 1,2014-01-01,-13
01-717-1004,SNV,Single Nucleotide Variation,GENOTYPE,T/T,T/T,T/T,19,ABCA7,GENE WITH PROTEIN PRODUCT,19:1046521,rs3764650,SCREENING 1,2014-01-01,-13
01-717-1004,SNV,Single Nucleotide Variation,GENOTYPE,A/A,A/A,A/A,2,BIN1,GENE WITH PROTEIN PRODUCT,2:127137039,rs744373,SCREENING 1,2014-01-01,-13
01-717-1004,SNV,Single Nucleotide Variation,GENOTYPE,T/C,T/T,T/T,8,CLU,GENE WITH PROTEIN PRODUCT,8:27607002,rs11136000,SCREENING 1,2014-01-01,-13
01-717-1004,SNV,Single Nucleotide Variation,GENOTYPE,A/A,A/A,A/A,1,CR1,GENE WITH PROTEIN PRODUCT,1:207518704,rs6656401,SCREENING 1,2014-01-01,-13
01-717-1004,SNV,Single Nucleotide Variation,GENOTYPE,T/C,T/T,T/T,7,EPHA1,GENE WITH PROTEIN PRODUCT,7:143412046,rs11767557,SCREENING 1,2014-01-01,-13
01-717-1004,SNV,Single Nucleotide Variation,GENOTYPE,T/C,T/T,T/T,11,MS4A6A,GENE WITH PROTEIN PRODUCT,11:60171834,rs610932,SCREENING 1,2014-01-01,-13
01-717-1004,SNV,Single Nucleotide Variation,GENOTYPE,T/C,T/T,T/T,11,PICALM,GENE WITH PROTEIN PRODUCT,11:86157598,rs3851179,SCREENING 1,2014-01-01,-13
01-717-1004,SNV,Single Nucleotide Variation,GENOTYPE,T/T,T/T,T/T,11,SORL1,GENE WITH PROTEIN PRODUCT,11:121564878,rs11218343,SCREENING 1,2014-01-01,-13
01-717-1004,SNV,Single Nucleotide Variation,GENOTYPE,C/C,C/C,C/C,6,TREM2,GENE WITH PROTEIN PRODUCT,6:41161514,rs75932628,SCREENING 1,2014-01-01,-13
01-717-1004,SNV,Single Nucleotide Variation,GENOTYPE,C/C,C/C,C/C,19,CD33,GENE WITH PROTEIN PRODUCT,19:51224706,rs3865444,SCREENING 1,2014-01-01,-13
01-717-1109,SNV,Single Nucleotide Variation,GENOTYPE,T/C,T/T,T/T,19,APOE,GENE WITH PROTEIN PRODUCT,19:44908684,rs429358,SCREENING 1,2014-01-20,-7
01-717-1109,SNV,Single Nucleotide Variation,GENOTYPE,C/C,C/C,C/C,19,APOE,GENE WITH PROTEIN PRODUCT,19:44908822,rs7412,SCREENING 1,2014-01-20,-7
01-717-1109,SNV,Single Nucleotide Variation,GENOTYPE,T/T,T/T,T/T,19,ABCA7,GENE WITH PROTEIN PRODUCT,19:1046521,rs3764650,SCREENING 1,2014-01-20,-7
01-717-1109,SNV,Single Nucleotide Variation,GENOTYPE,A/G,A/A,A/A,2,BIN1,GENE WITH PROTEIN PRODUCT,2:127137039,rs744373,SCREENING 1,2014-01-20,-7
01-717-1109,SNV,Single Nucleotide Variation,GENOTYPE,T/C,T/T,T/T,8,CLU,GENE WITH PROTEIN PRODUCT,8:27607002,rs11136000,SCREENING 1,2014-01-20,-7
01-717-1109,SNV,Single Nucleotide Variation,GENOTYPE,A/A,A/A,A/A,1,CR1,GENE WITH PROTEIN PRODUCT,1:207518704,rs6656401,SCREENING 1,2014-01-20,-7
01-717-1109,SNV,Single Nucleotide Variation,GENOTYPE,T/C,T/T,T/T,7,EPHA1,GENE WITH PROTEIN PRODUCT,7:143412046,rs11767557,SCREENING 1,2014-01-20,-7
01-717-1109,SNV,Single Nucleotide Variation,GENOTYPE,T/C,T/T,T/T,11,MS4A6A,GENE WITH PROTEIN PRODUCT,11:60171834,rs610932,SCREENING 1,2014-01-20,-7
01-717-1109,SNV,Single Nucleotide Variation,GENOTYPE,T/C,T/T,T/T,11,PICALM,GENE WITH PROTEIN PRODUCT,11:86157598,rs3851179,SCREENING 1,2014-01-20,-7
01-717-1109,SNV,Single Nucleotide Variation,GENOTYPE,T/T,T/T,T/T,11,SORL1,GENE WITH PROTEIN PRODUCT,11:121564878,rs11218343,SCREENING 1,2014-01-20,-7
01-717-1109,SNV,Single Nucleotide Variation,GENOTYPE,C/C,C/C,C/C,6,TREM2,GENE WITH PROTEIN PRODUCT,6:41161514,rs75932628,SCREENING 1,2014-01-20,-7
01-717-1109,SNV,Single Nucleotide Variation,GENOTYPE,C/A,C/C,C/C,19,CD33,GENE WITH PROTEIN PRODUCT,19:51224706,rs3865444,SCREENING 1,2014-01-20,-7
01-717-1174,SNV,Single Nucleotide Variation,GENOTYPE,T/C,T/T,T/T,19,APOE,GENE WITH PROTEIN PRODUCT,19:44908684,rs429358,SCREENING 1,2013-01-16,-6
01-717-1174,SNV,Single Nucleotide Variation,GENOTYPE,C/C,C/C,C/C,19,APOE,GENE WITH PROTEIN PRODUCT,19:44908822,rs7412,SCREENING 1,2013-01-16,-6
01-717-1174,SNV,Single Nucleotide Variation,GENOTYPE,T/G,T/T,T/T,19,ABCA7,GENE WITH PROTEIN PRODUCT,19:1046521,rs3764650,SCREENING 1,2013-01-16,-6
01-717-1174,SNV,Single Nucleotide Variation,GENOTYPE,A/A,A/A,A/A,2,BIN1,GENE WITH PROTEIN PRODUCT,2:127137039,rs744373,SCREENING 1,2013-01-16,-6
01-717-1174,SNV,Single Nucleotide Variation,GENOTYPE,T/C,T/T,T/T,8,CLU,GENE WITH PROTEIN PRODUCT,8:27607002,rs11136000,SCREENING 1,2013-01-16,-6
01-717-1174,SNV,Single Nucleotide Variation,GENOTYPE,A/A,A/A,A/A,1,CR1,GENE WITH PROTEIN PRODUCT,1:207518704,rs6656401,SCREENING 1,2013-01-16,-6
01-717-1174,SNV,Single Nucleotide Variation,GENOTYPE,T/C,T/T,T/T,7,EPHA1,GENE WITH PROTEIN PRODUCT,7:143412046,rs11767557,SCREENING 1,2013-01-16,-6
01-717-1174,SNV,Single Nucleotide Variation,GENOTYPE,C/C,T/T,T/T,11,MS4A6A,GENE WITH PROTEIN PRODUCT,11:60171834,rs610932,SCREENING 1,2013-01-16,-6
01-717-1174,SNV,Single Nucleotide Variation,GENOTYPE,T/T,T/T,T/T,11,PICALM,GENE WITH PROTEIN PRODUCT,11:86157598,rs3851179,SCREENING 1,2013-01-16,-6
01-717-1174,SNV,Single Nucleotide Variation,GENOTYPE,T/T,T/T,T/T,11,SORL1,GENE WITH PROTEIN PRODUCT,11:121564878,rs11218343,SCREENING 1,2013-01-16,-6
01-717-1174,SNV,Single Nucleotide Variation,GENOTYPE,C/C,C/C,C/C,6,TREM2,GENE WITH PROTEIN PRODUCT,6:41161514,rs75932628,SCREENING 1,2013-01-16,-6
01-717-1174,SNV,Single Nucleotide Variation,GENOTYPE,C/C,C/C,C/C,19,CD33,GENE WITH PROTEIN PRODUCT,19:51224706,rs3865444,SCREENING 1,2013-01-16,-6
01-717-1201,SNV,Single Nucleotide Variation,GENOTYPE,T/C,T/T,T/T,19,APOE,GENE WITH PROTEIN PRODUCT,19:44908684,rs429358,SCREENING 1,2013-12-12,-7
01-717-1201,SNV,Single Nucleotide Variation,GENOTYPE,C/C,C/C,C/C,19,APOE,GENE WITH PROTEIN PRODUCT,19:44908822,rs7412,SCREENING 1,2013-12-12,-7
01-717-1201,SNV,Single Nucleotide Variation,GENOTYPE,T/G,T/T,T/T,19,ABCA7,GENE WITH PROTEIN PRODUCT,19:1046521,rs3764650,SCREENING 1,2013-12-12,-7
01-717-1201,SNV,Single Nucleotide Variation,GENOTYPE,A/G,A/A,A/A,2,BIN1,GENE WITH PROTEIN PRODUCT,2:127137039,rs744373,SCREENING 1,2013-12-12,-7
01-717-1201,SNV,Single Nucleotide Variation,GENOTYPE,T/T,T/T,T/T,8,CLU,GENE WITH PROTEIN PRODUCT,8:27607002,rs11136000,SCREENING 1,2013-12-12,-7
01-717-1201,SNV,Single Nucleotide Variation,GENOTYPE,A/A,A/A,A/A,1,CR1,GENE WITH PROTEIN PRODUCT,1:207518704,rs6656401,SCREENING 1,2013-12-12,-7
01-717-1201,SNV,Single Nucleotide Variation,GENOTYPE,T/T,T/T,T/T,7,EPHA1,GENE WITH PROTEIN PRODUCT,7:143412046,rs11767557,SCREENING 1,2013-12-12,-7
01-717-1201,SNV,Single Nucleotide Variation,GENOTYPE,T/C,T/T,T/T,11,MS4A6A,GENE WITH PROTEIN PRODUCT,11:60171834,rs610932,SCREENING 1,2013-12-12,-7
01-717-1201,SNV,Single Nucleotide Variation,GENOTYPE,T/T,T/T,T/T,11,PICALM,GENE WITH PROTEIN PRODUCT,11:86157598,rs3851179,SCREENING 1,2013-12-12,-7
01-717-1201,SNV,Single Nucleotide Variation,GENOTYPE,T/T,T/T,T/T,11,SORL1,GENE WITH PROTEIN PRODUCT,11:121564878,rs11218343,SCREENING 1,2013-12-12,-7
01-717-1201,SNV,Single Nucleotide Variation,GENOTYPE,C/C,C/C,C/C,6,TREM2,GENE WITH PROTEIN PRODUCT,6:41161514,rs75932628,SCREENING 1,2013-12-12,-7
01-717-1201,SNV,Single Nucleotide Variation,GENOTYPE,C/A,C/C,C/C,19,CD33,GENE WITH PROTEIN PRODUCT,19:51224706,rs3865444,SCREENING 1,2013-12-12,-7
01-717-1344,SNV,Single Nucleotide Variation,GENOTYPE,T/T,T/T,T/T,19,APOE,GENE WITH PROTEIN PRODUCT,19:44908684,rs429358,SCREENING 1,2014-01-01,-10
01-717-1344,SNV,Single Nucleotide Variation,GENOTYPE,C/C,C/C,C/C,19,APOE,GENE WITH PROTEIN PRODUCT,19:44908822,rs7412,SCREENING 1,2014-01-01,-10
01-717-1344,SNV,Single Nucleotide Variation,GENOTYPE,T/T,T/T,T/T,19,ABCA7,GENE WITH PROTEIN PRODUCT,19:1046521,rs3764650,SCREENING 1,2014-01-01,-10
01-717-1344,SNV,Single Nucleotide Variation,GENOTYPE,G/G,A/A,A/A,2,BIN1,GENE WITH PROTEIN PRODUCT,2:127137039,rs744373,SCREENING 1,2014-01-01,-10
01-717-1344,SNV,Single Nucleotide Variation,GENOTYPE,T/C,T/T,T/T,8,CLU,GENE WITH PROTEIN PRODUCT,8:27607002,rs11136000,SCREENING 1,2014-01-01,-10
01-717-1344,SNV,Single Nucleotide Variation,GENOTYPE,A/A,A/A,A/A,1,CR1,GENE WITH PROTEIN PRODUCT,1:207518704,rs6656401,SCREENING 1,2014-01-01,-10
01-717-1344,SNV,Single Nucleotide Variation,GENOTYPE,T/T,T/T,T/T,7,EPHA1,GENE WITH PROTEIN PRODUCT,7:143412046,rs11767557,SCREENING 1,2014-01-01,-10
01-717-1344,SNV,Single Nucleotide Variation,GENOTYPE,C/C,T/T,T/T,11,MS4A6A,GENE WITH PROTEIN PRODUCT,11:60171834,rs610932,SCREENING 1,2014-01-01,-10
01-717-1344,SNV,Single Nucleotide Variation,GENOTYPE,T/C,T/T,T/T,11,PICALM,GENE WITH PROTEIN PRODUCT,11:86157598,rs3851179,SCREENING 1,2014-01-01,-10
01-717-1344,SNV,Single Nucleotide Variation,GENOTYPE,T/T,T/T,T/T,11,SORL1,GENE WITH PROTEIN PRODUCT,11:121564878,rs11218343,SCREENING 1,2014-01-01,-10
01-717-1344,SNV,Single Nucleotide Variation,GENOTYPE,C/C,C/C,C/C,6,TREM2,GENE WITH PROTEIN PRODUCT,6:41161514,rs75932628,SCREENING 1,2014-01-01,-10
01-717-1344,SNV,Single Nucleotide Variation,GENOTYPE,C/C,C/C,C/C,19,CD33,GENE WITH PROTEIN PRODUCT,19:51224706,rs3865444,SCREENING 1,2014-01-01,-10
01-717-1357,SNV,Single Nucleotide Variation,GENOTYPE,T/C,T/T,T/T,19,APOE,GENE WITH PROTEIN PRODUCT,19:44908684,rs429358,SCREENING 1,2013-04-21,-10
01-717-1357,SNV,Single Nucleotide Variation,GENOTYPE,C/C,C/C,C/C,19,APOE,GENE WITH PROTEIN PRODUCT,19:44908822,rs7412,SCREENING 1,2013-04-21,-10
01-717-1357,SNV,Single Nucleotide Variation,GENOTYPE,T/T,T/T,T/T,19,ABCA7,GENE WITH PROTEIN PRODUCT,19:1046521,rs3764650,SCREENING 1,2013-04-21,-10
01-717-1357,SNV,Single Nucleotide Variation,GENOTYPE,A/G,A/A,A/A,2,BIN1,GENE WITH PROTEIN PRODUCT,2:127137039,rs744373,SCREENING 1,2013-04-21,-10
01-717-1357,SNV,Single Nucleotide Variation,GENOTYPE,T/T,T/T,T/T,8,CLU,GENE WITH PROTEIN PRODUCT,8:27607002,rs11136000,SCREENING 1,2013-04-21,-10
01-717-1357,SNV,Single Nucleotide Variation,GENOTYPE,A/A,A/A,A/A,1,CR1,GENE WITH PROTEIN PRODUCT,1:207518704,rs6656401,SCREENING 1,2013-04-21,-10
01-717-1357,SNV,Single Nucleotide Variation,GENOTYPE,T/T,T/T,T/T,7,EPHA1,GENE WITH PROTEIN PRODUCT,7:143412046,rs11767557,SCREENING 1,2013-04-21,-10
01-717-1357,SNV,Single Nucleotide Variation,GENOTYPE,T/T,T/T,T/T,11,MS4A6A,GENE WITH PROTEIN PRODUCT,11:60171834,rs610932,SCREENING 1,2013-04-21,-10
01-717-1357,SNV,Single Nucleotide Variation,GENOTYPE,T/T,T/T,T/T,11,PICALM,GENE WITH PROTEIN PRODUCT,11:86157598,rs3851179,SCREENING 1,2013-04-21,-10
01-717-1357,SNV,Single Nucleotide Variation,GENOTYPE,T/T,T/T,T/T,11,SORL1,GENE WITH PROTEIN PRODUCT,11:121564878,rs11218343,SCREENING 1,2013-04-21,-10
01-717-1357,SNV,Single Nucleotide Variation,GENOTYPE,C/C,C/C,C/C,6,TREM2,GENE WITH PROTEIN PRODUCT,6:41161514,rs75932628,SCREENING 1,2013-04-21,-10
01-717-1357,SNV,Single Nucleotide Variation,GENOTYPE,C/C,C/C,C/C,19,CD33,GENE WITH PROTEIN PRODUCT,19:51224706,rs3865444,SCREENING 1,2013-04-21,-10
01-717-1446,SNV,Single Nucleotide Variation,GENOTYPE,T/C,T/T,T/T,19,APOE,GENE WITH PROTEIN PRODUCT,19:44908684,rs429358,SCREENING 1,2013-08-20,-12
01-717-1446,SNV,Single Nucleotide Variation,GENOTYPE,C/C,C/C,C/C,19,APOE,GENE WITH PROTEIN PRODUCT,19:44908822,rs7412,SCREENING 1,2013-08-20,-12
01-717-1446,SNV,Single Nucleotide Variation,GENOTYPE,T/T,T/T,T/T,19,ABCA7,GENE WITH PROTEIN PRODUCT,19:1046521,rs3764650,SCREENING 1,2013-08-20,-12
01-717-1446,SNV,Single Nucleotide Variation,GENOTYPE,A/A,A/A,A/A,2,BIN1,GENE WITH PROTEIN PRODUCT,2:127137039,rs744373,SCREENING 1,2013-08-20,-12
01-717-1446,SNV,Single Nucleotide Variation,GENOTYPE,C/C,T/T,T/T,8,CLU,GENE WITH PROTEIN PRODUCT,8:27607002,rs11136000,SCREENING 1,2013-08-20,-12
01-717-1446,SNV,Single Nucleotide Variation,GENOTYPE,A/A,A/A,A/A,1,CR1,GENE WITH PROTEIN PRODUCT,1:207518704,rs6656401,SCREENING 1,2013-08-20,-12
01-717-1446,SNV,Single Nucleotide Variation,GENOTYPE,T/T,T/T,T/T,7,EPHA1,GENE WITH PROTEIN PRODUCT,7:143412046,rs11767557,SCREENING 1,2013-08-20,-12
01-717-1446,SNV,Single Nucleotide Variation,GENOTYPE,T/T,T/T,T/T,11,MS4A6A,GENE WITH PROTEIN PRODUCT,11:60171834,rs610932,SCREENING 1,2013-08-20,-12
01-717-1446,SNV,Single Nucleotide Variation,GENOTYPE,T/C,T/T,T/T,11,PICALM,GENE WITH PROTEIN PRODUCT,11:86157598,rs3851179,SCREENING 1,2013-08-20,-12
01-717-1446,SNV,Single Nucleotide Variation,GENOTYPE,T/C,T/T,T/T,11,SORL1,GENE WITH PROTEIN PRODUCT,11:121564878,rs11218343,SCREENING 1,2013-08-20,-12
01-717-1446,SNV,Single Nucleotide Variation,GENOTYPE,C/T,C/C,C/C,6,TREM2,GENE WITH PROTEIN PRODUCT,6:41161514,rs75932628,SCREENING 1,2013-08-20,-12
01-717-1446,SNV,Single Nucleotide Variation,GENOTYPE,C/C,C/C,C/C,19,CD33,GENE WITH PROTEIN PRODUCT,19:51224706,rs3865444,SCREENING 1,2013-08-20,-12
01-718-1066,SNV,Single Nucleotide Variation,GENOTYPE,T/T,T/T,T/T,19,APOE,GENE WITH PROTEIN PRODUCT,19:44908684,rs429358,SCREENING 1,2013-06-28,-9
01-718-1066,SNV,Single Nucleotide Variation,GENOTYPE,C/C,C/C,C/C,19,APOE,GENE WITH PROTEIN PRODUCT,19:44908822,rs7412,SCREENING 1,2013-06-28,-9
01-718-1066,SNV,Single Nucleotide Variation,GENOTYPE,T/T,T/T,T/T,19,ABCA7,GENE WITH PROTEIN PRODUCT,19:1046521,rs3764650,SCREENING 1,2013-06-28,-9
01-718-1066,SNV,Single Nucleotide Variation,GENOTYPE,A/A,A/A,A/A,2,BIN1,GENE WITH PROTEIN PRODUCT,2:127137039,rs744373,SCREENING 1,2013-06-28,-9
01-718-1066,SNV,Single Nucleotide Variation,GENOTYPE,T/T,T/T,T/T,8,CLU,GENE WITH PROTEIN PRODUCT,8:27607002,rs11136000,SCREENING 1,2013-06-28,-9
01-718-1066,SNV,Single Nucleotide Variation,GENOTYPE,A/G,A/A,A/A,1,CR1,GENE WITH PROTEIN PRODUCT,1:207518704,rs6656401,SCREENING 1,2013-06-28,-9
01-718-1066,SNV,Single Nucleotide Variation,GENOTYPE,T/C,T/T,T/T,7,EPHA1,GENE WITH PROTEIN PRODUCT,7:143412046,rs11767557,SCREENING 1,2013-06-28,-9
01-718-1066,SNV,Single Nucleotide Variation,GENOTYPE,T/C,T/T,T/T,11,MS4A6A,GENE WITH PROTEIN PRODUCT,11:60171834,rs610932,SCREENING 1,2013-06-28,-9
01-718-1066,SNV,Single Nucleotide Variation,GENOTYPE,T/T,T/T,T/T,11,PICALM,GENE WITH PROTEIN PRODUCT,11:86157598,rs3851179,SCREENING 1,2013-06-28,-9
01-718-1066,SNV,Single Nucleotide Variation,GENOTYPE,T/T,T/T,T/T,11,SORL1,GENE WITH PROTEIN PRODUCT,11:121564878,rs11218343,SCREENING 1,2013-06-28,-9
01-718-1066,SNV,Single Nucleotide Variation,GENOTYPE,C/C,C/C,C/C,6,TREM2,GENE WITH PROTEIN PRODUCT,6:41161514,rs75932628,SCREENING 1,2013-06-28,-9
01-718-1066,SNV,Single Nucleotide Variation,GENOTYPE,C/A,C/C,C/C,19,CD33,GENE WITH PROTEIN PRODUCT,19:51224706,rs3865444,SCREENING 1,2013-06-28,-9
01-718-1079,SNV,Single Nucleotide Variation,GENOTYPE,T/T,T/T,T/T,19,APOE,GENE WITH PROTEIN PRODUCT,19:44908684,rs429358,SCREENING 1,2012-09-11,-8
01-718-1079,SNV,Single Nucleotide Variation,GENOTYPE,C/T,C/C,C/C,19,APOE,GENE WITH PROTEIN PRODUCT,19:44908822,rs7412,SCREENING 1,2012-09-11,-8
01-718-1079,SNV,Single Nucleotide Variation,GENOTYPE,T/T,T/T,T/T,19,ABCA7,GENE WITH PROTEIN PRODUCT,19:1046521,rs3764650,SCREENING 1,2012-09-11,-8
01-718-1079,SNV,Single Nucleotide Variation,GENOTYPE,G/G,A/A,A/A,2,BIN1,GENE WITH PROTEIN PRODUCT,2:127137039,rs744373,SCREENING 1,2012-09-11,-8
01-718-1079,SNV,Single Nucleotide Variation,GENOTYPE,T/T,T/T,T/T,8,CLU,GENE WITH PROTEIN PRODUCT,8:27607002,rs11136000,SCREENING 1,2012-09-11,-8
01-718-1079,SNV,Single Nucleotide Variation,GENOTYPE,A/A,A/A,A/A,1,CR1,GENE WITH PROTEIN PRODUCT,1:207518704,rs6656401,SCREENING 1,2012-09-11,-8
01-718-1079,SNV,Single Nucleotide Variation,GENOTYPE,T/C,T/T,T/T,7,EPHA1,GENE WITH PROTEIN PRODUCT,7:143412046,rs11767557,SCREENING 1,2012-09-11,-8
01-718-1079,SNV,Single Nucleotide Variation,GENOTYPE,T/T,T/T,T/T,11,MS4A6A,GENE WITH PROTEIN PRODUCT,11:60171834,rs610932,SCREENING 1,2012-09-11,-8
01-718-1079,SNV,Single Nucleotide Variation,GENOTYPE,T/C,T/T,T/T,11,PICALM,GENE WITH PROTEIN PRODUCT,11:86157598,rs3851179,SCREENING 1,2012-09-11,-8
01-718-1079,SNV,Single Nucleotide Variation,GENOTYPE,T/T,T/T,T/T,11,SORL1,GENE WITH PROTEIN PRODUCT,11:121564878,rs11218343,SCREENING 1,2012-09-11,-8
01-718-1079,SNV,Single Nucleotide Variation,GENOTYPE,C/C,C/C,C/C,6,TREM2,GENE WITH PROTEIN PRODUCT,6:41161514,rs75932628,SCREENING 1,2012-09-11,-8
01-718-1079,SNV,Single Nucleotide Variation,GENOTYPE,C/C,C/C,C/C,19,CD33,GENE WITH PROTEIN PRODUCT,19:51224706,rs3865444,SCREENING 1,2012-09-11,-8
01-718-1101,SNV,Single Nucleotide Variation,GENOTYPE,T/T,T/T,T/T,19,APOE,GENE WITH PROTEIN PRODUCT,19:44908684,rs429358,SCREENING 1,2013-02-01,-16
01-718-1101,SNV,Single Nucleotide Variation,GENOTYPE,C/C,C/C,C/C,19,APOE,GENE WITH PROTEIN PRODUCT,19:44908822,rs7412,SCREENING 1,2013-02-01,-16
01-718-1101,SNV,Single Nucleotide Variation,GENOTYPE,T/G,T/T,T/T,19,ABCA7,GENE WITH PROTEIN PRODUCT,19:1046521,rs3764650,SCREENING 1,2013-02-01,-16
01-718-1101,SNV,Single Nucleotide Variation,GENOTYPE,A/A,A/A,A/A,2,BIN1,GENE WITH PROTEIN PRODUCT,2:127137039,rs744373,SCREENING 1,2013-02-01,-16
01-718-1101,SNV,Single Nucleotide Variation,GENOTYPE,C/C,T/T,T/T,8,CLU,GENE WITH PROTEIN PRODUCT,8:27607002,rs11136000,SCREENING 1,2013-02-01,-16
01-718-1101,SNV,Single Nucleotide Variation,GENOTYPE,A/A,A/A,A/A,1,CR1,GENE WITH PROTEIN PRODUCT,1:207518704,rs6656401,SCREENING 1,2013-02-01,-16
01-718-1101,SNV,Single Nucleotide Variation,GENOTYPE,C/C,T/T,T/T,7,EPHA1,GENE WITH PROTEIN PRODUCT,7:143412046,rs11767557,SCREENING 1,2013-02-01,-16
01-718-1101,SNV,Single Nucleotide Variation,GENOTYPE,T/C,T/T,T/T,11,MS4A6A,GENE WITH PROTEIN PRODUCT,11:60171834,rs610932,SCREENING 1,2013-02-01,-16
01-718-1101,SNV,Single Nucleotide Variation,GENOTYPE,T/T,T/T,T/T,11,PICALM,GENE WITH PROTEIN PRODUCT,11:86157598,rs3851179,SCREENING 1,2013-02-01,-16
01-718-1101,SNV,Single Nucleotide Variation,GENOTYPE,T/T,T/T,T/T,11,SORL1,GENE WITH PROTEIN PRODUCT,11:121564878,rs11218343,SCREENING 1,2013-02-01,-16
01-718-1101,SNV,Single Nucleotide Variation,GENOTYPE,C/C,C/C,C/C,6,TREM2,GENE WITH PROTEIN PRODUCT,6:41161514,rs75932628,SCREENING 1,2013-02-01,-16
01-718-1101,SNV,Single Nucleotide Variation,GENOTYPE,C/A,C/C,C/C,19,CD33,GENE WITH PROTEIN PRODUCT,19:51224706,rs3865444,SCREENING 1,2013-02-01,-16
01-718-1139,SNV,Single Nucleotide Variation,GENOTYPE,T/T,T/T,T/T,19,APOE,GENE WITH PROTEIN PRODUCT,19:44908684,rs429358,SCREENING 1,2013-05-03,-16
01-718-1139,SNV,Single Nucleotide Variation,GENOTYPE,C/C,C/C,C/C,19,APOE,GENE WITH PROTEIN PRODUCT,19:44908822,rs7412,SCREENING 1,2013-05-03,-16
01-718-1139,SNV,Single Nucleotide Variation,GENOTYPE,T/G,T/T,T/T,19,ABCA7,GENE WITH PROTEIN PRODUCT,19:1046521,rs3764650,SCREENING 1,2013-05-03,-16
01-718-1139,SNV,Single Nucleotide Variation,GENOTYPE,G/G,A/A,A/A,2,BIN1,GENE WITH PROTEIN PRODUCT,2:127137039,rs744373,SCREENING 1,2013-05-03,-16
01-718-1139,SNV,Single Nucleotide Variation,GENOTYPE,T/T,T/T,T/T,8,CLU,GENE WITH PROTEIN PRODUCT,8:27607002,rs11136000,SCREENING 1,2013-05-03,-16
01-718-1139,SNV,Single Nucleotide Variation,GENOTYPE,A/G,A/A,A/A,1,CR1,GENE WITH PROTEIN PRODUCT,1:207518704,rs6656401,SCREENING 1,2013-05-03,-16
01-718-1139,SNV,Single Nucleotide Variation,GENOTYPE,T/T,T/T,T/T,7,EPHA1,GENE WITH PROTEIN PRODUCT,7:143412046,rs11767557,SCREENING 1,2013-05-03,-16
01-718-1139,SNV,Single Nucleotide Variation,GENOTYPE,T/T,T/T,T/T,11,MS4A6A,GENE WITH PROTEIN PRODUCT,11:60171834,rs610932,SCREENING 1,2013-05-03,-16
01-718-1139,SNV,Single Nucleotide Variation,GENOTYPE,T/C,T/T,T/T,11,PICALM,GENE WITH PROTEIN PRODUCT,11:86157598,rs3851179,SCREENING 1,2013-05-03,-16
01-718-1139,SNV,Single Nucleotide Variation,GENOTYPE,T/T,T/T,T/T,11,SORL1,GENE WITH PROTEIN PRODUCT,11:121564878,rs11218343,SCREENING 1,2013-05-03,-16
01-718-1139,SNV,Single Nucleotide Variation,GENOTYPE,C/C,C/C,C/C,6,TREM2,GENE WITH PROTEIN PRODUCT,6:41161514,rs75932628,SCREENING 1,2013-05-03,-16
01-718-1139,SNV,Single Nucleotide Variation,GENOTYPE,C/A,C/C,C/C,19,CD33,GENE WITH PROTEIN PRODUCT,19:51224706,rs3865444,SCREENING 1,2013-05-03,-16
01-718-1150,SNV,Single Nucleotide Variation,GENOTYPE,T/C,T/T,T/T,19,APOE,GENE WITH PROTEIN PRODUCT,19:44908684,rs429358,SCREENING 1,2013-01-12,-7
01-718-1150,SNV,Single Nucleotide Variation,GENOTYPE,C/C,C/C,C/C,19,APOE,GENE WITH PROTEIN PRODUCT,19:44908822,rs7412,SCREENING 1,2013-01-12,-7
01-718-1150,SNV,Single Nucleotide Variation,GENOTYPE,T/T,T/T,T/T,19,ABCA7,GENE WITH PROTEIN PRODUCT,19:1046521,rs3764650,SCREENING 1,2013-01-12,-7
01-718-1150,SNV,Single Nucleotide Variation,GENOTYPE,A/G,A/A,A/A,2,BIN1,GENE WITH PROTEIN PRODUCT,2:127137039,rs744373,SCREENING 1,2013-01-12,-7
01-718-1150,SNV,Single Nucleotide Variation,GENOTYPE,T/T,T/T,T/T,8,CLU,GENE WITH PROTEIN PRODUCT,8:27607002,rs11136000,SCREENING 1,2013-01-12,-7
01-718-1150,SNV,Single Nucleotide Variation,GENOTYPE,A/G,A/A,A/A,1,CR1,GENE WITH PROTEIN PRODUCT,1:207518704,rs6656401,SCREENING 1,2013-01-12,-7
01-718-1150,SNV,Single Nucleotide Variation,GENOTYPE,T/T,T/T,T/T,7,EPHA1,GENE WITH PROTEIN PRODUCT,7:143412046,rs11767557,SCREENING 1,2013-01-12,-7
01-718-1150,SNV,Single Nucleotide Variation,GENOTYPE,T/C,T/T,T/T,11,MS4A6A,GENE WITH PROTEIN PRODUCT,11:60171834,rs610932,SCREENING 1,2013-01-12,-7
01-718-1150,SNV,Single Nucleotide Variation,GENOTYPE,C/C,T/T,T/T,11,PICALM,GENE WITH PROTEIN PRODUCT,11:86157598,rs3851179,SCREENING 1,2013-01-12,-7
01-718-1150,SNV,Single Nucleotide Variation,GENOTYPE,T/T,T/T,T/T,11,SORL1,GENE WITH PROTEIN PRODUCT,11:121564878,rs11218343,SCREENING 1,2013-01-12,-7
01-718-1150,SNV,Single Nucleotide Variation,GENOTYPE,C/C,C/C,C/C,6,TREM2,GENE WITH PROTEIN PRODUCT,6:41161514,rs75932628,SCREENING 1,2013-01-12,-7
01-718-1150,SNV,Single Nucleotide Variation,GENOTYPE,C/A,C/C,C/C,19,CD33,GENE WITH PROTEIN PRODUCT,19:51224706,rs3865444,SCREENING 1,2013-01-12,-7
01-718-1170,SNV,Single Nucleotide Variation,GENOTYPE,T/C,T/T,T/T,19,APOE,GENE WITH PROTEIN PRODUCT,19:44908684,rs429358,SCREENING 1,2013-08-25,-22
01-718-1170,SNV,Single Nucleotide Variation,GENOTYPE,C/C,C/C,C/C,19,APOE,GENE WITH PROTEIN PRODUCT,19:44908822,rs7412,SCREENING 1,2013-08-25,-22
01-718-1170,SNV,Single Nucleotide Variation,GENOTYPE,T/T,T/T,T/T,19,ABCA7,GENE WITH PROTEIN PRODUCT,19:1046521,rs3764650,SCREENING 1,2013-08-25,-22
01-718-1170,SNV,Single Nucleotide Variation,GENOTYPE,A/G,A/A,A/A,2,BIN1,GENE WITH PROTEIN PRODUCT,2:127137039,rs744373,SCREENING 1,2013-08-25,-22
01-718-1170,SNV,Single Nucleotide Variation,GENOTYPE,T/C,T/T,T/T,8,CLU,GENE WITH PROTEIN PRODUCT,8:27607002,rs11136000,SCREENING 1,2013-08-25,-22
01-718-1170,SNV,Single Nucleotide Variation,GENOTYPE,A/A,A/A,A/A,1,CR1,GENE WITH PROTEIN PRODUCT,1:207518704,rs6656401,SCREENING 1,2013-08-25,-22
01-718-1170,SNV,Single Nucleotide Variation,GENOTYPE,T/T,T/T,T/T,7,EPHA1,GENE WITH PROTEIN PRODUCT,7:143412046,rs11767557,SCREENING 1,2013-08-25,-22
01-718-1170,SNV,Single Nucleotide Variation,GENOTYPE,T/T,T/T,T/T,11,MS4A6A,GENE WITH PROTEIN PRODUCT,11:60171834,rs610932,SCREENING 1,2013-08-25,-22
01-718-1170,SNV,Single Nucleotide Variation,GENOTYPE,T/T,T/T,T/T,11,PICALM,GENE WITH PROTEIN PRODUCT,11:86157598,rs3851179,SCREENING 1,2013-08-25,-22
01-718-1170,SNV,Single Nucleotide Variation,GENOTYPE,T/T,T/T,T/T,11,SORL1,GENE WITH PROTEIN PRODUCT,11:121564878,rs11218343,SCREENING 1,2013-08-25,-22
01-718-1170,SNV,Single Nucleotide Variation,GENOTYPE,C/C,C/C,C/C,6,TREM2,GENE WITH PROTEIN PRODUCT,6:41161514,rs75932628,SCREENING 1,2013-08-25,-22
01-718-1170,SNV,Single Nucleotide Variation,GENOTYPE,C/C,C/C,C/C,19,CD33,GENE WITH PROTEIN PRODUCT,19:51224706,rs3865444,SCREENING 1,2013-08-25,-22
01-718-1172,SNV,Single Nucleotide Variation,GENOTYPE,T/T,T/T,T/T,19,APOE,GENE WITH PROTEIN PRODUCT,19:44908684,rs429358,SCREENING 1,2013-09-15,-6
01-718-1172,SNV,Single Nucleotide Variation,GENOTYPE,C/C,C/C,C/C,19,APOE,GENE WITH PROTEIN PRODUCT,19:44908822,rs7412,SCREENING 1,2013-09-15,-6
01-718-1172,SNV,Single Nucleotide Variation,GENOTYPE,T/T,T/T,T/T,19,ABCA7,GENE WITH PROTEIN PRODUCT,19:1046521,rs3764650,SCREENING 1,2013-09-15,-6
01-718-1172,SNV,Single Nucleotide Variation,GENOTYPE,A/G,A/A,A/A,2,BIN1,GENE WITH PROTEIN PRODUCT,2:127137039,rs744373,SCREENING 1,2013-09-15,-6
01-718-1172,SNV,Single Nucleotide Variation,GENOTYPE,C/C,T/T,T/T,8,CLU,GENE WITH PROTEIN PRODUCT,8:27607002,rs11136000,SCREENING 1,2013-09-15,-6
01-718-1172,SNV,Single Nucleotide Variation,GENOTYPE,A/A,A/A,A/A,1,CR1,GENE WITH PROTEIN PRODUCT,1:207518704,rs6656401,SCREENING 1,2013-09-15,-6
01-718-1172,SNV,Single Nucleotide Variation,GENOTYPE,T/T,T/T,T/T,7,EPHA1,GENE WITH PROTEIN PRODUCT,7:143412046,rs11767557,SCREENING 1,2013-09-15,-6
01-718-1172,SNV,Single Nucleotide Variation,GENOTYPE,T/T,T/T,T/T,11,MS4A6A,GENE WITH PROTEIN PRODUCT,11:60171834,rs610932,SCREENING 1,2013-09-15,-6
01-718-1172,SNV,Single Nucleotide Variation,GENOTYPE,T/C,T/T,T/T,11,PICALM,GENE WITH PROTEIN PRODUCT,11:86157598,rs3851179,SCREENING 1,2013-09-15,-6
01-718-1172,SNV,Single Nucleotide Variation,GENOTYPE,T/T,T/T,T/T,11,SORL1,GENE WITH PROTEIN PRODUCT,11:121564878,rs11218343,SCREENING 1,2013-09-15,-6
01-718-1172,SNV,Single Nucleotide Variation,GENOTYPE,C/T,C/C,C/C,6,TREM2,GENE WITH PROTEIN PRODUCT,6:41161514,rs75932628,SCREENING 1,2013-09-15,-6
01-718-1172,SNV,Single Nucleotide Variation,GENOTYPE,C/A,C/C,C/C,19,CD33,GENE WITH PROTEIN PRODUCT,19:51224706,rs3865444,SCREENING 1,2013-09-15,-6
01-718-1250,SNV,Single Nucleotide Variation,GENOTYPE,T/C,T/T,T/T,19,APOE,GENE WITH PROTEIN PRODUCT,19:44908684,rs429358,SCREENING 1,2013-08-21,-31
01-718-1250,SNV,Single Nucleotide Variation,GENOTYPE,C/C,C/C,C/C,19,APOE,GENE WITH PROTEIN PRODUCT,19:44908822,rs7412,SCREENING 1,2013-08-21,-31
01-718-1250,SNV,Single Nucleotide Variation,GENOTYPE,T/T,T/T,T/T,19,ABCA7,GENE WITH PROTEIN PRODUCT,19:1046521,rs3764650,SCREENING 1,2013-08-21,-31
01-718-1250,SNV,Single Nucleotide Variation,GENOTYPE,A/G,A/A,A/A,2,BIN1,GENE WITH PROTEIN PRODUCT,2:127137039,rs744373,SCREENING 1,2013-08-21,-31
01-718-1250,SNV,Single Nucleotide Variation,GENOTYPE,T/C,T/T,T/T,8,CLU,GENE WITH PROTEIN PRODUCT,8:27607002,rs11136000,SCREENING 1,2013-08-21,-31
01-718-1250,SNV,Single Nucleotide Variation,GENOTYPE,A/G,A/A,A/A,1,CR1,GENE WITH PROTEIN PRODUCT,1:207518704,rs6656401,SCREENING 1,2013-08-21,-31
01-718-1250,SNV,Single Nucleotide Variation,GENOTYPE,T/C,T/T,T/T,7,EPHA1,GENE WITH PROTEIN PRODUCT,7:143412046,rs11767557,SCREENING 1,2013-08-21,-31
01-718-1250,SNV,Single Nucleotide Variation,GENOTYPE,T/C,T/T,T/T,11,MS4A6A,GENE WITH PROTEIN PRODUCT,11:60171834,rs610932,SCREENING 1,2013-08-21,-31
01-718-1250,SNV,Single Nucleotide Variation,GENOTYPE,T/C,T/T,T/T,11,PICALM,GENE WITH PROTEIN PRODUCT,11:86157598,rs3851179,SCREENING 1,2013-08-21,-31
01-718-1250,SNV,Single Nucleotide Variation,GENOTYPE,T/T,T/T,T/T,11,SORL1,GENE WITH PROTEIN PRODUCT,11:121564878,rs11218343,SCREENING 1,2013-08-21,-31
01-718-1250,SNV,Single Nucleotide Variation,GENOTYPE,C/C,C/C,C/C,6,TREM2,GENE WITH PROTEIN PRODUCT,6:41161514,rs75932628,SCREENING 1,2013-08-21,-31
01-718-1250,SNV,Single Nucleotide Variation,GENOTYPE,C/A,C/C,C/C,19,CD33,GENE WITH PROTEIN PRODUCT,19:51224706,rs3865444,SCREENING 1,2013-08-21,-31
01-718-1254,SNV,Single Nucleotide Variation,GENOTYPE,T/T,T/T,T/T,19,APOE,GENE WITH PROTEIN PRODUCT,19:44908684,rs429358,SCREENING 1,2013-06-28,-12
01-718-1254,SNV,Single Nucleotide Variation,GENOTYPE,C/C,C/C,C/C,19,APOE,GENE WITH PROTEIN PRODUCT,19:44908822,rs7412,SCREENING 1,2013-06-28,-12
01-718-1254,SNV,Single Nucleotide Variation,GENOTYPE,T/T,T/T,T/T,19,ABCA7,GENE WITH PROTEIN PRODUCT,19:1046521,rs3764650,SCREENING 1,2013-06-28,-12
01-718-1254,SNV,Single Nucleotide Variation,GENOTYPE,A/G,A/A,A/A,2,BIN1,GENE WITH PROTEIN PRODUCT,2:127137039,rs744373,SCREENING 1,2013-06-28,-12
01-718-1254,SNV,Single Nucleotide Variation,GENOTYPE,T/C,T/T,T/T,8,CLU,GENE WITH PROTEIN PRODUCT,8:27607002,rs11136000,SCREENING 1,2013-06-28,-12
01-718-1254,SNV,Single Nucleotide Variation,GENOTYPE,A/G,A/A,A/A,1,CR1,GENE WITH PROTEIN PRODUCT,1:207518704,rs6656401,SCREENING 1,2013-06-28,-12
01-718-1254,SNV,Single Nucleotide Variation,GENOTYPE,T/T,T/T,T/T,7,EPHA1,GENE WITH PROTEIN PRODUCT,7:143412046,rs11767557,SCREENING 1,2013-06-28,-12
01-718-1254,SNV,Single Nucleotide Variation,GENOTYPE,T/T,T/T,T/T,11,MS4A6A,GENE WITH PROTEIN PRODUCT,11:60171834,rs610932,SCREENING 1,2013-06-28,-12
01-718-1254,SNV,Single Nucleotide Variation,GENOTYPE,T/T,T/T,T/T,11,PICALM,GENE WITH PROTEIN PRODUCT,11:86157598,rs3851179,SCREENING 1,2013-06-28,-12
01-718-1254,SNV,Single Nucleotide Variation,GENOTYPE,T/C,T/T,T/T,11,SORL1,GENE WITH PROTEIN PRODUCT,11:121564878,rs11218343,SCREENING 1,2013-06-28,-12
01-718-1254,SNV,Single Nucleotide Variation,GENOTYPE,C/C,C/C,C/C,6,TREM2,GENE WITH PROTEIN PRODUCT,6:41161514,rs75932628,SCREENING 1,2013-06-28,-12
01-718-1254,SNV,Single Nucleotide Variation,GENOTYPE,C/A,C/C,C/C,19,CD33,GENE WITH PROTEIN PRODUCT,19:51224706,rs3865444,SCREENING 1,2013-06-28,-12
01-718-1328,SNV,Single Nucleotide Variation,GENOTYPE,C/C,T/T,T/T,19,APOE,GENE WITH PROTEIN PRODUCT,19:44908684,rs429358,SCREENING 1,2013-01-28,-4
01-718-1328,SNV,Single Nucleotide Variation,GENOTYPE,C/C,C/C,C/C,19,APOE,GENE WITH PROTEIN PRODUCT,19:44908822,rs7412,SCREENING 1,2013-01-28,-4
01-718-1328,SNV,Single Nucleotide Variation,GENOTYPE,T/T,T/T,T/T,19,ABCA7,GENE WITH PROTEIN PRODUCT,19:1046521,rs3764650,SCREENING 1,2013-01-28,-4
01-718-1328,SNV,Single Nucleotide Variation,GENOTYPE,A/G,A/A,A/A,2,BIN1,GENE WITH PROTEIN PRODUCT,2:127137039,rs744373,SCREENING 1,2013-01-28,-4
01-718-1328,SNV,Single Nucleotide Variation,GENOTYPE,T/C,T/T,T/T,8,CLU,GENE WITH PROTEIN PRODUCT,8:27607002,rs11136000,SCREENING 1,2013-01-28,-4
01-718-1328,SNV,Single Nucleotide Variation,GENOTYPE,A/A,A/A,A/A,1,CR1,GENE WITH PROTEIN PRODUCT,1:207518704,rs6656401,SCREENING 1,2013-01-28,-4
01-718-1328,SNV,Single Nucleotide Variation,GENOTYPE,T/T,T/T,T/T,7,EPHA1,GENE WITH PROTEIN PRODUCT,7:143412046,rs11767557,SCREENING 1,2013-01-28,-4
01-718-1328,SNV,Single Nucleotide Variation,GENOTYPE,T/C,T/T,T/T,11,MS4A6A,GENE WITH PROTEIN PRODUCT,11:60171834,rs610932,SCREENING 1,2013-01-28,-4
01-718-1328,SNV,Single Nucleotide Variation,GENOTYPE,T/T,T/T,T/T,11,PICALM,GENE WITH PROTEIN PRODUCT,11:86157598,rs3851179,SCREENING 1,2013-01-28,-4
01-718-1328,SNV,Single Nucleotide Variation,GENOTYPE,T/T,T/T,T/T,11,SORL1,GENE WITH PROTEIN PRODUCT,11:121564878,rs11218343,SCREENING 1,2013-01-28,-4
01-718-1328,SNV,Single Nucleotide Variation,GENOTYPE,C/C,C/C,C/C,6,TREM2,GENE WITH PROTEIN PRODUCT,6:41161514,rs75932628,SCREENING 1,2013-01-28,-4
01-718-1328,SNV,Single Nucleotide Variation,GENOTYPE,C/C,C/C,C/C,19,CD33,GENE WITH PROTEIN PRODUCT,19:51224706,rs3865444,SCREENING 1,2013-01-28,-4
01-718-1355,SNV,Single Nucleotide Variation,GENOTYPE,T/T,T/T,T/T,19,APOE,GENE WITH PROTEIN PRODUCT,19:44908684,rs429358,SCREENING 1,2013-02-12,-16
01-718-1355,SNV,Single Nucleotide Variation,GENOTYPE,C/C,C/C,C/C,19,APOE,GENE WITH PROTEIN PRODUCT,19:44908822,rs7412,SCREENING 1,2013-02-12,-16
01-718-1355,SNV,Single Nucleotide Variation,GENOTYPE,T/T,T/T,T/T,19,ABCA7,GENE WITH PROTEIN PRODUCT,19:1046521,rs3764650,SCREENING 1,2013-02-12,-16
01-718-1355,SNV,Single Nucleotide Variation,GENOTYPE,A/A,A/A,A/A,2,BIN1,GENE WITH PROTEIN PRODUCT,2:127137039,rs744373,SCREENING 1,2013-02-12,-16
01-718-1355,SNV,Single Nucleotide Variation,GENOTYPE,T/C,T/T,T/T,8,CLU,GENE WITH PROTEIN PRODUCT,8:27607002,rs11136000,SCREENING 1,2013-02-12,-16
01-718-1355,SNV,Single Nucleotide Variation,GENOTYPE,A/G,A/A,A/A,1,CR1,GENE WITH PROTEIN PRODUCT,1:207518704,rs6656401,SCREENING 1,2013-02-12,-16
01-718-1355,SNV,Single Nucleotide Variation,GENOTYPE,C/C,T/T,T/T,7,EPHA1,GENE WITH PROTEIN PRODUCT,7:143412046,rs11767557,SCREENING 1,2013-02-12,-16
01-718-1355,SNV,Single Nucleotide Variation,GENOTYPE,C/C,T/T,T/T,11,MS4A6A,GENE WITH PROTEIN PRODUCT,11:60171834,rs610932,SCREENING 1,2013-02-12,-16
01-718-1355,SNV,Single Nucleotide Variation,GENOTYPE,C/C,T/T,T/T,11,PICALM,GENE WITH PROTEIN PRODUCT,11:86157598,rs3851179,SCREENING 1,2013-02-12,-16
01-718-1355,SNV,Single Nucleotide Variation,GENOTYPE,T/T,T/T,T/T,11,SORL1,GENE WITH PROTEIN PRODUCT,11:121564878,rs11218343,SCREENING 1,2013-02-12,-16
01-718-1355,SNV,Single Nucleotide Variation,GENOTYPE,C/C,C/C,C/C,6,TREM2,GENE WITH PROTEIN PRODUCT,6:41161514,rs75932628,SCREENING 1,2013-02-12,-16
01-718-1355,SNV,Single Nucleotide Variation,GENOTYPE,C/A,C/C,C/C,19,CD33,GENE WITH PROTEIN PRODUCT,19:51224706,rs3865444,SCREENING 1,2013-02-12,-16
01-718-1371,SNV,Single Nucleotide Variation,GENOTYPE,T/T,T/T,T/T,19,APOE,GENE WITH PROTEIN PRODUCT,19:44908684,rs429358,SCREENING 1,2013-04-11,-15
01-718-1371,SNV,Single Nucleotide Variation,GENOTYPE,C/T,C/C,C/C,19,APOE,GENE WITH PROTEIN PRODUCT,19:44908822,rs7412,SCREENING 1,2013-04-11,-15
01-718-1371,SNV,Single Nucleotide Variation,GENOTYPE,T/G,T/T,T/T,19,ABCA7,GENE WITH PROTEIN PRODUCT,19:1046521,rs3764650,SCREENING 1,2013-04-11,-15
01-718-1371,SNV,Single Nucleotide Variation,GENOTYPE,A/G,A/A,A/A,2,BIN1,GENE WITH PROTEIN PRODUCT,2:127137039,rs744373,SCREENING 1,2013-04-11,-15
01-718-1371,SNV,Single Nucleotide Variation,GENOTYPE,T/C,T/T,T/T,8,CLU,GENE WITH PROTEIN PRODUCT,8:27607002,rs11136000,SCREENING 1,2013-04-11,-15
01-718-1371,SNV,Single Nucleotide Variation,GENOTYPE,A/A,A/A,A/A,1,CR1,GENE WITH PROTEIN PRODUCT,1:207518704,rs6656401,SCREENING 1,2013-04-11,-15
01-718-1371,SNV,Single Nucleotide Variation,GENOTYPE,T/C,T/T,T/T,7,EPHA1,GENE WITH PROTEIN PRODUCT,7:143412046,rs11767557,SCREENING 1,2013-04-11,-15
01-718-1371,SNV,Single Nucleotide Variation,GENOTYPE,T/T,T/T,T/T,11,MS4A6A,GENE WITH PROTEIN PRODUCT,11:60171834,rs610932,SCREENING 1,2013-04-11,-15
01-718-1371,SNV,Single Nucleotide Variation,GENOTYPE,T/C,T/T,T/T,11,PICALM,GENE WITH PROTEIN PRODUCT,11:86157598,rs3851179,SCREENING 1,2013-04-11,-15
01-718-1371,SNV,Single Nucleotide Variation,GENOTYPE,T/T,T/T,T/T,11,SORL1,GENE WITH PROTEIN PRODUCT,11:121564878,rs11218343,SCREENING 1,2013-04-11,-15
01-718-1371,SNV,Single Nucleotide Variation,GENOTYPE,C/C,C/C,C/C,6,TREM2,GENE WITH PROTEIN PRODUCT,6:41161514,rs75932628,SCREENING 1,2013-04-11,-15
01-718-1371,SNV,Single Nucleotide Variation,GENOTYPE,C/A,C/C,C/C,19,CD33,GENE WITH PROTEIN PRODUCT,19:51224706,rs3865444,SCREENING 1,2013-04-11,-15
01-718-1427,SNV,Single Nucleotide Variation,GENOTYPE,T/C,T/T,T/T,19,APOE,GENE WITH PROTEIN PRODUCT,19:44908684,rs429358,SCREENING 1,2012-12-13,-4
01-718-1427,SNV,Single Nucleotide Variation,GENOTYPE,C/C,C/C,C/C,19,APOE,GENE WITH PROTEIN PRODUCT,19:44908822,rs7412,SCREENING 1,2012-12-13,-4
01-718-1427,SNV,Single Nucleotide Variation,GENOTYPE,T/T,T/T,T/T,19,ABCA7,GENE WITH PROTEIN PRODUCT,19:1046521,rs3764650,SCREENING 1,2012-12-13,-4
01-718-1427,SNV,Single Nucleotide Variation,GENOTYPE,A/G,A/A,A/A,2,BIN1,GENE WITH PROTEIN PRODUCT,2:127137039,rs744373,SCREENING 1,2012-12-13,-4
01-718-1427,SNV,Single Nucleotide Variation,GENOTYPE,T/C,T/T,T/T,8,CLU,GENE WITH PROTEIN PRODUCT,8:27607002,rs11136000,SCREENING 1,2012-12-13,-4
01-718-1427,SNV,Single Nucleotide Variation,GENOTYPE,A/A,A/A,A/A,1,CR1,GENE WITH PROTEIN PRODUCT,1:207518704,rs6656401,SCREENING 1,2012-12-13,-4
01-718-1427,SNV,Single Nucleotide Variation,GENOTYPE,T/C,T/T,T/T,7,EPHA1,GENE WITH PROTEIN PRODUCT,7:143412046,rs11767557,SCREENING 1,2012-12-13,-4
01-718-1427,SNV,Single Nucleotide Variation,GENOTYPE,T/C,T/T,T/T,11,MS4A6A,GENE WITH PROTEIN PRODUCT,11:60171834,rs610932,SCREENING 1,2012-12-13,-4
01-718-1427,SNV,Single Nucleotide Variation,GENOTYPE,T/T,T/T,T/T,11,PICALM,GENE WITH PROTEIN PRODUCT,11:86157598,rs3851179,SCREENING 1,2012-12-13,-4
01-718-1427,SNV,Single Nucleotide Variation,GENOTYPE,T/T,T/T,T/T,11,SORL1,GENE WITH PROTEIN PRODUCT,11:121564878,rs11218343,SCREENING 1,2012-12-13,-4
01-718-1427,SNV,Single Nucleotide Variation,GENOTYPE,C/C,C/C,C/C,6,TREM2,GENE WITH PROTEIN PRODUCT,6:41161514,rs75932628,SCREENING 1,2012-12-13,-4
01-718-1427,SNV,Single Nucleotide Variation,GENOTYPE,C/A,C/C,C/C,19,CD33,GENE WITH PROTEIN PRODUCT,19:51224706,rs3865444,SCREENING 1,2012-12-13,-4
